id,sales
0.0,13.4627495
31.0,110.661995
59.0,108.137566
12.0,117.3136
13.0,120.19866
14.0,92.5666
15.0,109.25364
16.0,126.24533
17.0,130.835
18.0,133.19681
19.0,139.32664
20.0,141.7578
21.0,113.50281
22.0,124.301575
23.0,126.628586
24.0,135.29169
25.0,134.49544
26.0,139.37094
27.0,143.45375
28.0,112.1378
29.0,126.00391
30.0,130.47565
1.0,137.93193
32.0,137.72415
60.0,145.61801
43.0,128.36179
44.0,130.20137
45.0,133.71751
46.0,132.22218
47.0,138.69153
48.0,160.6852
49.0,120.80916
50.0,133.00905
51.0,130.88834
52.0,139.63057
53.0,140.97893
54.0,155.14879
55.0,159.05324
56.0,119.79689
57.0,134.44238
58.0,134.58476
2.0,147.1578
33.0,151.964
61.0,167.85568
71.0,129.77711
72.0,130.7732
73.0,139.59059
74.0,143.26175
75.0,159.838
76.0,161.226
77.0,119.60843
78.0,132.21767
79.0,130.55989
80.0,139.20433
81.0,140.07312
82.0,154.56158
83.0,158.37187
84.0,120.10252
85.0,134.68408
86.0,135.42809
87.0,142.65067
88.0,140.2677
89.0,156.5415
3.0,177.32372
34.0,124.65202
62.0,138.1116
4.0,140.5523
35.0,140.98936
63.0,150.90164
5.0,156.9602
36.0,173.29817
64.0,182.73222
6.0,187.1372
37.0,133.56772
65.0,147.20424
7.0,128.58655
38.0,132.07562
66.0,137.32784
8.0,148.3574
39.0,155.63895
67.0,113.000595
9.0,110.85716
40.0,122.9913
68.0,126.17775
10.0,136.40147
41.0,141.28484
69.0,154.8933
11.0,135.3406
42.0,144.1575
70.0,102.866135
900.0,36.569023
931.0,112.18986
959.0,112.28489
912.0,119.08618
913.0,121.15026
914.0,95.43125
915.0,115.43275
916.0,125.4478
917.0,129.63019
918.0,132.6628
919.0,138.53102
920.0,140.67905
921.0,113.026
922.0,123.86325
923.0,125.97275
924.0,133.71854
925.0,134.04558
926.0,139.2536
927.0,143.58612
928.0,112.070175
929.0,126.10065
930.0,129.53914
901.0,137.15202
932.0,137.60532
960.0,146.10248
943.0,127.463585
944.0,129.44574
945.0,132.93594
946.0,131.0017
947.0,135.22368
948.0,161.09827
949.0,120.546906
950.0,132.74678
951.0,130.62607
952.0,139.3683
953.0,140.71666
954.0,154.88652
955.0,159.03133
956.0,119.65619
957.0,134.3017
958.0,134.44408
902.0,146.89554
933.0,151.70174
961.0,167.59341
971.0,129.51485
972.0,130.51093
973.0,139.32832
974.0,142.99948
975.0,159.57573
976.0,161.63907
977.0,119.34616
978.0,131.9554
979.0,130.29762
980.0,138.94206
981.0,139.81085
982.0,154.29932
983.0,158.34996
984.0,119.96182
985.0,134.5434
986.0,135.2874
987.0,142.50998
988.0,140.24579
989.0,156.51959
903.0,177.73679
934.0,124.38977
962.0,137.84933
904.0,140.29004
935.0,140.7271
963.0,150.63937
905.0,156.69794
936.0,173.0359
964.0,183.1453
906.0,187.55028
937.0,133.63416
965.0,147.27068
907.0,128.73386
938.0,132.22292
966.0,137.47513
908.0,148.40932
939.0,156.03749
967.0,113.052505
909.0,110.90907
940.0,123.04321
968.0,126.22966
910.0,136.45338
941.0,141.33675
969.0,154.9452
911.0,135.3406
942.0,144.1575
970.0,102.866135
1800.0,21.401365
1831.0,109.240974
1859.0,108.428276
1812.0,115.808334
1813.0,121.47239
1814.0,91.245415
1815.0,110.84339
1816.0,125.12372
1817.0,129.4734
1818.0,132.36226
1819.0,138.54384
1820.0,140.0675
1821.0,112.2475
1822.0,123.51604
1823.0,125.63956
1824.0,133.6922
1825.0,133.66089
1826.0,138.82832
1827.0,142.9191
1828.0,111.65587
1829.0,125.46129
1830.0,129.01964
1801.0,137.22401
1832.0,136.86325
1860.0,144.89838
1843.0,127.11463
1844.0,129.16922
1845.0,132.30327
1846.0,131.19
1847.0,137.86568
1848.0,159.42192
1849.0,119.001495
1850.0,131.20137
1851.0,129.08066
1852.0,137.82289
1853.0,139.62054
1854.0,153.7904
1855.0,157.80428
1856.0,118.56009
1857.0,133.20558
1858.0,133.34796
1802.0,146.78876
1833.0,151.59492
1861.0,167.6171
1871.0,128.69453
1872.0,129.69061
1873.0,138.50801
1874.0,142.17917
1875.0,158.75542
1876.0,160.55374
1877.0,118.226715
1878.0,130.83597
1879.0,129.17819
1880.0,137.82263
1881.0,139.14072
1882.0,153.76949
1883.0,157.6892
1884.0,119.43198
1885.0,134.01357
1886.0,134.75757
1887.0,141.98015
1888.0,139.71596
1889.0,155.98976
1803.0,177.62872
1834.0,124.28166
1862.0,137.87177
1804.0,139.68872
1835.0,140.12578
1863.0,150.16855
1805.0,156.6396
1836.0,172.97757
1864.0,183.21745
1806.0,186.43697
1837.0,132.52084
1865.0,146.28786
1807.0,128.96117
1838.0,131.72078
1866.0,137.35059
1808.0,148.15428
1839.0,155.84041
1867.0,113.55531
1809.0,110.623276
1840.0,122.61241
1868.0,125.92934
1810.0,135.91307
1841.0,141.04353
1869.0,154.78249
1811.0,134.61884
1842.0,143.49368
1870.0,102.77069
2700.0,12.380835
2731.0,109.50184
2759.0,107.53623
2712.0,116.39055
2713.0,118.97048
2714.0,92.17309
2715.0,108.77566
2716.0,125.75981
2717.0,130.00046
2718.0,132.07033
2719.0,138.78403
2720.0,139.92279
2721.0,112.96019
2722.0,123.467026
2723.0,126.08597
2724.0,134.1652
2725.0,133.36896
2726.0,138.82832
2727.0,142.3415
2728.0,111.30324
2729.0,125.16934
2730.0,129.6411
2701.0,137.286
2732.0,137.07825
2760.0,144.89838
2743.0,127.3296
2744.0,129.16922
2745.0,133.12115
2746.0,131.40498
2747.0,137.99106
2748.0,159.48723
2749.0,119.001495
2750.0,131.20137
2751.0,129.08066
2752.0,137.82289
2753.0,139.62054
2754.0,153.7904
2755.0,157.86958
2756.0,118.56009
2757.0,133.20558
2758.0,133.34796
2702.0,146.78876
2733.0,151.59492
2761.0,167.6171
2771.0,128.69453
2772.0,129.69061
2773.0,138.50801
2774.0,142.17917
2775.0,158.75542
2776.0,160.61905
2777.0,118.226715
2778.0,130.83597
2779.0,129.17819
2780.0,137.82263
2781.0,139.14072
2782.0,153.76949
2783.0,157.7545
2784.0,119.43198
2785.0,134.01357
2786.0,134.75757
2787.0,141.98015
2788.0,139.71596
2789.0,155.98976
2703.0,177.69403
2734.0,124.28166
2762.0,137.87177
2704.0,139.68872
2735.0,140.12578
2763.0,150.16855
2705.0,156.6396
2736.0,172.97757
2764.0,183.39337
2706.0,186.61288
2737.0,132.52084
2765.0,146.28786
2707.0,128.96117
2738.0,131.72078
2766.0,137.35059
2708.0,148.15428
2739.0,156.01633
2767.0,113.55531
2709.0,110.623276
2740.0,122.61241
2768.0,125.92934
2710.0,135.91307
2741.0,141.04353
2769.0,154.78249
2711.0,134.61884
2742.0,143.50253
2770.0,102.77069
3600.0,11.388393
3631.0,110.02964
3659.0,107.72527
3612.0,116.56697
3613.0,118.69053
3614.0,91.34031
3615.0,108.706276
3616.0,125.46788
3617.0,130.00046
3618.0,132.07033
3619.0,138.4921
3620.0,139.92279
3621.0,112.66824
3622.0,124.22873
3623.0,126.55571
3624.0,134.1652
3625.0,133.36896
3626.0,138.53639
3627.0,141.91068
3628.0,111.30324
3629.0,125.16934
3630.0,129.6411
3601.0,137.286
3632.0,137.07825
3660.0,144.89838
3643.0,127.3296
3644.0,129.16922
3645.0,132.68533
3646.0,131.40498
3647.0,137.99106
3648.0,159.48723
3649.0,119.001495
3650.0,131.20137
3651.0,129.08066
3652.0,137.82289
3653.0,139.62054
3654.0,153.7904
3655.0,157.86958
3656.0,118.56009
3657.0,133.20558
3658.0,133.34796
3602.0,146.78876
3633.0,151.59492
3661.0,167.6171
3671.0,128.69453
3672.0,129.69061
3673.0,138.50801
3674.0,142.17917
3675.0,158.75542
3676.0,160.61905
3677.0,118.226715
3678.0,130.83597
3679.0,129.17819
3680.0,137.82263
3681.0,139.14072
3682.0,153.76949
3683.0,157.7545
3684.0,119.43198
3685.0,134.01357
3686.0,134.75757
3687.0,141.98015
3688.0,139.71596
3689.0,155.98976
3603.0,177.69403
3634.0,124.28166
3662.0,137.87177
3604.0,139.68872
3635.0,140.12578
3663.0,150.16855
3605.0,156.6396
3636.0,172.97757
3664.0,183.39337
3606.0,186.61288
3637.0,132.52084
3665.0,146.28786
3607.0,128.96117
3638.0,131.72078
3666.0,137.35059
3608.0,148.15428
3639.0,156.01633
3667.0,113.55531
3609.0,110.623276
3640.0,122.61241
3668.0,125.92934
3610.0,135.91307
3641.0,141.04353
3669.0,154.78249
3611.0,134.61884
3642.0,143.50253
3670.0,102.77069
4500.0,34.787674
4531.0,111.72332
4559.0,108.27566
4512.0,119.423615
4513.0,121.90096
4514.0,95.781044
4515.0,114.78657
4516.0,125.01611
4517.0,126.11905
4518.0,131.45943
4519.0,135.7757
4520.0,139.27388
4521.0,112.09451
4522.0,123.30664
4523.0,124.80304
4524.0,133.37717
4525.0,133.45099
4526.0,138.13356
4527.0,141.51434
4528.0,111.22443
4529.0,125.15605
4530.0,128.95673
4501.0,137.24373
4532.0,137.49506
4560.0,145.15341
4543.0,127.41984
4544.0,128.6167
4545.0,131.59862
4546.0,129.524
4547.0,136.07576
4548.0,160.14137
4549.0,119.22157
4550.0,131.42143
4551.0,129.30072
4552.0,137.6688
4553.0,139.46645
4554.0,154.0065
4555.0,158.54524
4556.0,118.78015
4557.0,133.42564
4558.0,133.56802
4502.0,147.01855
4533.0,151.82478
4561.0,167.18344
4571.0,128.9146
4572.0,129.91068
4573.0,138.73056
4574.0,142.40172
4575.0,158.68088
4576.0,160.90071
4577.0,118.44679
4578.0,131.05603
4579.0,129.39825
4580.0,137.66853
4581.0,138.98662
4582.0,153.6131
4583.0,158.05768
4584.0,119.652054
4585.0,134.23363
4586.0,134.97763
4587.0,141.8148
4588.0,139.55061
4589.0,155.81367
4503.0,177.61656
4534.0,124.50174
4562.0,138.09181
4504.0,139.9088
4535.0,140.34583
4563.0,150.39839
4505.0,156.47633
4536.0,172.15079
4564.0,182.19257
4506.0,186.2018
4537.0,132.75684
4565.0,146.52385
4507.0,129.19716
4538.0,131.9829
4566.0,137.6127
4508.0,147.90303
4539.0,155.391
4567.0,113.791306
4509.0,110.85927
4540.0,122.848404
4568.0,126.1653
4510.0,136.17519
4541.0,141.30565
4569.0,154.566
4511.0,134.463
4542.0,142.97263
4570.0,103.20122
5400.0,33.67833
5431.0,113.4034
5459.0,111.45422
5412.0,117.8202
5413.0,124.0485
5414.0,98.98854
5415.0,112.81442
5416.0,124.32515
5417.0,129.0492
5418.0,131.48558
5419.0,137.69096
5420.0,138.48851
5421.0,111.95476
5422.0,124.12854
5423.0,125.435745
5424.0,133.52115
5425.0,133.81828
5426.0,138.37407
5427.0,140.67778
5428.0,110.69914
5429.0,125.71242
5430.0,128.86987
5401.0,137.36374
5432.0,137.21541
5460.0,142.10204
5443.0,127.61991
5444.0,129.54518
5445.0,132.19896
5446.0,129.88446
5447.0,135.19739
5448.0,160.8971
5449.0,120.15561
5450.0,132.35551
5451.0,130.2348
5452.0,138.60287
5453.0,140.38625
5454.0,154.83792
5455.0,159.30096
5456.0,119.76451
5457.0,134.41002
5458.0,134.5524
5402.0,146.10121
5433.0,150.39555
5461.0,165.66583
5471.0,129.32921
5472.0,130.32529
5473.0,139.14517
5474.0,142.80205
5475.0,158.99283
5476.0,161.13696
5477.0,118.86139
5478.0,131.47064
5479.0,129.81287
5480.0,138.08315
5481.0,139.38695
5482.0,153.92505
5483.0,158.29393
5484.0,120.11694
5485.0,134.69853
5486.0,135.44254
5487.0,142.22942
5488.0,139.95094
5489.0,156.01517
5403.0,176.52081
5434.0,123.07387
5462.0,136.66397
5404.0,139.01077
5435.0,138.95023
5463.0,149.00279
5405.0,156.08717
5436.0,171.17567
5464.0,181.14177
5406.0,185.13109
5437.0,131.31033
5465.0,145.07735
5407.0,128.3453
5438.0,130.70926
5466.0,136.38138
5408.0,147.00513
5439.0,153.99559
5467.0,112.51767
5409.0,110.11415
5440.0,121.68149
5468.0,124.99844
5410.0,135.43007
5441.0,140.18105
5469.0,153.35301
5411.0,133.86302
5442.0,142.30194
5470.0,101.85486
6300.0,46.43667
6331.0,112.728035
6359.0,112.93104
6312.0,120.77983
6313.0,121.749084
6314.0,106.00637
6315.0,115.023155
6316.0,123.19552
6317.0,125.077415
6318.0,130.57956
6319.0,134.86803
6320.0,138.00916
6321.0,111.494865
6322.0,120.54631
6323.0,123.73405
6324.0,128.6186
6325.0,131.3932
6326.0,138.5448
6327.0,140.22946
6328.0,109.246826
6329.0,122.87638
6330.0,125.376656
6301.0,135.22377
6332.0,135.91824
6360.0,141.59442
6343.0,126.211426
6344.0,127.994934
6345.0,130.87433
6346.0,129.25569
6347.0,136.10512
6348.0,160.7679
6349.0,118.92523
6350.0,131.12509
6351.0,129.1538
6352.0,137.52185
6353.0,139.72568
6354.0,154.41689
6355.0,159.20976
6356.0,118.4008
6357.0,133.43425
6358.0,133.72601
6302.0,145.52544
6333.0,150.19594
6361.0,165.71204
6371.0,128.7838
6372.0,129.99725
6373.0,138.81714
6374.0,142.85016
6375.0,159.28677
6376.0,161.76074
6377.0,118.384
6378.0,130.9932
6379.0,129.48483
6380.0,137.75511
6381.0,139.47934
6382.0,154.18903
6383.0,158.88774
6384.0,119.44696
6385.0,134.41647
6386.0,135.30989
6387.0,142.08806
6388.0,140.36337
6389.0,156.66711
6303.0,176.65196
6334.0,122.35741
6362.0,135.94748
6304.0,138.29428
6335.0,138.38318
6363.0,148.42702
6305.0,156.03996
6336.0,171.22188
6364.0,181.27292
6306.0,184.88046
6337.0,130.66785
6365.0,144.43486
6307.0,127.85225
6338.0,130.20747
6366.0,136.02638
6308.0,146.05716
6339.0,153.13257
6367.0,110.94406
6309.0,108.52275
6340.0,120.09009
6368.0,123.55647
6310.0,134.29527
6341.0,139.46529
6369.0,152.65668
6311.0,132.89308
6342.0,141.41695
6370.0,100.29709
7200.0,28.775778
7231.0,111.3772
7259.0,111.3647
7212.0,119.87997
7213.0,125.335
7214.0,95.7442
7215.0,113.55318
7216.0,124.62756
7217.0,127.5461
7218.0,129.97386
7219.0,134.76865
7220.0,137.89093
7221.0,111.591995
7222.0,122.803696
7223.0,124.453
7224.0,132.15666
7225.0,132.15132
7226.0,138.18242
7227.0,139.97711
7228.0,111.0576
7229.0,124.81578
7230.0,128.68929
7201.0,136.03929
7232.0,135.392
7260.0,143.95584
7243.0,127.18226
7244.0,128.65767
7245.0,130.90237
7246.0,129.64426
7247.0,134.93158
7248.0,159.79848
7249.0,119.40864
7250.0,130.74696
7251.0,128.54698
7252.0,136.64319
7253.0,139.30609
7254.0,153.91283
7255.0,158.7875
7256.0,119.072136
7257.0,133.24403
7258.0,133.65196
7202.0,145.53041
7233.0,149.7075
7261.0,165.10658
7271.0,128.94128
7272.0,129.92606
7273.0,138.47408
7274.0,142.08412
7275.0,158.31735
7276.0,160.79132
7277.0,118.86738
7278.0,130.61505
7279.0,128.87802
7280.0,136.87643
7281.0,139.05975
7282.0,153.77333
7283.0,158.55385
7284.0,120.11831
7285.0,134.22627
7286.0,135.23582
7287.0,141.74213
7288.0,140.6832
7289.0,156.9025
7203.0,175.98636
7234.0,123.144936
7262.0,135.87352
7204.0,139.0175
7235.0,138.50587
7263.0,148.27785
7205.0,156.32573
7236.0,171.01877
7264.0,180.84535
7206.0,185.33139
7237.0,131.11179
7265.0,144.8788
7207.0,128.70505
7238.0,130.41658
7266.0,136.23549
7208.0,147.16356
7239.0,153.64273
7267.0,111.952644
7209.0,109.728004
7240.0,120.9235
7268.0,124.1612
7210.0,134.35358
7241.0,139.15175
7269.0,152.92442
7211.0,133.47752
7242.0,141.62576
7270.0,100.32473
8100.0,46.95252
8131.0,113.13624
8159.0,112.27956
8112.0,119.33512
8113.0,124.19123
8114.0,104.361984
8115.0,119.37037
8116.0,124.80768
8117.0,125.95093
8118.0,128.53998
8119.0,135.23691
8120.0,137.07954
8121.0,111.48619
8122.0,121.556366
8123.0,123.73274
8124.0,130.48499
8125.0,130.83539
8126.0,136.47256
8127.0,140.77153
8128.0,108.66867
8129.0,124.3251
8130.0,125.55884
8101.0,136.7609
8132.0,135.34772
8160.0,140.65067
8143.0,125.913445
8144.0,126.69399
8145.0,131.25996
8146.0,128.6679
8147.0,133.75496
8148.0,159.71837
8149.0,118.369225
8150.0,129.98549
8151.0,128.60365
8152.0,136.52472
8153.0,139.18784
8154.0,153.7715
8155.0,158.64618
8156.0,118.46409
8157.0,132.86864
8158.0,134.41475
8102.0,145.5508
8133.0,149.33049
8161.0,164.70644
8171.0,127.60694
8172.0,129.35138
8173.0,137.7773
8174.0,141.96858
8175.0,158.17871
8176.0,160.65268
8177.0,117.76945
8178.0,129.79504
8179.0,128.87616
8180.0,136.69946
8181.0,138.88297
8182.0,153.632
8183.0,158.41252
8184.0,119.51026
8185.0,133.8509
8186.0,135.99861
8187.0,142.76633
8188.0,141.41254
8189.0,157.60873
8103.0,175.58621
8134.0,122.10555
8162.0,134.53923
8104.0,138.47273
8135.0,138.12062
8163.0,147.7705
8105.0,156.39406
8136.0,171.06396
8164.0,180.89055
8106.0,185.61008
8137.0,130.6106
8165.0,144.37761
8107.0,129.42377
8138.0,130.35457
8166.0,136.53726
8108.0,147.44225
8139.0,153.92142
8167.0,111.717674
8109.0,110.15168
8140.0,120.68853
8168.0,124.487526
8110.0,135.21645
8141.0,139.6967
8169.0,153.44629
8111.0,133.99939
8142.0,142.14763
8170.0,100.089775
9000.0,41.74437
9031.0,113.91875
9059.0,112.46948
9012.0,119.947716
9013.0,127.53344
9014.0,97.244965
9015.0,113.161896
9016.0,122.88292
9017.0,126.54466
9018.0,128.87526
9019.0,134.9367
9020.0,137.33516
9021.0,109.59564
9022.0,119.82982
9023.0,122.17595
9024.0,130.5064
9025.0,130.7868
9026.0,138.10332
9027.0,139.20227
9028.0,110.62622
9029.0,124.75189
9030.0,127.42993
9001.0,135.09952
9032.0,136.48303
9060.0,141.23047
9043.0,128.47809
9044.0,128.065
9045.0,131.03078
9046.0,130.26753
9047.0,137.13614
9048.0,160.33037
9049.0,118.63114
9050.0,130.32674
9051.0,128.94493
9052.0,136.91974
9053.0,139.58286
9054.0,154.16652
9055.0,159.25818
9056.0,118.726006
9057.0,133.20992
9058.0,134.756
9002.0,147.16972
9033.0,150.94942
9061.0,165.65901
9071.0,129.33414
9072.0,131.07852
9073.0,139.01549
9074.0,142.75261
9075.0,158.96274
9076.0,161.37256
9077.0,118.139244
9078.0,130.24417
9079.0,129.32529
9080.0,137.20233
9081.0,139.38586
9082.0,154.1349
9083.0,159.1324
9084.0,119.328804
9085.0,133.7488
9086.0,135.8965
9087.0,142.71799
9088.0,141.36417
9089.0,157.6962
9003.0,176.56143
9034.0,122.80369
9062.0,135.12932
9004.0,139.41972
9035.0,139.06764
9063.0,148.48131
9005.0,157.46175
9036.0,171.8222
9064.0,181.5089
9006.0,186.5853
9037.0,131.30875
9065.0,144.9677
9007.0,128.64754
9038.0,129.69905
9066.0,135.27776
9008.0,146.27304
9039.0,152.96628
9067.0,110.67057
9009.0,109.10459
9040.0,119.20307
9068.0,122.64518
9010.0,134.38016
9041.0,138.91135
9069.0,152.44868
9011.0,133.29279
9042.0,141.59549
9070.0,99.66839
9900.0,42.059322
9931.0,116.80081
9959.0,113.59743
9912.0,120.16285
9913.0,126.8012
9914.0,96.755905
9915.0,116.14879
9916.0,122.98715
9917.0,128.81639
9918.0,129.69824
9919.0,136.84532
9920.0,138.79605
9921.0,112.58291
9922.0,122.19767
9923.0,124.77238
9924.0,131.33098
9925.0,131.92534
9926.0,139.09212
9927.0,139.43456
9928.0,112.18084
9929.0,125.40772
9930.0,128.71362
9901.0,137.04353
9932.0,136.11252
9960.0,142.1605
9943.0,128.36821
9944.0,130.07072
9945.0,132.95015
9946.0,130.16502
9947.0,136.6204
9948.0,160.96564
9949.0,119.294716
9950.0,130.99033
9951.0,129.60849
9952.0,137.58333
9953.0,140.24644
9954.0,154.80179
9955.0,159.89345
9956.0,119.38958
9957.0,133.87347
9958.0,135.41959
9902.0,148.30136
9933.0,152.08102
9961.0,166.66086
9971.0,129.65205
9972.0,131.39647
9973.0,139.44156
9974.0,143.17871
9975.0,159.598
9976.0,162.00783
9977.0,118.8028
9978.0,130.90776
9979.0,129.98888
9980.0,137.86592
9981.0,140.04942
9982.0,154.77017
9983.0,159.76767
9984.0,119.99238
9985.0,134.41235
9986.0,136.56009
9987.0,143.93562
9988.0,142.58183
9989.0,158.88554
9903.0,176.8792
9934.0,123.29864
9962.0,135.83109
9904.0,139.9147
9935.0,139.56259
9963.0,149.18304
9905.0,158.16348
9936.0,172.39418
9964.0,181.82666
9906.0,187.52672
9937.0,132.63078
9965.0,146.49652
9907.0,128.69182
9938.0,129.74333
9966.0,135.32204
9908.0,147.01262
9939.0,153.34727
9967.0,110.951454
9909.0,109.51145
9940.0,119.60993
9968.0,123.052025
9910.0,134.78703
9941.0,139.31822
9969.0,153.10706
9911.0,134.05186
9942.0,141.99599
9970.0,100.17594
10800.0,52.879604
10831.0,117.02776
10859.0,114.48545
10812.0,121.315994
10813.0,129.66248
10814.0,100.26527
10815.0,120.82925
10816.0,125.909805
10817.0,129.46121
10818.0,131.68163
10819.0,136.72963
10820.0,136.88127
10821.0,110.14188
10822.0,121.77742
10823.0,122.708466
10824.0,129.64206
10825.0,132.26721
10826.0,138.31258
10827.0,139.83275
10828.0,111.87204
10829.0,125.99278
10830.0,128.10583
10801.0,140.5639
10832.0,139.82878
10860.0,144.08945
10843.0,130.11108
10844.0,130.13942
10845.0,132.86589
10846.0,130.94331
10847.0,136.95412
10848.0,161.1848
10849.0,122.09045
10850.0,133.78612
10851.0,130.97359
10852.0,138.81277
10853.0,141.74274
10854.0,155.9369
10855.0,160.04977
10856.0,122.19146
10857.0,136.86702
10858.0,136.69139
10802.0,150.18283
10833.0,153.6766
10861.0,167.89526
10871.0,132.64166
10872.0,132.66867
10873.0,140.56679
10874.0,144.85939
10875.0,160.91751
10876.0,162.28857
10877.0,121.23119
10878.0,133.33618
10879.0,130.9866
10880.0,139.15695
10881.0,141.60733
10882.0,155.96687
10883.0,159.98558
10884.0,122.42695
10885.0,137.03853
10886.0,137.46452
10887.0,144.97949
10888.0,143.8231
10889.0,160.1584
10803.0,177.7107
10834.0,125.42222
10862.0,137.31279
10804.0,143.27786
10835.0,140.62411
10863.0,150.36096
10805.0,160.86096
10836.0,173.19511
10864.0,182.88104
10806.0,191.39214
10837.0,136.80316
10865.0,150.42848
10807.0,134.3192
10838.0,133.58829
10866.0,138.84021
10808.0,148.93924
10839.0,155.33159
10867.0,112.93879
10809.0,113.43328
10840.0,123.80172
10868.0,127.32957
10810.0,138.61888
10841.0,142.3556
10869.0,155.72165
10811.0,136.13126
10842.0,144.33849
10870.0,103.17083
11700.0,35.47626
11731.0,114.19292
11759.0,114.2021
11712.0,124.37352
11713.0,126.74874
11714.0,101.33394
11715.0,116.36799
11716.0,129.03496
11717.0,131.59016
11718.0,134.92508
11719.0,142.61606
11720.0,143.46466
11721.0,114.70346
11722.0,124.87875
11723.0,128.31894
11724.0,134.97527
11725.0,135.10297
11726.0,143.14339
11727.0,145.55975
11728.0,114.11885
11729.0,127.84285
11730.0,130.62976
11701.0,142.208
11732.0,141.35127
11760.0,150.20576
11743.0,132.53255
11744.0,133.03517
11745.0,137.09842
11746.0,134.6562
11747.0,142.26566
11748.0,165.04886
11749.0,126.6706
11750.0,138.3663
11751.0,134.445
11752.0,142.01479
11753.0,144.2593
11754.0,159.1955
11755.0,163.8774
11756.0,126.51432
11757.0,140.6648
11758.0,139.50748
11702.0,153.16191
11733.0,155.53215
11761.0,170.48073
11771.0,135.52
11772.0,134.67897
11773.0,142.50195
11774.0,147.20386
11775.0,164.2636
11776.0,165.86617
11777.0,125.36649
11778.0,137.47151
11779.0,134.25389
11780.0,142.31322
11781.0,144.12193
11782.0,159.22348
11783.0,163.81125
11784.0,126.490166
11785.0,140.57669
11786.0,140.02103
11787.0,146.93813
11788.0,145.65222
11789.0,161.67719
11703.0,179.42973
11734.0,128.03267
11762.0,139.92322
11704.0,145.8838
11735.0,142.48802
11763.0,151.60588
11705.0,162.44893
11736.0,174.95541
11764.0,184.50185
11706.0,192.77182
11737.0,140.16008
11765.0,153.7854
11707.0,136.37585
11738.0,135.62682
11766.0,140.48961
11708.0,150.419
11739.0,156.07495
11767.0,116.21549
11709.0,115.43807
11740.0,125.806526
11768.0,128.46637
11710.0,139.71681
11741.0,143.45572
11769.0,156.82176
11711.0,137.51898
11742.0,144.7194
11770.0,105.43693
12600.0,53.500286
12631.0,117.3134
12659.0,118.31571
12612.0,127.00974
12613.0,125.70024
12614.0,108.87442
12615.0,116.5162
12616.0,129.39883
12617.0,132.49593
12618.0,132.74496
12619.0,142.37122
12620.0,143.80351
12621.0,113.77812
12622.0,126.00411
12623.0,126.49237
12624.0,133.86801
12625.0,135.33115
12626.0,142.24986
12627.0,142.71959
12628.0,114.19264
12629.0,127.713264
12630.0,129.71826
12601.0,145.51434
12632.0,140.6377
12660.0,147.998
12643.0,132.76833
12644.0,133.51863
12645.0,136.37561
12646.0,134.38126
12647.0,143.50232
12648.0,166.17972
12649.0,127.25007
12650.0,138.94574
12651.0,135.02444
12652.0,142.59422
12653.0,144.83873
12654.0,160.37039
12655.0,164.97694
12656.0,127.06246
12657.0,141.21292
12658.0,140.0556
12602.0,153.84798
12633.0,156.21822
12661.0,171.76225
12671.0,136.20607
12672.0,135.2584
12673.0,143.08139
12674.0,147.7833
12675.0,165.43849
12676.0,166.99702
12677.0,125.945946
12678.0,138.05095
12679.0,134.83333
12680.0,142.89265
12681.0,144.70137
12682.0,160.39838
12683.0,164.91077
12684.0,127.03832
12685.0,141.12482
12686.0,140.56915
12687.0,147.48625
12688.0,146.20035
12689.0,162.82077
12603.0,180.66719
12634.0,128.71873
12662.0,140.60928
12604.0,146.67967
12635.0,143.28389
12663.0,152.40175
12605.0,163.26366
12636.0,176.3656
12664.0,185.93571
12606.0,194.20569
12637.0,140.95595
12665.0,154.58127
12607.0,137.17172
12638.0,136.42268
12666.0,141.30434
12608.0,151.23898
12639.0,156.91864
12667.0,117.011375
12609.0,115.99557
12640.0,126.36396
12668.0,129.02386
12610.0,139.91333
12641.0,143.6711
12669.0,157.04239
12611.0,137.65018
12642.0,144.87428
12670.0,105.67806
13500.0,15.9530945
13531.0,110.97599
13559.0,110.26218
13512.0,124.08634
13513.0,126.62111
13514.0,95.17067
13515.0,115.091545
13516.0,130.13899
13517.0,134.74478
13518.0,136.90825
13519.0,145.22888
13520.0,146.01773
13521.0,116.412254
13522.0,126.4608
13523.0,128.67676
13524.0,136.47525
13525.0,136.62054
13526.0,145.3195
13527.0,145.4984
13528.0,114.17258
13529.0,128.10095
13530.0,131.78818
13501.0,142.99841
13532.0,141.29228
13560.0,150.46559
13543.0,132.66873
13544.0,134.12866
13545.0,137.46982
13546.0,136.79408
13547.0,145.45352
13548.0,168.19057
13549.0,129.31728
13550.0,141.3759
13551.0,137.1313
13552.0,144.64142
13553.0,147.22394
13554.0,162.18709
13555.0,167.39893
13556.0,128.85753
13557.0,143.16109
13558.0,141.6804
13502.0,155.27391
13533.0,157.62495
13561.0,172.60054
13571.0,138.48824
13572.0,137.42516
13573.0,144.80133
13574.0,149.42334
13575.0,166.51009
13576.0,168.59435
13577.0,127.62888
13578.0,140.09682
13579.0,136.5559
13580.0,144.55559
13581.0,146.70226
13582.0,161.83081
13583.0,166.94849
13584.0,128.48352
13585.0,142.59625
13586.0,141.71725
13587.0,148.26067
13588.0,148.2901
13589.0,163.77966
13503.0,180.90108
13534.0,129.95338
13562.0,142.24072
13504.0,149.05275
13535.0,145.76454
13563.0,154.64925
13505.0,163.4894
13536.0,176.22919
13564.0,186.39793
13506.0,193.82257
13537.0,139.8395
13565.0,153.8616
13507.0,136.2978
13538.0,134.71416
13566.0,139.53864
13508.0,148.23251
13539.0,155.84242
13567.0,115.69132
13509.0,115.17489
13540.0,126.291756
13568.0,128.95161
13510.0,138.99947
13541.0,142.87097
13569.0,155.99413
13511.0,135.89798
13542.0,145.05234
13570.0,106.08437
14400.0,18.94886
14431.0,111.3096
14459.0,111.67471
14412.0,123.3871
14413.0,127.61338
14414.0,96.333176
14415.0,115.283966
14416.0,130.16133
14417.0,135.06337
14418.0,137.20018
14419.0,145.08742
14420.0,146.30966
14421.0,116.12031
14422.0,126.21786
14423.0,128.43384
14424.0,136.64816
14425.0,137.0903
14426.0,145.02757
14427.0,145.63731
14428.0,113.9976
14429.0,128.27856
14430.0,131.70279
14401.0,143.50061
14432.0,141.29228
14460.0,150.46559
14443.0,132.55676
14444.0,134.12866
14445.0,137.35785
14446.0,136.55748
14447.0,145.45352
14448.0,168.19057
14449.0,129.31728
14450.0,141.3759
14451.0,137.1313
14452.0,144.64142
14453.0,147.22394
14454.0,162.18709
14455.0,167.39893
14456.0,128.85753
14457.0,143.16109
14458.0,141.6804
14402.0,155.27391
14433.0,157.62495
14461.0,172.60054
14471.0,138.48824
14472.0,137.42516
14473.0,144.80133
14474.0,149.42334
14475.0,166.51009
14476.0,168.59435
14477.0,127.62888
14478.0,140.09682
14479.0,136.5559
14480.0,144.55559
14481.0,146.70226
14482.0,161.83081
14483.0,166.94849
14484.0,128.48352
14485.0,142.59625
14486.0,141.71725
14487.0,148.26067
14488.0,148.2901
14489.0,163.77966
14403.0,180.90108
14434.0,129.95338
14462.0,142.24072
14404.0,149.05275
14435.0,145.76454
14463.0,154.64925
14405.0,163.4894
14436.0,176.22919
14464.0,186.39793
14406.0,193.82257
14437.0,139.8395
14465.0,153.8616
14407.0,136.2978
14438.0,134.71416
14466.0,139.53864
14408.0,148.23251
14439.0,155.84242
14467.0,115.69132
14409.0,115.17489
14440.0,126.291756
14468.0,128.95161
14410.0,138.99947
14441.0,142.87097
14469.0,155.99413
14411.0,135.89798
14442.0,145.05234
14470.0,106.08437
15300.0,53.940907
15331.0,123.23515
15359.0,115.501236
15312.0,128.011
15313.0,129.87752
15314.0,101.41669
15315.0,125.69966
15316.0,129.1049
15317.0,132.88893
15318.0,137.25497
15319.0,143.46461
15320.0,145.10567
15321.0,115.26253
15322.0,125.84937
15323.0,126.73605
15324.0,135.70209
15325.0,135.77109
15326.0,143.47076
15327.0,145.31546
15328.0,114.62184
15329.0,128.86644
15330.0,130.1609
15301.0,143.66472
15332.0,142.59639
15360.0,148.26088
15343.0,132.92772
15344.0,133.15662
15345.0,137.5773
15346.0,135.72472
15347.0,144.1748
15348.0,168.17247
15349.0,129.29918
15350.0,141.3578
15351.0,137.11317
15352.0,144.62329
15353.0,147.20581
15354.0,162.16896
15355.0,167.38083
15356.0,128.83943
15357.0,143.14296
15358.0,141.66231
15302.0,155.25581
15333.0,157.60683
15361.0,172.58244
15371.0,138.47014
15372.0,137.40706
15373.0,144.7832
15374.0,149.40524
15375.0,166.49196
15376.0,168.57625
15377.0,127.610756
15378.0,140.07872
15379.0,136.53777
15380.0,144.53746
15381.0,146.68413
15382.0,161.81268
15383.0,166.93039
15384.0,128.4654
15385.0,142.57812
15386.0,141.69916
15387.0,148.24254
15388.0,148.272
15389.0,163.76157
15303.0,180.88295
15334.0,129.93529
15362.0,142.22263
15304.0,149.03465
15335.0,145.74644
15363.0,154.63112
15305.0,163.47127
15336.0,176.21109
15364.0,186.37984
15306.0,193.80444
15337.0,139.82137
15365.0,153.84348
15307.0,136.27968
15338.0,134.69603
15366.0,139.52054
15308.0,148.2144
15339.0,155.82431
15367.0,115.67321
15309.0,115.15678
15340.0,126.27363
15368.0,128.93352
15310.0,138.98137
15341.0,142.85284
15369.0,155.97601
15311.0,135.87987
15342.0,145.03423
15370.0,106.06626
16200.0,23.703426
16231.0,110.89586
16259.0,111.84289
16212.0,125.65776
16213.0,128.05511
16214.0,99.32613
16215.0,114.94155
16216.0,128.71487
16217.0,133.85686
16218.0,135.83495
16219.0,144.5929
16220.0,145.58334
16221.0,114.98824
16222.0,125.85625
16223.0,128.07913
16224.0,135.9201
16225.0,135.77885
16226.0,144.42769
16227.0,144.64134
16228.0,113.24832
16229.0,127.97424
16230.0,130.41327
16201.0,142.51309
16232.0,140.61885
16260.0,149.53
16243.0,132.13199
16244.0,134.05511
16245.0,136.64668
16246.0,135.67984
16247.0,144.6453
16248.0,166.98836
16249.0,126.14414
16250.0,138.44414
16251.0,134.19951
16252.0,141.89264
16253.0,144.65305
16254.0,160.31117
16255.0,166.18826
16256.0,125.684456
16257.0,140.1566
16258.0,138.44743
16202.0,152.75435
16233.0,155.2122
16261.0,169.8636
16271.0,135.31653
16272.0,134.6576
16273.0,142.18544
16274.0,146.98534
16275.0,164.77548
16276.0,167.43784
16277.0,124.50141
16278.0,137.21072
16279.0,133.6698
16280.0,141.85251
16281.0,144.1771
16282.0,160.0006
16283.0,165.78352
16284.0,125.34867
16285.0,139.63002
16286.0,138.52248
16287.0,145.30936
16288.0,145.47806
16289.0,162.06299
16203.0,179.88022
16234.0,127.58871
16262.0,138.7079
16204.0,147.42993
16235.0,143.18573
16263.0,151.29214
16205.0,161.25157
16236.0,173.88382
16264.0,184.33687
16206.0,193.63913
16237.0,139.07701
16265.0,152.20874
16207.0,135.54494
16238.0,132.50195
16266.0,138.2975
16208.0,148.114
16239.0,154.71928
16267.0,114.282646
16209.0,115.08752
16240.0,125.131294
16268.0,127.217964
16210.0,138.6797
16241.0,142.42673
16269.0,155.60667
16211.0,136.21947
16242.0,144.08789
16270.0,104.61292
17100.0,28.781307
17131.0,112.20771
17159.0,111.49642
17112.0,124.38735
17113.0,129.65056
17114.0,99.14661
17115.0,116.01046
17116.0,129.62433
17117.0,133.08421
17118.0,135.83495
17119.0,144.08827
17120.0,144.76328
17121.0,114.98824
17122.0,125.85625
17123.0,128.07913
17124.0,135.9993
17125.0,135.77885
17126.0,144.18933
17127.0,144.6978
17128.0,112.58601
17129.0,127.57796
17130.0,130.50993
17101.0,141.48651
17132.0,140.8572
17160.0,149.55624
17143.0,131.625
17144.0,133.50366
17145.0,136.30208
17146.0,135.61249
17147.0,143.62189
17148.0,166.98836
17149.0,126.14414
17150.0,138.44414
17151.0,134.19951
17152.0,141.89264
17153.0,144.65305
17154.0,160.31117
17155.0,166.18826
17156.0,125.684456
17157.0,140.1566
17158.0,138.44743
17102.0,152.75435
17133.0,155.2122
17161.0,169.8636
17171.0,135.31653
17172.0,134.6576
17173.0,142.18544
17174.0,146.98534
17175.0,164.77548
17176.0,167.43784
17177.0,124.50141
17178.0,137.21072
17179.0,133.6698
17180.0,141.85251
17181.0,144.1771
17182.0,160.0006
17183.0,165.78352
17184.0,125.28422
17185.0,139.63002
17186.0,138.52248
17187.0,145.30936
17188.0,145.47806
17189.0,162.06299
17103.0,179.88022
17134.0,127.58871
17162.0,138.7079
17104.0,147.42993
17135.0,143.18573
17163.0,151.29214
17105.0,161.25157
17136.0,173.88382
17164.0,184.33687
17106.0,193.63913
17137.0,139.07701
17165.0,152.20874
17107.0,135.54494
17138.0,132.50195
17166.0,138.2975
17108.0,148.114
17139.0,154.71928
17167.0,114.282646
17109.0,115.08752
17140.0,125.131294
17168.0,127.217964
17110.0,138.6797
17141.0,142.42673
17169.0,155.60667
17111.0,136.21947
17142.0,144.08789
17170.0,104.61292
18000.0,22.80272
18031.0,111.212166
18059.0,111.33684
18012.0,125.35008
18013.0,128.38281
18014.0,97.36633
18015.0,114.62539
18016.0,129.2055
18017.0,134.0518
18018.0,136.1535
18019.0,144.5929
18020.0,144.85855
18021.0,114.074066
18022.0,125.256424
18023.0,127.89572
18024.0,135.57887
18025.0,135.77885
18026.0,144.18752
18027.0,144.38914
18028.0,113.38732
18029.0,127.89827
18030.0,131.0993
18001.0,141.38068
18032.0,140.61885
18060.0,149.53
18043.0,131.625
18044.0,133.50366
18045.0,137.16515
18046.0,135.76334
18047.0,144.54416
18048.0,166.98836
18049.0,126.14414
18050.0,138.44414
18051.0,134.19951
18052.0,141.89264
18053.0,144.65305
18054.0,160.31117
18055.0,166.18826
18056.0,125.684456
18057.0,140.1566
18058.0,138.44743
18002.0,152.75435
18033.0,155.2122
18061.0,169.8636
18071.0,135.31653
18072.0,134.6576
18073.0,142.18544
18074.0,146.98534
18075.0,164.77548
18076.0,167.43784
18077.0,124.50141
18078.0,137.21072
18079.0,133.6698
18080.0,141.85251
18081.0,144.1771
18082.0,160.0006
18083.0,165.78352
18084.0,125.28422
18085.0,139.63002
18086.0,138.52248
18087.0,145.30936
18088.0,145.47806
18089.0,162.06299
18003.0,179.88022
18034.0,127.58871
18062.0,138.7079
18004.0,147.42993
18035.0,143.18573
18063.0,151.29214
18005.0,161.25157
18036.0,173.88382
18064.0,184.33687
18006.0,193.63913
18037.0,139.07701
18065.0,152.20874
18007.0,135.54494
18038.0,132.50195
18066.0,138.2975
18008.0,148.114
18039.0,154.71928
18067.0,114.282646
18009.0,115.08752
18040.0,125.131294
18068.0,127.217964
18010.0,138.6797
18041.0,142.42673
18069.0,155.60667
18011.0,136.21947
18042.0,144.08789
18070.0,104.65795
18900.0,47.54354
18931.0,117.06942
18959.0,113.278
18912.0,127.5114
18913.0,131.46866
18914.0,100.66784
18915.0,124.90843
18916.0,127.80953
18917.0,131.93944
18918.0,136.21431
18919.0,142.73967
18920.0,144.18341
18921.0,115.07112
18922.0,124.88323
18923.0,126.993355
18924.0,132.2529
18925.0,135.53516
18926.0,143.14294
18927.0,144.27844
18928.0,113.11954
18929.0,127.84912
18930.0,128.57634
18901.0,141.69452
18932.0,140.98846
18960.0,147.57318
18943.0,132.54047
18944.0,132.58383
18945.0,134.81644
18946.0,135.45708
18947.0,143.14745
18948.0,167.26524
18949.0,126.42103
18950.0,138.72102
18951.0,134.4764
18952.0,142.16953
18953.0,144.92993
18954.0,160.58806
18955.0,166.46515
18956.0,125.96134
18957.0,140.43349
18958.0,138.72432
18902.0,153.03123
18933.0,155.48909
18961.0,170.14049
18971.0,135.59341
18972.0,134.93448
18973.0,142.46233
18974.0,147.26222
18975.0,165.05237
18976.0,167.71472
18977.0,124.77831
18978.0,137.48761
18979.0,133.94669
18980.0,142.1294
18981.0,144.45398
18982.0,160.27748
18983.0,166.06041
18984.0,125.561104
18985.0,139.9069
18986.0,138.79936
18987.0,145.58624
18988.0,145.75494
18989.0,162.33987
18903.0,180.1571
18934.0,127.86559
18962.0,138.98479
18904.0,147.70682
18935.0,143.46262
18963.0,151.56903
18905.0,161.52846
18936.0,174.1607
18964.0,184.61375
18906.0,193.91602
18937.0,139.3539
18965.0,152.48563
18907.0,135.82182
18938.0,132.77884
18966.0,138.57439
18908.0,148.39088
18939.0,154.99617
18967.0,114.55953
18909.0,115.3644
18940.0,125.408165
18968.0,127.49488
18910.0,138.95659
18941.0,142.70361
18969.0,155.88356
18911.0,136.49635
18942.0,144.36478
18970.0,104.93484
19800.0,17.195261
19831.0,111.5691
19859.0,109.98202
19812.0,123.74805
19813.0,125.45633
19814.0,96.375114
19815.0,114.52236
19816.0,128.03235
19817.0,134.64264
19818.0,136.38147
19819.0,145.30789
19820.0,147.28157
19821.0,116.00766
19822.0,126.40752
19823.0,128.2698
19824.0,137.29503
19825.0,136.66933
19826.0,146.4922
19827.0,145.23781
19828.0,112.74281
19829.0,127.52957
19830.0,130.70581
19801.0,142.807
19832.0,140.9601
19860.0,150.03784
19843.0,132.10974
19844.0,132.11765
19845.0,137.0084
19846.0,136.39285
19847.0,146.02664
19848.0,167.59386
19849.0,125.56185
19850.0,137.86183
19851.0,133.6699
19852.0,142.14572
19853.0,144.88144
19854.0,161.24953
19855.0,167.29916
19856.0,126.11883
19857.0,140.4691
19858.0,137.26643
19802.0,153.36015
19833.0,155.28697
19861.0,170.26936
19871.0,135.11337
19872.0,133.80573
19873.0,141.80101
19874.0,146.79747
19875.0,165.29758
19876.0,168.32831
19877.0,124.42338
19878.0,137.13269
19879.0,133.36636
19880.0,142.33176
19881.0,144.63165
19882.0,161.16508
19883.0,167.12056
19884.0,125.94474
19885.0,140.47664
19886.0,137.87563
19887.0,144.66711
19888.0,145.4707
19889.0,162.6044
19803.0,180.52927
19834.0,127.55331
19862.0,138.43904
19804.0,147.39453
19835.0,143.15033
19863.0,151.66452
19805.0,161.32637
19836.0,174.80505
19864.0,185.48854
19806.0,194.76544
19837.0,139.19307
19865.0,152.09134
19807.0,135.67102
19838.0,133.72896
19866.0,138.80377
19808.0,151.2782
19839.0,156.42941
19867.0,114.72163
19809.0,115.454
19840.0,125.37809
19868.0,127.231346
19810.0,140.80634
19841.0,143.6643
19869.0,156.96788
19811.0,137.60387
19842.0,145.2905
19870.0,104.68171
20700.0,37.16351
20731.0,113.59893
20759.0,112.42949
20712.0,125.994194
20713.0,129.6141
20714.0,97.947945
20715.0,116.19176
20716.0,126.77219
20717.0,132.6259
20718.0,135.95738
20719.0,143.49199
20720.0,147.32404
20721.0,114.19112
20722.0,126.68893
20723.0,127.22764
20724.0,135.29242
20725.0,136.39583
20726.0,146.27905
20727.0,146.20895
20728.0,113.43293
20729.0,126.93721
20730.0,130.58861
20701.0,142.28854
20732.0,141.25227
20760.0,150.22943
20743.0,132.0975
20744.0,132.07101
20745.0,136.44603
20746.0,136.42966
20747.0,144.14618
20748.0,167.59386
20749.0,125.56185
20750.0,137.86183
20751.0,133.6699
20752.0,142.14572
20753.0,144.88144
20754.0,161.24953
20755.0,167.29916
20756.0,126.11883
20757.0,140.4691
20758.0,137.26643
20702.0,153.36015
20733.0,155.28697
20761.0,170.26936
20771.0,135.11337
20772.0,133.80573
20773.0,141.80101
20774.0,146.79747
20775.0,165.29758
20776.0,168.32831
20777.0,124.42338
20778.0,137.13269
20779.0,133.36636
20780.0,142.33176
20781.0,144.63165
20782.0,161.16508
20783.0,167.12056
20784.0,125.94474
20785.0,140.47664
20786.0,137.87563
20787.0,144.66711
20788.0,145.4707
20789.0,162.6044
20703.0,180.52927
20734.0,127.55331
20762.0,138.43904
20704.0,147.39453
20735.0,143.15033
20763.0,151.66452
20705.0,161.32637
20736.0,174.80505
20764.0,185.48854
20706.0,194.76544
20737.0,139.19307
20765.0,152.09134
20707.0,135.67102
20738.0,133.72896
20766.0,138.80377
20708.0,151.2782
20739.0,156.42941
20767.0,114.72163
20709.0,115.454
20740.0,125.37809
20768.0,127.231346
20710.0,140.80634
20741.0,143.6643
20769.0,156.96788
20711.0,137.56769
20742.0,145.2905
20770.0,104.68171
21600.0,50.97829
21631.0,116.22245
21659.0,116.32631
21612.0,124.17207
21613.0,129.77797
21614.0,105.13629
21615.0,122.622665
21616.0,126.16683
21617.0,131.12361
21618.0,135.1643
21619.0,143.19406
21620.0,146.97842
21621.0,114.45266
21622.0,126.8196
21623.0,126.077896
21624.0,133.90784
21625.0,136.8734
21626.0,144.78656
21627.0,145.73502
21628.0,113.09505
21629.0,127.60789
21630.0,130.22324
21601.0,142.0005
21632.0,141.00761
21660.0,147.68665
21643.0,133.6099
21644.0,132.30336
21645.0,136.60225
21646.0,134.6183
21647.0,144.01491
21648.0,168.09264
21649.0,126.08785
21650.0,138.38783
21651.0,134.10933
21652.0,142.58514
21653.0,145.32086
21654.0,161.68895
21655.0,167.79794
21656.0,126.64483
21657.0,140.9951
21658.0,137.70586
21602.0,153.79958
21633.0,155.7264
21661.0,170.70879
21671.0,135.56575
21672.0,134.24515
21673.0,142.24043
21674.0,147.2369
21675.0,165.737
21676.0,168.82709
21677.0,124.949394
21678.0,137.65869
21679.0,133.80579
21680.0,142.77118
21681.0,145.07108
21682.0,161.6045
21683.0,167.61934
21684.0,126.47074
21685.0,141.00264
21686.0,138.31505
21687.0,145.10654
21688.0,145.91013
21689.0,162.65189
21603.0,181.02805
21634.0,127.99273
21662.0,138.87846
21604.0,147.83395
21635.0,143.58975
21663.0,152.10394
21605.0,161.7658
21636.0,175.24448
21664.0,185.98732
21606.0,195.26422
21637.0,139.63249
21665.0,152.53076
21607.0,136.11044
21638.0,134.16838
21666.0,139.2432
21608.0,151.74683
21639.0,156.9574
21667.0,115.161064
21609.0,116.19543
21640.0,126.119514
21668.0,127.972786
21610.0,141.33383
21641.0,144.23233
21669.0,157.39313
21611.0,137.9524
21642.0,145.73456
21670.0,105.066414
22500.0,29.142326
22531.0,114.594795
22559.0,114.621574
22512.0,130.70973
22513.0,129.63954
22514.0,102.15462
22515.0,119.14336
22516.0,128.36794
22517.0,136.73947
22518.0,138.99265
22519.0,149.1393
22520.0,149.80563
22521.0,116.22522
22522.0,127.71783
22523.0,128.3197
22524.0,139.05104
22525.0,138.83253
22526.0,149.08806
22527.0,147.68768
22528.0,113.95397
22529.0,128.5701
22530.0,130.67567
22501.0,144.2466
22532.0,143.69547
22560.0,154.0417
22543.0,133.6402
22544.0,133.64668
22545.0,140.44632
22546.0,139.00029
22547.0,148.42583
22548.0,169.44627
22549.0,126.920815
22550.0,140.10207
22551.0,136.43144
22552.0,144.81244
22553.0,148.03677
22554.0,164.665
22555.0,167.56903
22556.0,126.22964
22557.0,140.68666
22558.0,138.34468
22502.0,155.32695
22533.0,157.8048
22561.0,174.9264
22571.0,136.77126
22572.0,135.71399
22573.0,144.2447
22574.0,149.79219
22575.0,170.12671
22576.0,170.06161
22577.0,125.6632
22578.0,139.25378
22579.0,135.7425
22580.0,144.99847
22581.0,147.78696
22582.0,164.58058
22583.0,167.39043
22584.0,126.055595
22585.0,140.69423
22586.0,138.95387
22587.0,146.20343
22588.0,147.42336
22589.0,165.97874
22503.0,182.98972
22534.0,129.24356
22562.0,140.30037
22504.0,151.46709
22535.0,147.22289
22563.0,156.1472
22505.0,164.39534
22536.0,179.40015
22564.0,189.51915
22506.0,196.67432
22537.0,140.60521
22565.0,153.50348
22507.0,136.1076
22538.0,134.02293
22566.0,139.1641
22508.0,152.82176
22539.0,157.24393
22567.0,115.4441
22509.0,115.74134
22540.0,126.016594
22568.0,127.86999
22510.0,141.44487
22541.0,145.01823
22569.0,158.77861
22511.0,138.33633
22542.0,145.83533
22570.0,105.00999
23400.0,12.857142
23431.0,114.46568
23459.0,111.69485
23412.0,127.36051
23413.0,128.59235
23414.0,97.93578
23415.0,114.92911
23416.0,129.39055
23417.0,136.9488
23418.0,139.24693
23419.0,149.3152
23420.0,150.15363
23421.0,116.854485
23422.0,127.31171
23423.0,128.34583
23424.0,138.84175
23425.0,138.64409
23426.0,149.4066
23427.0,147.29242
23428.0,113.33294
23429.0,127.90668
23430.0,131.15894
23401.0,144.9966
23432.0,143.83182
23460.0,153.8745
23443.0,133.0567
23444.0,134.35121
23445.0,139.92523
23446.0,140.10402
23447.0,150.82048
23448.0,169.52959
23449.0,126.98498
23450.0,140.16624
23451.0,136.49562
23452.0,144.87662
23453.0,148.09775
23454.0,164.72597
23455.0,167.63
23456.0,126.27148
23457.0,140.7285
23458.0,138.38652
23402.0,155.3322
23433.0,157.82918
23461.0,174.95079
23471.0,136.7765
23472.0,135.71924
23473.0,144.25273
23474.0,149.81935
23475.0,170.15387
23476.0,170.14493
23477.0,125.72738
23478.0,139.31796
23479.0,135.80667
23480.0,145.06265
23481.0,147.84793
23482.0,164.64156
23483.0,167.4514
23484.0,126.09742
23485.0,140.73607
23486.0,138.99571
23487.0,145.99124
23488.0,147.2303
23489.0,165.78569
23403.0,183.0141
23434.0,129.24881
23462.0,140.30562
23404.0,151.47234
23435.0,147.22813
23463.0,156.15245
23405.0,164.41972
23436.0,179.42453
23464.0,189.54353
23406.0,196.6987
23437.0,140.61046
23465.0,153.50873
23407.0,136.11285
23438.0,134.02818
23466.0,139.18848
23408.0,152.84615
23439.0,157.26831
23467.0,115.44933
23409.0,115.74659
23440.0,126.02183
23468.0,127.87524
23410.0,141.45012
23441.0,145.04262
23469.0,158.803
23411.0,138.34158
23442.0,145.84058
23470.0,105.015236
24300.0,54.547977
24331.0,124.49019
24359.0,116.341736
24312.0,129.35959
24313.0,131.47289
24314.0,109.97497
24315.0,131.69518
24316.0,127.31965
24317.0,134.3734
24318.0,137.60165
24319.0,144.51772
24320.0,150.62254
24321.0,116.89931
24322.0,126.37574
24323.0,127.19094
24324.0,136.81238
24325.0,136.98743
24326.0,145.09216
24327.0,146.47173
24328.0,113.77385
24329.0,128.34743
24330.0,130.13089
24301.0,144.41383
24332.0,143.89005
24360.0,150.14531
24343.0,132.18628
24344.0,133.50954
24345.0,137.86905
24346.0,138.19345
24347.0,147.92273
24348.0,170.15103
24349.0,127.60642
24350.0,140.78769
24351.0,137.11707
24352.0,145.49806
24353.0,148.7192
24354.0,165.34741
24355.0,168.25145
24356.0,126.89292
24357.0,141.34995
24358.0,139.00797
24302.0,155.95364
24333.0,158.45062
24361.0,175.57224
24371.0,137.39795
24372.0,136.34068
24373.0,144.87418
24374.0,150.4408
24375.0,170.77531
24376.0,170.76637
24377.0,126.34882
24378.0,139.9394
24379.0,136.42812
24380.0,145.6841
24381.0,148.46938
24382.0,165.263
24383.0,168.07285
24384.0,126.71888
24385.0,141.35751
24386.0,139.61716
24387.0,146.61269
24388.0,147.85175
24389.0,166.40714
24303.0,183.63554
24334.0,129.87025
24362.0,140.92706
24304.0,152.09378
24335.0,147.84958
24363.0,156.7739
24305.0,165.04117
24336.0,180.04597
24364.0,190.16498
24306.0,197.32014
24337.0,141.2319
24365.0,154.13017
24307.0,136.43369
24338.0,134.34901
24366.0,139.50931
24308.0,153.16698
24339.0,157.58914
24367.0,115.770164
24309.0,116.06742
24340.0,126.34266
24368.0,128.19608
24310.0,141.77095
24341.0,145.36345
24369.0,159.12383
24311.0,138.66241
24342.0,146.1614
24370.0,105.33607
25200.0,43.639217
25231.0,114.74294
25259.0,114.98794
25212.0,127.65997
25213.0,134.13118
25214.0,101.10876
25215.0,115.90876
25216.0,126.53243
25217.0,131.8969
25218.0,136.62253
25219.0,146.90097
25220.0,149.97383
25221.0,114.08352
25222.0,124.496796
25223.0,126.48824
25224.0,135.64246
25225.0,135.6659
25226.0,145.46957
25227.0,147.16466
25228.0,111.36197
25229.0,125.65082
25230.0,130.3473
25201.0,141.68315
25232.0,142.6774
25260.0,149.51369
25243.0,131.05835
25244.0,132.09853
25245.0,136.77142
25246.0,136.97603
25247.0,146.56554
25248.0,166.9126
25249.0,123.17228
25250.0,136.18642
25251.0,134.2154
25252.0,142.10551
25253.0,144.38635
25254.0,160.70247
25255.0,165.27223
25256.0,121.611275
25257.0,136.03711
25258.0,135.82588
25202.0,151.77567
25233.0,155.02722
25261.0,171.70625
25271.0,131.90785
25272.0,132.05511
25273.0,141.0429
25274.0,146.74707
25275.0,166.29742
25276.0,167.0075
25277.0,121.09048
25278.0,134.51392
25279.0,132.7022
25280.0,141.4673
25281.0,143.54105
25282.0,160.02032
25283.0,164.49593
25284.0,120.8395
25285.0,135.44693
25286.0,135.83736
25287.0,142.24095
25288.0,143.28662
25289.0,161.46452
25203.0,180.22514
25234.0,125.931526
25262.0,137.23906
25204.0,146.51471
25235.0,143.27031
25263.0,152.61517
25205.0,160.26395
25236.0,174.81944
25264.0,185.92815
25206.0,192.06662
25237.0,136.00185
25265.0,149.15083
25207.0,132.53099
25238.0,130.96999
25266.0,134.63458
25208.0,149.45226
25239.0,155.33098
25267.0,112.51574
25209.0,113.651024
25240.0,124.048
25268.0,125.11495
25210.0,140.78867
25241.0,142.80574
25269.0,155.86942
25211.0,136.31715
25242.0,143.9952
25270.0,102.882195
26100.0,23.825027
26131.0,112.99775
26159.0,110.23017
26112.0,125.978485
26113.0,127.87186
26114.0,98.09023
26115.0,116.00672
26116.0,129.9216
26117.0,136.19293
26118.0,137.65056
26119.0,146.807
26120.0,149.49156
26121.0,115.91027
26122.0,126.2107
26123.0,128.4959
26124.0,138.1788
26125.0,137.48564
26126.0,147.39583
26127.0,147.32085
26128.0,112.87603
26129.0,126.9947
26130.0,132.51865
26101.0,143.72093
26132.0,142.71735
26160.0,152.01106
26143.0,133.1429
26144.0,135.0839
26145.0,140.03757
26146.0,138.99721
26147.0,149.05304
26148.0,167.1718
26149.0,123.922295
26150.0,136.93642
26151.0,134.9654
26152.0,142.85551
26153.0,144.74788
26154.0,161.064
26155.0,165.53143
26156.0,122.36126
26157.0,137.22046
26158.0,137.00923
26102.0,152.52568
26133.0,155.38875
26161.0,172.06778
26171.0,132.65785
26172.0,132.80511
26173.0,141.7929
26174.0,147.1086
26175.0,166.65895
26176.0,167.26671
26177.0,121.84049
26178.0,135.26392
26179.0,133.4522
26180.0,142.2173
26181.0,143.90257
26182.0,160.38185
26183.0,164.75513
26184.0,121.5895
26185.0,136.63028
26186.0,137.0207
26187.0,143.66054
26188.0,144.31773
26189.0,162.49564
26103.0,180.84354
26134.0,126.68148
26162.0,137.98906
26104.0,146.8084
26135.0,143.564
26163.0,152.90886
26105.0,160.76395
26136.0,175.31944
26164.0,186.68501
26106.0,193.31784
26137.0,136.92836
26165.0,150.07735
26107.0,132.98619
26138.0,131.42519
26166.0,135.15762
26108.0,149.55826
26139.0,155.72762
26167.0,113.409035
26109.0,114.54432
26140.0,124.154
26168.0,124.86382
26110.0,140.93614
26141.0,142.95322
26169.0,155.65976
26111.0,136.45389
26142.0,144.26743
26170.0,103.80624
27000.0,33.529446
27031.0,114.688065
27059.0,111.61674
27012.0,126.42274
27013.0,131.09581
27014.0,99.08804
27015.0,116.21212
27016.0,128.48601
27017.0,135.09787
27018.0,137.2607
27019.0,147.10782
27020.0,150.26515
27021.0,114.82983
27022.0,126.74133
27023.0,127.31282
27024.0,137.15152
27025.0,137.30223
27026.0,147.26811
27027.0,148.22984
27028.0,113.375305
27029.0,127.66897
27030.0,132.51865
27001.0,142.86841
27032.0,142.64609
27060.0,152.75755
27043.0,133.93095
27044.0,134.30933
27045.0,139.70584
27046.0,139.1856
27047.0,147.56543
27048.0,167.1718
27049.0,123.922295
27050.0,136.93642
27051.0,134.9654
27052.0,142.85551
27053.0,144.74788
27054.0,161.064
27055.0,165.53143
27056.0,122.36126
27057.0,137.22046
27058.0,137.00923
27002.0,152.52568
27033.0,155.38875
27061.0,172.06778
27071.0,132.65785
27072.0,132.80511
27073.0,141.7929
27074.0,147.1086
27075.0,166.65895
27076.0,167.26671
27077.0,121.84049
27078.0,135.26392
27079.0,133.4522
27080.0,142.2173
27081.0,143.90257
27082.0,160.38185
27083.0,164.75513
27084.0,121.5895
27085.0,136.63028
27086.0,137.0207
27087.0,143.66054
27088.0,144.31773
27089.0,162.49564
27003.0,180.84354
27034.0,126.68148
27062.0,137.98906
27004.0,146.83853
27035.0,143.564
27063.0,152.90886
27005.0,160.76395
27036.0,175.31944
27064.0,186.68501
27006.0,193.31784
27037.0,136.92836
27065.0,150.07735
27007.0,132.98619
27038.0,131.42519
27066.0,135.15762
27008.0,149.55826
27039.0,155.72762
27067.0,113.409035
27009.0,114.54432
27040.0,124.154
27068.0,124.86382
27010.0,140.93614
27041.0,142.95322
27069.0,155.65976
27011.0,136.56306
27042.0,144.3766
27070.0,103.91541
27900.0,25.303955
27931.0,113.98659
27959.0,111.052216
27912.0,125.69873
27913.0,129.6055
27914.0,96.71962
27915.0,116.15833
27916.0,130.76523
27917.0,135.90686
27918.0,137.77788
27919.0,147.3641
27920.0,149.51677
27921.0,117.126175
27922.0,127.37016
27923.0,128.29703
27924.0,138.7463
27925.0,137.38338
27926.0,147.70265
27927.0,147.3752
27928.0,114.14056
27929.0,128.36835
27930.0,133.46732
27901.0,143.50209
27932.0,142.36682
27960.0,152.54494
27943.0,133.77238
27944.0,135.88309
27945.0,141.01685
27946.0,139.757
27947.0,149.50113
27948.0,167.197
27949.0,123.9475
27950.0,136.96162
27951.0,134.9906
27952.0,143.33186
27953.0,145.22423
27954.0,161.54034
27955.0,165.55664
27956.0,122.38648
27957.0,137.24567
27958.0,137.03444
27902.0,153.15862
27933.0,156.02168
27961.0,172.70074
27971.0,132.70389
27972.0,132.85115
27973.0,142.42584
27974.0,147.74155
27975.0,167.2919
27976.0,167.44852
27977.0,122.0223
27978.0,135.44572
27979.0,133.634
27980.0,142.85025
27981.0,144.53552
27982.0,161.0148
27983.0,164.93694
27984.0,121.77131
27985.0,136.81209
27986.0,137.20251
27987.0,144.29349
27988.0,144.95068
27989.0,163.12859
27903.0,181.02534
27934.0,126.86329
27962.0,138.17087
27904.0,146.86374
27935.0,143.5892
27963.0,153.38521
27905.0,161.2403
27936.0,175.79579
27964.0,186.71022
27906.0,193.34305
27937.0,136.95357
27965.0,150.10255
27907.0,133.1197
27938.0,131.90154
27966.0,135.63397
27908.0,150.0346
27939.0,155.75282
27967.0,113.15377
27909.0,114.26385
27940.0,123.87351
27968.0,124.583336
27910.0,140.82452
27941.0,143.1221
27969.0,155.82864
27911.0,137.0142
27942.0,144.3766
27970.0,103.634926
28800.0,42.30364
28831.0,114.55793
28859.0,115.50594
28812.0,125.14832
28813.0,131.21715
28814.0,99.72403
28815.0,116.98265
28816.0,129.16849
28817.0,133.54744
28818.0,137.42702
28819.0,145.63892
28820.0,148.16599
28821.0,115.6667
28822.0,125.86969
28823.0,128.92012
28824.0,138.13824
28825.0,136.69188
28826.0,145.92897
28827.0,147.1031
28828.0,113.944565
28829.0,128.61417
28830.0,131.40924
28801.0,142.4871
28832.0,141.74445
28860.0,149.89543
28843.0,133.87439
28844.0,135.9484
28845.0,139.93076
28846.0,138.25888
28847.0,147.17334
28848.0,167.03674
28849.0,123.760826
28850.0,136.77495
28851.0,134.80392
28852.0,143.14519
28853.0,144.65646
28854.0,160.97258
28855.0,164.98888
28856.0,121.79229
28857.0,136.65149
28858.0,136.44026
28802.0,152.95549
28833.0,155.84497
28861.0,172.524
28871.0,132.50075
28872.0,132.64801
28873.0,142.23917
28874.0,147.58128
28875.0,167.13164
28876.0,167.28825
28877.0,121.835594
28878.0,135.25905
28879.0,133.44733
28880.0,142.66357
28881.0,143.96776
28882.0,160.44704
28883.0,164.36917
28884.0,121.1771
28885.0,136.21791
28886.0,136.60834
28887.0,143.69931
28888.0,144.38292
28889.0,162.56082
28803.0,180.84862
28834.0,126.48455
28862.0,137.7921
28804.0,146.48497
28835.0,143.21043
28863.0,153.00644
28805.0,160.77441
28836.0,175.32991
28864.0,186.24434
28806.0,192.88416
28837.0,136.5748
28865.0,149.72379
28807.0,132.71521
28838.0,131.49702
28866.0,135.14934
28808.0,149.82077
28839.0,155.29335
28867.0,112.74926
28809.0,113.85932
28840.0,123.469
28868.0,124.17881
28810.0,140.42001
28841.0,142.5076
28869.0,155.6148
28811.0,137.01036
28842.0,144.12712
28870.0,103.2304
29700.0,16.242285
29731.0,114.52746
29759.0,111.00762
29712.0,124.88687
29713.0,128.18414
29714.0,97.68809
29715.0,115.64124
29716.0,130.1749
29717.0,136.9318
29718.0,137.5027
29719.0,147.21182
29720.0,149.46239
29721.0,116.190384
29722.0,126.733765
29723.0,129.23814
29724.0,139.40195
29725.0,137.61555
29726.0,147.95357
29727.0,146.98909
29728.0,113.79601
29729.0,127.97537
29730.0,132.95032
29701.0,144.5024
29732.0,142.35364
29760.0,152.05107
29743.0,133.52718
29744.0,135.10818
29745.0,140.79721
29746.0,139.04964
29747.0,148.83609
29748.0,166.70876
29749.0,123.44553
29750.0,136.45964
29751.0,134.48862
29752.0,142.68544
29753.0,144.30539
29754.0,160.50418
29755.0,164.27127
29756.0,121.08738
29757.0,135.94656
29758.0,135.73534
29702.0,152.78935
29733.0,155.7875
29761.0,172.34926
29771.0,132.33463
29772.0,132.48189
29773.0,142.07304
29774.0,147.52383
29775.0,166.95686
29776.0,167.10945
29777.0,121.66949
29778.0,135.09293
29779.0,133.2812
29780.0,142.15138
29781.0,143.56424
29782.0,159.9262
29783.0,163.59912
29784.0,120.41975
29785.0,135.46054
29786.0,135.85097
29787.0,143.2486
29788.0,144.04088
29789.0,162.10146
29703.0,180.67097
29734.0,126.77454
29762.0,138.08214
29704.0,146.15552
29735.0,142.7443
29763.0,152.29367
29705.0,160.30586
29736.0,174.74405
29764.0,185.65445
29706.0,192.29427
29737.0,136.13733
29765.0,149.28632
29707.0,131.8921
29738.0,130.91422
29766.0,134.6752
29708.0,149.2837
29739.0,154.75229
29767.0,111.92617
29709.0,113.143105
29740.0,122.752785
29768.0,123.46259
29710.0,139.84279
29741.0,142.03905
29769.0,155.1118
29711.0,136.50735
29742.0,143.5582
29770.0,102.61341
30600.0,39.140995
30631.0,114.40812
30659.0,113.58024
30612.0,126.57659
30613.0,130.06316
30614.0,101.798225
30615.0,116.339745
30616.0,128.48624
30617.0,135.06589
30618.0,136.43169
30619.0,144.79599
30620.0,148.01863
30621.0,115.656075
30622.0,125.748604
30623.0,128.8004
30624.0,137.88635
30625.0,137.64308
30626.0,147.8466
30627.0,146.86363
30628.0,114.46845
30629.0,127.891136
30630.0,132.46066
30601.0,143.35143
30632.0,142.9011
30660.0,149.57149
30643.0,132.78264
30644.0,134.40213
30645.0,139.61545
30646.0,138.469
30647.0,146.6477
30648.0,166.70876
30649.0,123.44553
30650.0,136.45964
30651.0,134.48862
30652.0,142.68544
30653.0,144.30539
30654.0,160.50418
30655.0,164.27127
30656.0,121.08738
30657.0,135.94656
30658.0,135.73534
30602.0,152.78935
30633.0,155.7875
30661.0,172.34926
30671.0,132.33463
30672.0,132.48189
30673.0,142.07304
30674.0,147.52383
30675.0,166.95686
30676.0,167.10945
30677.0,121.66949
30678.0,135.09293
30679.0,133.2812
30680.0,142.15138
30681.0,143.56424
30682.0,159.9262
30683.0,163.59912
30684.0,120.41975
30685.0,135.46054
30686.0,135.85097
30687.0,143.2486
30688.0,144.04088
30689.0,162.10146
30603.0,180.67097
30634.0,126.77454
30662.0,138.08214
30604.0,146.15552
30635.0,142.7443
30663.0,152.29367
30605.0,160.30586
30636.0,174.74405
30664.0,185.65445
30606.0,192.29427
30637.0,136.13733
30665.0,149.28632
30607.0,131.8921
30638.0,130.91422
30666.0,134.6752
30608.0,149.2837
30639.0,154.75229
30667.0,111.92617
30609.0,113.143105
30640.0,122.752785
30668.0,123.46259
30610.0,139.84279
30641.0,142.03905
30669.0,155.1118
30611.0,136.50735
30642.0,143.5582
30670.0,102.61341
31500.0,47.998775
31531.0,114.66605
31559.0,115.416466
31512.0,128.0114
31513.0,132.95369
31514.0,103.57052
31515.0,124.4769
31516.0,127.25638
31517.0,132.69243
31518.0,137.44795
31519.0,146.58414
31520.0,149.57133
31521.0,115.712166
31522.0,125.00438
31523.0,126.91862
31524.0,137.98181
31525.0,139.41534
31526.0,147.63728
31527.0,145.40895
31528.0,114.44602
31529.0,127.24089
31530.0,130.82828
31501.0,142.48119
31532.0,141.8259
31560.0,153.47676
31543.0,134.4851
31544.0,134.56967
31545.0,138.4752
31546.0,138.1817
31547.0,147.10115
31548.0,166.57523
31549.0,123.31197
31550.0,136.32611
31551.0,134.35509
31552.0,142.74165
31553.0,144.96063
31554.0,160.37065
31555.0,164.13774
31556.0,120.95385
31557.0,135.81303
31558.0,135.6018
31502.0,152.58235
31533.0,155.43689
31561.0,171.9525
31571.0,132.25124
31572.0,132.3985
31573.0,142.12926
31574.0,148.17908
31575.0,166.82333
31576.0,166.97592
31577.0,121.53593
31578.0,134.9594
31579.0,133.14767
31580.0,142.2076
31581.0,144.21948
31582.0,159.79266
31583.0,163.46559
31584.0,120.2862
31585.0,135.32701
31586.0,135.71744
31587.0,143.3048
31588.0,144.69612
31589.0,161.96793
31503.0,180.27422
31534.0,126.42864
31562.0,137.73622
31504.0,145.8096
31535.0,142.39838
31563.0,152.1375
31505.0,160.00607
31536.0,174.39812
31564.0,185.30852
31506.0,191.71277
31537.0,135.61359
31565.0,148.70482
31507.0,131.22249
31538.0,130.43434
31566.0,134.55495
31508.0,148.7991
31539.0,154.26768
31567.0,111.499306
31509.0,112.71624
31540.0,122.26815
31568.0,122.977974
31510.0,139.54793
31541.0,142.10379
31569.0,154.6272
31511.0,136.222
31542.0,143.02559
31570.0,102.23884
32400.0,16.860064
32431.0,115.85657
32459.0,112.43188
32412.0,127.56347
32413.0,128.98276
32414.0,99.74201
32415.0,116.227196
32416.0,131.28941
32417.0,138.37468
32418.0,140.09033
32419.0,150.36688
32420.0,152.25627
32421.0,118.8242
32422.0,127.98837
32423.0,131.06998
32424.0,140.34782
32425.0,140.2864
32426.0,149.9175
32427.0,149.1216
32428.0,115.893326
32429.0,129.88936
32430.0,134.85942
32401.0,145.38464
32432.0,143.54155
32460.0,153.6703
32443.0,134.61008
32444.0,136.44368
32445.0,141.55904
32446.0,141.2362
32447.0,150.81381
32448.0,167.94653
32449.0,124.37051
32450.0,137.20142
32451.0,135.2304
32452.0,144.6376
32453.0,147.13373
32454.0,161.9717
32455.0,165.7201
32456.0,122.08733
32457.0,136.44366
32458.0,136.23244
32402.0,153.95316
32433.0,156.89076
32461.0,173.2172
32471.0,132.53049
32472.0,132.67775
32473.0,143.59845
32474.0,149.93515
32475.0,168.00735
32476.0,168.58582
32477.0,122.59446
32478.0,135.8347
32479.0,134.02298
32480.0,144.10355
32481.0,146.39258
32482.0,161.3937
32483.0,164.83388
32484.0,120.9829
32485.0,135.52086
32486.0,135.91129
32487.0,144.57404
32488.0,146.24251
32489.0,162.94226
32403.0,181.36874
32434.0,128.05347
32462.0,139.17775
32404.0,147.47345
32435.0,144.06223
32463.0,153.7306
32405.0,161.48729
32436.0,175.69017
32464.0,186.43039
32406.0,193.6187
32437.0,138.12318
32465.0,151.03117
32407.0,133.15439
32438.0,132.56548
32466.0,137.11235
32408.0,150.52582
32439.0,156.0942
32467.0,114.07517
32409.0,114.77694
32440.0,124.41558
32468.0,125.37058
32410.0,141.52841
32441.0,144.53809
32469.0,157.0108
32411.0,137.82939
32442.0,145.20671
32470.0,104.98844
33300.0,50.851852
33331.0,116.062065
33359.0,118.15489
33312.0,128.38881
33313.0,131.55101
33314.0,101.43771
33315.0,129.12463
33316.0,127.95794
33317.0,135.04875
33318.0,137.93398
33319.0,148.41818
33320.0,149.9497
33321.0,116.96969
33322.0,126.18002
33323.0,129.8044
33324.0,135.56355
33325.0,138.84221
33326.0,147.67445
33327.0,147.85555
33328.0,115.73798
33329.0,129.72485
33330.0,131.91743
33301.0,143.39278
33332.0,142.71628
33360.0,150.97154
33343.0,135.04813
33344.0,135.66309
33345.0,140.62184
33346.0,140.72137
33347.0,148.00078
33348.0,168.03674
33349.0,124.46073
33350.0,137.29063
33351.0,135.31961
33352.0,144.72682
33353.0,147.22295
33354.0,162.06091
33355.0,165.69977
33356.0,122.06701
33357.0,136.42334
33358.0,136.21211
33302.0,154.04337
33333.0,156.98097
33361.0,173.3074
33371.0,132.6207
33372.0,132.76796
33373.0,143.68866
33374.0,150.02536
33375.0,168.09756
33376.0,168.67603
33377.0,122.684685
33378.0,135.92392
33379.0,134.1122
33380.0,144.19276
33381.0,146.4818
33382.0,161.48293
33383.0,164.81355
33384.0,120.96256
33385.0,135.50053
33386.0,135.89096
33387.0,144.55371
33388.0,146.22218
33389.0,162.92194
33303.0,181.45895
33334.0,128.14368
33362.0,139.26796
33304.0,147.56366
33335.0,144.15244
33363.0,153.82082
33305.0,161.5775
33336.0,175.78038
33364.0,186.5206
33306.0,193.70891
33337.0,138.2134
33365.0,151.12138
33307.0,133.2446
33338.0,132.65569
33366.0,137.20256
33308.0,150.61603
33339.0,156.1844
33367.0,114.1654
33309.0,114.867165
33340.0,124.505806
33368.0,125.46081
33310.0,141.61862
33341.0,144.6283
33369.0,157.10101
33311.0,137.9196
33342.0,145.29692
33370.0,104.98844
34200.0,25.101881
34231.0,116.02312
34259.0,112.37624
34212.0,126.67392
34213.0,129.79073
34214.0,100.93868
34215.0,117.89157
34216.0,134.09491
34217.0,141.44823
34218.0,142.05478
34219.0,152.5696
34220.0,153.35706
34221.0,120.53588
34222.0,130.01643
34223.0,132.01985
34224.0,141.41946
34225.0,142.03784
34226.0,151.66335
34227.0,149.44427
34228.0,118.254036
34229.0,131.75809
34230.0,136.43764
34201.0,148.70601
34232.0,145.30267
34260.0,153.4508
34243.0,137.84515
34244.0,139.23323
34245.0,145.0512
34246.0,143.23294
34247.0,152.96913
34248.0,165.91219
34249.0,126.27918
34250.0,138.66214
34251.0,136.12038
34252.0,145.02794
34253.0,148.35379
34254.0,161.55928
34255.0,163.67967
34256.0,123.09449
34257.0,137.41829
34258.0,136.95137
34202.0,155.483
34233.0,158.65291
34261.0,172.84454
34271.0,134.65396
34272.0,134.34578
34273.0,145.48543
34274.0,151.98032
34275.0,167.99379
34276.0,167.03273
34277.0,125.00544
34278.0,137.79774
34279.0,135.41528
34280.0,144.9962
34281.0,148.11496
34282.0,160.9813
34283.0,162.7724
34284.0,121.99006
34285.0,136.49548
34286.0,136.63022
34287.0,145.29297
34288.0,148.01505
34289.0,162.58
34203.0,179.53206
34234.0,130.09392
34262.0,141.22571
34204.0,148.28763
34235.0,145.40593
34263.0,155.08574
34205.0,162.60239
34236.0,175.37012
34264.0,184.64632
34206.0,191.8468
34237.0,140.58315
34265.0,153.49864
34207.0,135.42462
34238.0,134.28279
34266.0,137.89696
34208.0,149.76147
34239.0,153.86583
34267.0,115.7111
34209.0,116.41285
34240.0,126.05898
34268.0,126.659294
34210.0,143.35002
34241.0,145.85329
34269.0,156.3978
34211.0,138.87378
34242.0,144.78711
34270.0,106.40168
35100.0,17.261766
35131.0,115.104065
35159.0,111.73374
35112.0,126.79135
35113.0,127.663795
35114.0,100.675674
35115.0,117.67072
35116.0,133.95213
35117.0,141.73534
35118.0,142.21657
35119.0,151.93246
35120.0,152.7957
35121.0,121.19539
35122.0,129.8237
35123.0,132.35269
35124.0,142.15611
35125.0,141.98466
35126.0,150.21335
35127.0,148.53108
35128.0,117.536835
35129.0,131.25996
35130.0,135.94073
35101.0,148.61536
35132.0,145.42961
35160.0,155.67232
35143.0,137.80186
35144.0,139.15768
35145.0,144.56277
35146.0,143.32411
35147.0,152.44727
35148.0,165.24667
35149.0,126.27918
35150.0,138.66214
35151.0,136.12038
35152.0,145.02794
35153.0,148.35379
35154.0,160.15991
35155.0,162.01007
35156.0,123.09449
35157.0,137.41829
35158.0,136.95137
35102.0,155.483
35133.0,158.65291
35161.0,172.3916
35171.0,134.65396
35172.0,134.34578
35173.0,145.48543
35174.0,151.98032
35175.0,166.88077
35176.0,166.36722
35177.0,125.00544
35178.0,137.79774
35179.0,135.41528
35180.0,144.9962
35181.0,148.11496
35182.0,159.58192
35183.0,161.1028
35184.0,121.99006
35185.0,136.49548
35186.0,136.63022
35187.0,145.29297
35188.0,148.01505
35189.0,161.18063
35103.0,179.11534
35134.0,130.09392
35162.0,141.22571
35104.0,148.28763
35135.0,145.40593
35163.0,155.08574
35105.0,162.6242
35136.0,174.939
35164.0,184.25142
35106.0,191.4519
35137.0,140.36989
35165.0,153.52046
35107.0,135.44644
35138.0,134.30461
35166.0,137.91878
35108.0,149.30856
35139.0,153.44911
35167.0,115.7111
35109.0,116.41285
35140.0,126.05898
35168.0,126.659294
35110.0,143.35002
35141.0,145.85329
35169.0,155.94485
35111.0,138.42087
35142.0,144.37039
35170.0,106.40168
36000.0,14.101834
36031.0,113.93442
36059.0,111.50897
36012.0,126.67014
36013.0,127.50878
36014.0,99.49403
36015.0,115.85729
36016.0,133.77702
36017.0,141.68742
36018.0,142.39302
36019.0,151.93246
36020.0,152.65962
36021.0,121.08477
36022.0,129.84918
36023.0,132.48505
36024.0,142.55678
36025.0,142.16112
36026.0,150.27405
36027.0,148.25612
36028.0,117.56229
36029.0,131.08867
36030.0,135.94443
36001.0,148.70352
36032.0,145.42961
36060.0,155.67232
36043.0,137.51482
36044.0,138.89297
36045.0,144.65094
36046.0,143.32411
36047.0,152.91492
36048.0,165.24667
36049.0,126.28188
36050.0,138.66484
36051.0,136.12308
36052.0,145.03064
36053.0,148.35379
36054.0,160.15991
36055.0,162.01007
36056.0,123.097206
36057.0,137.42099
36058.0,136.95407
36002.0,155.48572
36033.0,158.65291
36061.0,172.3916
36071.0,134.65666
36072.0,134.34848
36073.0,145.48813
36074.0,151.98032
36075.0,166.88077
36076.0,166.36722
36077.0,125.008156
36078.0,137.80045
36079.0,135.41798
36080.0,144.9989
36081.0,148.11496
36082.0,159.58192
36083.0,161.1028
36084.0,121.992775
36085.0,136.49818
36086.0,136.63292
36087.0,145.29567
36088.0,148.01505
36089.0,161.18063
36003.0,179.11534
36034.0,130.09662
36062.0,141.22841
36004.0,148.0246
36035.0,145.40863
36063.0,155.08844
36005.0,162.6242
36036.0,174.939
36064.0,184.25142
36006.0,191.4519
36037.0,140.60481
36065.0,153.75539
36007.0,135.52075
36038.0,134.37892
36066.0,137.91878
36008.0,149.30856
36039.0,153.44911
36067.0,115.94604
36009.0,116.64779
36040.0,126.29395
36068.0,126.733635
36010.0,143.42433
36041.0,145.85329
36069.0,155.94485
36011.0,138.42087
36042.0,144.37039
36070.0,106.63662
36900.0,19.205324
36931.0,113.9279
36959.0,110.33392
36912.0,127.27796
36913.0,128.9164
36914.0,99.76807
36915.0,116.024536
36916.0,133.75468
36917.0,141.50491
36918.0,142.3141
36919.0,151.93246
36920.0,152.7957
36921.0,120.50815
36922.0,129.84918
36923.0,132.46774
36924.0,142.55678
36925.0,142.2972
36926.0,149.88843
36927.0,148.53108
36928.0,118.05985
36929.0,131.28542
36930.0,135.76273
36901.0,148.52338
36932.0,145.42961
36960.0,155.62578
36943.0,137.51482
36944.0,138.89297
36945.0,144.65094
36946.0,143.17976
36947.0,152.2641
36948.0,165.24667
36949.0,126.28188
36950.0,138.66484
36951.0,136.12308
36952.0,145.03064
36953.0,148.35379
36954.0,160.15991
36955.0,162.01007
36956.0,123.097206
36957.0,137.42099
36958.0,136.95407
36902.0,155.48572
36933.0,158.65291
36961.0,172.3916
36971.0,134.65666
36972.0,134.34848
36973.0,145.48813
36974.0,151.98032
36975.0,166.88077
36976.0,166.36722
36977.0,125.008156
36978.0,137.80045
36979.0,135.41798
36980.0,144.9989
36981.0,148.11496
36982.0,159.58192
36983.0,161.1028
36984.0,121.992775
36985.0,136.49818
36986.0,136.63292
36987.0,145.29567
36988.0,148.01505
36989.0,161.18063
36903.0,179.11534
36934.0,130.09662
36962.0,141.22841
36904.0,148.0246
36935.0,145.40863
36963.0,155.08844
36905.0,162.6242
36936.0,174.939
36964.0,184.25142
36906.0,191.4519
36937.0,140.60481
36965.0,153.75539
36907.0,135.52075
36938.0,134.37892
36966.0,137.91878
36908.0,149.30856
36939.0,153.44911
36967.0,115.94604
36909.0,116.64779
36940.0,126.29395
36968.0,126.733635
36910.0,143.42433
36941.0,145.85329
36969.0,155.94485
36911.0,138.42087
36942.0,144.37039
36970.0,106.63662
37800.0,29.826359
37831.0,115.681274
37859.0,110.668755
37812.0,126.75435
37813.0,129.67245
37814.0,103.96983
37815.0,116.93882
37816.0,133.95592
37817.0,140.81154
37818.0,142.26448
37819.0,151.4991
37820.0,152.47975
37821.0,120.40579
37822.0,129.14157
37823.0,131.80673
37824.0,141.89577
37825.0,142.30223
37826.0,148.58696
37827.0,149.32565
37828.0,117.61285
37829.0,131.41783
37830.0,136.193
37801.0,147.75395
37832.0,145.3224
37860.0,155.53438
37843.0,137.50377
37844.0,138.97153
37845.0,144.59494
37846.0,141.83969
37847.0,152.5213
37848.0,165.24667
37849.0,126.28188
37850.0,138.66484
37851.0,136.12308
37852.0,145.03064
37853.0,148.35379
37854.0,160.15991
37855.0,162.01007
37856.0,123.097206
37857.0,137.42099
37858.0,136.95407
37802.0,155.48572
37833.0,158.65291
37861.0,172.3916
37871.0,134.65666
37872.0,134.34848
37873.0,145.48813
37874.0,151.98032
37875.0,166.88077
37876.0,166.36722
37877.0,125.008156
37878.0,137.80045
37879.0,135.41798
37880.0,144.9989
37881.0,148.11496
37882.0,159.58192
37883.0,161.1028
37884.0,121.992775
37885.0,136.49818
37886.0,136.63292
37887.0,145.29567
37888.0,148.01505
37889.0,161.18063
37803.0,179.11534
37834.0,130.09662
37862.0,141.22841
37804.0,148.0246
37835.0,145.40863
37863.0,155.08844
37805.0,162.6242
37836.0,174.939
37864.0,184.27281
37806.0,191.4733
37837.0,140.60481
37865.0,153.75539
37807.0,135.52075
37838.0,134.37892
37866.0,137.91878
37808.0,149.30856
37839.0,153.43417
37867.0,115.94604
37809.0,116.64779
37840.0,126.29395
37868.0,126.733635
37810.0,143.60518
37841.0,146.03413
37869.0,156.1257
37811.0,138.42087
37842.0,144.37039
37870.0,106.63662
38700.0,17.464817
38731.0,113.910645
38759.0,110.00202
38712.0,126.39989
38713.0,128.96655
38714.0,99.67708
38715.0,116.37101
38716.0,133.91359
38717.0,141.61711
38718.0,142.14903
38719.0,151.24203
38720.0,152.10527
38721.0,120.21916
38722.0,129.3173
38723.0,132.21442
38724.0,142.30345
38725.0,142.06142
38726.0,149.52292
38727.0,147.84099
38728.0,117.333984
38729.0,130.93575
38730.0,135.6738
38701.0,149.04721
38732.0,144.82307
38760.0,154.98189
38743.0,137.89445
38744.0,139.15494
38745.0,145.28824
38746.0,143.28722
38747.0,152.22449
38748.0,164.85872
38749.0,126.367805
38750.0,138.75076
38751.0,136.209
38752.0,145.11656
38753.0,148.43971
38754.0,159.77196
38755.0,161.5362
38756.0,123.097206
38757.0,137.42099
38758.0,136.95407
38702.0,155.57164
38733.0,158.73883
38761.0,171.99684
38771.0,134.74258
38772.0,134.4344
38773.0,145.57405
38774.0,152.06624
38775.0,166.48602
38776.0,165.97247
38777.0,125.09409
38778.0,137.88637
38779.0,135.5039
38780.0,145.08482
38781.0,148.20088
38782.0,158.78711
38783.0,160.22206
38784.0,121.59269
38785.0,136.09811
38786.0,136.23285
38787.0,144.8956
38788.0,147.61497
38789.0,160.2999
38703.0,178.7206
38734.0,130.18254
38762.0,141.31433
38704.0,148.11052
38735.0,145.49455
38763.0,155.17436
38705.0,162.71013
38736.0,174.54425
38764.0,183.87807
38706.0,191.07855
38737.0,140.69073
38765.0,153.84131
38707.0,135.60667
38738.0,134.46484
38766.0,138.0047
38708.0,148.91382
38739.0,153.03943
38767.0,116.03196
38709.0,116.679756
38740.0,126.32592
38768.0,126.7656
38710.0,143.63715
38741.0,146.0661
38769.0,155.677
38711.0,138.45284
38742.0,144.40236
38770.0,106.66859
39600.0,50.265263
39631.0,118.982124
39659.0,115.56282
39612.0,125.469635
39613.0,134.00635
39614.0,101.72612
39615.0,122.8492
39616.0,131.00822
39617.0,138.51572
39618.0,141.35835
39619.0,148.4836
39620.0,149.89285
39621.0,119.57161
39622.0,129.26782
39623.0,129.67471
39624.0,137.64558
39625.0,140.78987
39626.0,147.06291
39627.0,145.193
39628.0,117.762985
39629.0,130.05635
39630.0,135.61215
39601.0,146.5023
39632.0,144.51749
39660.0,151.33928
39643.0,138.81975
39644.0,138.11183
39645.0,141.93306
39646.0,142.15019
39647.0,148.55127
39648.0,165.63683
39649.0,127.061806
39650.0,139.44482
39651.0,136.90306
39652.0,145.81062
39653.0,149.13377
39654.0,160.4803
39655.0,162.24454
39656.0,123.79128
39657.0,138.21312
39658.0,137.7462
39602.0,156.24574
39633.0,159.41296
39661.0,172.75502
39671.0,135.4167
39672.0,135.12846
39673.0,146.26811
39674.0,152.7603
39675.0,167.26413
39676.0,166.75058
39677.0,125.788155
39678.0,138.58043
39679.0,136.19797
39680.0,145.77888
39681.0,148.89494
39682.0,159.49545
39683.0,160.9304
39684.0,122.286766
39685.0,136.89024
39686.0,137.02498
39687.0,145.10892
39688.0,147.8283
39689.0,159.92987
39603.0,179.32913
39634.0,130.85666
39662.0,141.98845
39604.0,148.78464
39635.0,146.16867
39663.0,155.84848
39605.0,163.4904
39636.0,175.40857
39664.0,184.74239
39606.0,191.79324
39637.0,141.49991
39665.0,154.65048
39607.0,136.36336
39638.0,134.86723
39666.0,138.4071
39608.0,149.22751
39639.0,153.50275
39667.0,116.76069
39609.0,117.408485
39640.0,127.05465
39668.0,127.49433
39610.0,144.36588
39641.0,146.79483
39669.0,156.14032
39611.0,138.76653
39642.0,144.86568
39670.0,107.73292
40500.0,34.377026
40531.0,115.65185
40559.0,112.1486
40512.0,125.71029
40513.0,127.99261
40514.0,101.43717
40515.0,117.52908
40516.0,132.65913
40517.0,140.67313
40518.0,140.7253
40519.0,149.17145
40520.0,150.60564
40521.0,120.2033
40522.0,129.05983
40523.0,131.7618
40524.0,141.33273
40525.0,141.04779
40526.0,148.06854
40527.0,147.60498
40528.0,117.1615
40529.0,130.70276
40530.0,135.62599
40501.0,148.13466
40532.0,144.1844
40560.0,154.03035
40543.0,138.18262
40544.0,139.3178
40545.0,144.18991
40546.0,141.13765
40547.0,148.55061
40548.0,165.10818
40549.0,127.52242
40550.0,139.90541
40551.0,137.36365
40552.0,146.55191
40553.0,149.21257
40554.0,161.00365
40555.0,162.28604
40556.0,124.347466
40557.0,138.76929
40558.0,138.30237
40502.0,156.30608
40533.0,158.99591
40561.0,172.52959
40571.0,135.95335
40572.0,135.66512
40573.0,146.74535
40574.0,152.76016
40575.0,167.51921
40576.0,166.16252
40577.0,126.248726
40578.0,139.04102
40579.0,136.65855
40580.0,146.46075
40581.0,148.91432
40582.0,159.95938
40583.0,160.91249
40584.0,122.78794
40585.0,137.3914
40586.0,137.52614
40587.0,145.61008
40588.0,147.90709
40589.0,160.89667
40503.0,178.64778
40534.0,130.9307
40562.0,142.06248
40504.0,148.83638
40535.0,146.22041
40563.0,155.90022
40505.0,162.75662
40536.0,174.93944
40564.0,183.30746
40506.0,190.10558
40537.0,141.66296
40565.0,154.57846
40507.0,136.10443
40538.0,134.6083
40566.0,137.37589
40508.0,149.02742
40539.0,152.50798
40567.0,116.75602
40509.0,117.40382
40540.0,127.04995
40568.0,127.48962
40510.0,144.33192
40541.0,145.98859
40569.0,155.75868
40511.0,137.5108
40542.0,142.67009
40570.0,107.1764
41400.0,12.834597
41431.0,114.01038
41459.0,110.437805
41412.0,125.14476
41413.0,125.15243
41414.0,100.03093
41415.0,115.379395
41416.0,132.31494
41417.0,140.21738
41418.0,139.72418
41419.0,148.69466
41420.0,149.70993
41421.0,120.49943
41422.0,129.07867
41423.0,130.80728
41424.0,141.03236
41425.0,138.71419
41426.0,147.07144
41427.0,146.22475
41428.0,117.296875
41429.0,130.84496
41430.0,135.38504
41401.0,146.94612
41432.0,142.02307
41460.0,151.96042
41443.0,137.4741
41444.0,137.96494
41445.0,143.72287
41446.0,141.03728
41447.0,149.37784
41448.0,164.53857
41449.0,126.576775
41450.0,139.09566
41451.0,136.5539
41452.0,145.74216
41453.0,148.07777
41454.0,159.86885
41455.0,161.71643
41456.0,123.5377
41457.0,138.85396
41458.0,138.38704
41402.0,155.40637
41433.0,158.04738
41461.0,171.58105
41471.0,135.2819
41472.0,134.99367
41473.0,146.0739
41474.0,151.50586
41475.0,166.26491
41476.0,165.59291
41477.0,125.30309
41478.0,138.23126
41479.0,135.8488
41480.0,145.651
41481.0,147.77953
41482.0,158.82458
41483.0,160.34288
41484.0,121.9782
41485.0,137.47607
41486.0,137.61081
41487.0,146.43063
41488.0,148.4026
41489.0,161.22165
41403.0,178.26443
41434.0,130.03099
41462.0,141.16278
41404.0,147.93668
41435.0,145.32071
41463.0,155.00052
41405.0,161.69405
41436.0,173.87686
41464.0,182.9441
41406.0,189.74222
41437.0,140.6571
41465.0,153.5726
41407.0,135.60555
41438.0,134.10942
41466.0,136.82031
41408.0,148.35454
41439.0,152.53429
41467.0,116.15366
41409.0,116.80146
41440.0,126.447624
41468.0,126.88726
41410.0,144.7647
41441.0,146.3508
41469.0,156.12086
41411.0,137.06657
41442.0,142.6964
41470.0,106.61263
42300.0,30.228376
42331.0,114.72583
42359.0,111.088295
42312.0,125.26238
42313.0,127.666954
42314.0,101.85243
42315.0,117.9857
42316.0,132.05748
42317.0,139.74643
42318.0,139.22331
42319.0,148.04776
42320.0,149.00821
42321.0,120.361725
42322.0,129.99327
42323.0,131.42624
42324.0,140.20601
42325.0,139.07982
42326.0,146.62201
42327.0,146.36397
42328.0,118.32691
42329.0,131.27455
42330.0,136.45143
42301.0,146.96259
42332.0,142.94907
42360.0,152.16888
42343.0,137.7661
42344.0,138.56842
42345.0,144.32635
42346.0,139.86789
42347.0,147.82288
42348.0,164.53857
42349.0,126.576775
42350.0,139.09566
42351.0,136.5539
42352.0,145.74216
42353.0,148.07777
42354.0,159.86885
42355.0,161.71643
42356.0,123.5377
42357.0,138.85396
42358.0,138.38704
42302.0,155.40637
42333.0,158.04738
42361.0,171.58105
42371.0,135.2819
42372.0,134.99367
42373.0,146.0739
42374.0,151.50586
42375.0,166.26491
42376.0,165.59291
42377.0,125.30309
42378.0,138.23126
42379.0,135.8488
42380.0,145.651
42381.0,147.77953
42382.0,158.82458
42383.0,160.34288
42384.0,121.9782
42385.0,137.47607
42386.0,137.61081
42387.0,146.43063
42388.0,148.4026
42389.0,161.22165
42303.0,178.26443
42334.0,130.03099
42362.0,141.16278
42304.0,147.93668
42335.0,145.32071
42363.0,155.00052
42305.0,161.69405
42336.0,173.87686
42364.0,182.9441
42306.0,189.74222
42337.0,140.6571
42365.0,153.5726
42307.0,135.60555
42338.0,134.10942
42366.0,136.82031
42308.0,148.35454
42339.0,152.53429
42367.0,116.15366
42309.0,116.80146
42340.0,126.447624
42368.0,126.88726
42310.0,144.7647
42341.0,146.3508
42369.0,156.12086
42311.0,137.06657
42342.0,142.6964
42370.0,106.61263
43200.0,18.040676
43231.0,112.02187
43259.0,110.0474
43212.0,123.671394
43213.0,124.96143
43214.0,98.93504
43215.0,115.01442
43216.0,132.26758
43217.0,140.21738
43218.0,140.29608
43219.0,148.8307
43220.0,149.84598
43221.0,120.57747
43222.0,129.49045
43223.0,130.64233
43224.0,141.02486
43225.0,138.85023
43226.0,147.20752
43227.0,146.22475
43228.0,117.43223
43229.0,131.20891
43230.0,135.31693
43201.0,146.70375
43232.0,141.8081
43260.0,151.96042
43243.0,137.41606
43244.0,137.90689
43245.0,143.72287
43246.0,140.91191
43247.0,149.37784
43248.0,164.53857
43249.0,126.57047
43250.0,139.08936
43251.0,136.54759
43252.0,145.74216
43253.0,148.07777
43254.0,159.86885
43255.0,161.71643
43256.0,123.531395
43257.0,138.84766
43258.0,138.38074
43202.0,155.40637
43233.0,158.04738
43261.0,171.58105
43271.0,135.2756
43272.0,134.98737
43273.0,146.0739
43274.0,151.50586
43275.0,166.26491
43276.0,165.59291
43277.0,125.29679
43278.0,138.22496
43279.0,135.8425
43280.0,145.651
43281.0,147.77953
43282.0,158.82458
43283.0,160.34288
43284.0,121.9719
43285.0,137.46977
43286.0,137.6045
43287.0,146.43063
43288.0,148.4026
43289.0,161.0545
43203.0,178.26443
43234.0,130.02469
43262.0,141.15648
43204.0,147.93037
43235.0,145.3144
43263.0,155.00052
43205.0,161.65736
43236.0,173.76714
43264.0,182.83438
43206.0,190.176
43237.0,140.61412
43265.0,153.52962
43207.0,135.53369
43238.0,134.04387
43266.0,136.75476
43208.0,148.35454
43239.0,152.53429
43267.0,116.14736
43209.0,116.79516
43240.0,126.44132
43268.0,126.88096
43210.0,144.7647
43241.0,146.3508
43269.0,156.12086
43211.0,137.11743
43242.0,142.6964
43270.0,106.61263
44100.0,39.47271
44131.0,114.29422
44159.0,111.43733
44112.0,124.88914
44113.0,130.61961
44114.0,103.1573
44115.0,117.825035
44116.0,131.06761
44117.0,138.14552
44118.0,138.99387
44119.0,148.2407
44120.0,147.9039
44121.0,119.66365
44122.0,128.48886
44123.0,129.76906
44124.0,137.85695
44125.0,138.37006
44126.0,145.10327
44127.0,144.89574
44128.0,117.637276
44129.0,131.34776
44130.0,135.3483
44101.0,145.22528
44132.0,141.81786
44160.0,152.10161
44143.0,137.68446
44144.0,137.17607
44145.0,141.60823
44146.0,140.19861
44147.0,147.95064
44148.0,164.20915
44149.0,126.24853
44150.0,138.76741
44151.0,136.22565
44152.0,145.42021
44153.0,147.74835
44154.0,159.53943
44155.0,161.38701
44156.0,123.20945
44157.0,138.52571
44158.0,138.05879
44102.0,155.38733
44133.0,158.02086
44161.0,171.55453
44171.0,134.95366
44172.0,134.66542
44173.0,145.75195
44174.0,151.17644
44175.0,165.93549
44176.0,165.26349
44177.0,124.97483
44178.0,137.90302
44179.0,135.52055
44180.0,145.32906
44181.0,147.4501
44182.0,158.49516
44183.0,160.01346
44184.0,121.649956
44185.0,137.14783
44186.0,137.28256
44187.0,146.10869
44188.0,148.07318
44189.0,160.72508
44103.0,178.2027
44134.0,129.97043
44162.0,141.10222
44104.0,147.87611
44135.0,145.26015
44163.0,154.94626
44105.0,161.59563
44136.0,173.7054
44164.0,182.34494
44106.0,190.00558
44137.0,140.87892
44165.0,153.79442
44107.0,135.43813
44138.0,133.9483
44166.0,136.65172
44108.0,148.35454
44139.0,152.53429
44167.0,116.154854
44109.0,116.80991
44140.0,126.45608
44168.0,126.89571
44110.0,144.78159
44141.0,146.3508
44169.0,156.12086
44111.0,137.11743
44142.0,142.6964
44170.0,106.62954
90.0,17.107634
121.0,111.58839
149.0,108.42994
102.0,117.072845
103.0,120.89277
104.0,93.120766
105.0,112.52529
106.0,127.50171
107.0,131.94121
108.0,135.40068
109.0,141.80484
110.0,144.1686
111.0,115.72159
112.0,126.99011
113.0,128.23857
114.0,136.2949
115.0,137.09483
116.0,141.59525
117.0,145.70325
118.0,113.84837
119.0,126.82666
120.0,131.56349
91.0,139.81703
122.0,140.30945
150.0,148.66125
133.0,130.17786
134.0,132.0418
135.0,135.4888
136.0,134.79243
137.0,139.97437
138.0,161.69234
139.0,121.21741
140.0,133.41731
141.0,131.35072
142.0,140.19196
143.0,141.8073
144.0,155.63846
145.0,159.78209
146.0,120.22734
147.0,134.87277
148.0,134.65237
92.0,147.82927
123.0,153.43515
151.0,169.34167
161.0,129.88234
162.0,130.93254
163.0,139.9294
164.0,144.16989
165.0,160.40744
166.0,162.33766
167.0,120.535385
168.0,133.14462
169.0,131.54097
170.0,140.38893
171.0,141.5247
172.0,155.62935
173.0,159.67882
174.0,121.05165
175.0,135.6332
176.0,136.01442
177.0,143.73094
178.0,141.61499
179.0,157.09058
93.0,178.79065
124.0,125.55264
152.0,138.57423
94.0,141.45293
125.0,141.5163
153.0,151.28148
95.0,159.00204
126.0,175.94576
154.0,184.59666
96.0,189.04126
127.0,134.10623
155.0,147.30475
97.0,129.45741
128.0,133.26422
156.0,140.68932
98.0,152.32599
129.0,157.21681
157.0,113.720436
99.0,112.17569
130.0,123.98159
158.0,127.25482
100.0,139.3173
131.0,145.43706
159.0,158.55667
101.0,139.01399
132.0,145.44543
160.0,103.33131
990.0,50.509315
1021.0,113.75776
1049.0,119.50942
1002.0,119.05609
1003.0,121.42896
1004.0,103.37353
1005.0,118.88404
1006.0,122.119934
1007.0,127.68514
1008.0,133.30498
1009.0,139.97594
1010.0,141.85762
1011.0,110.829544
1012.0,122.49351
1013.0,124.73572
1014.0,135.74603
1015.0,136.30322
1016.0,139.10344
1017.0,145.63467
1018.0,113.01921
1019.0,124.46085
1020.0,129.02296
991.0,137.60709
1022.0,139.1138
1050.0,145.97493
1033.0,127.28496
1034.0,128.12044
1035.0,134.17946
1036.0,130.20793
1037.0,136.01799
1038.0,162.10541
1039.0,120.95515
1040.0,133.15504
1041.0,131.08846
1042.0,139.92969
1043.0,141.54503
1044.0,155.37619
1045.0,159.76018
1046.0,120.08665
1047.0,134.73209
1048.0,134.51169
992.0,147.567
1023.0,153.17288
1051.0,169.0794
1061.0,129.62007
1062.0,130.67027
1063.0,139.66713
1064.0,143.90762
1065.0,160.14517
1066.0,162.75073
1067.0,120.273125
1068.0,132.88235
1069.0,131.2787
1070.0,140.12666
1071.0,141.26244
1072.0,155.36708
1073.0,159.6569
1074.0,120.91096
1075.0,135.49251
1076.0,135.87373
1077.0,143.59026
1078.0,141.59308
1079.0,157.06866
993.0,179.20372
1024.0,125.29038
1052.0,138.31197
994.0,141.19066
1025.0,141.25403
1053.0,151.01921
995.0,158.73978
1026.0,175.68349
1054.0,185.00974
996.0,189.45433
1027.0,134.17267
1055.0,147.37119
997.0,129.60469
1028.0,133.41151
1056.0,140.83661
998.0,152.3779
1029.0,157.61536
1057.0,113.77235
999.0,112.2276
1030.0,124.0335
1058.0,127.30673
1000.0,139.36922
1031.0,145.48897
1059.0,158.60858
1001.0,139.01399
1032.0,145.44543
1060.0,103.33131
1890.0,30.943121
1921.0,113.27534
1949.0,110.12533
1902.0,118.77902
1903.0,121.799904
1904.0,94.83303
1905.0,113.42327
1906.0,126.05934
1907.0,130.26035
1908.0,133.74393
1909.0,139.30261
1910.0,142.11232
1911.0,113.47223
1912.0,124.715744
1913.0,125.60608
1914.0,134.9947
1915.0,135.2303
1916.0,139.58238
1917.0,143.99226
1918.0,112.08099
1919.0,125.94023
1920.0,129.83546
1891.0,139.13911
1922.0,138.86841
1950.0,145.21432
1933.0,128.33696
1934.0,130.08093
1935.0,133.38846
1936.0,132.5349
1937.0,137.9807
1938.0,160.42906
1939.0,119.409744
1940.0,131.60963
1941.0,129.54305
1942.0,138.38428
1943.0,140.44891
1944.0,154.28008
1945.0,158.53313
1946.0,118.99054
1947.0,133.63597
1948.0,133.41557
1892.0,147.46022
1923.0,153.06607
1951.0,169.10309
1961.0,128.79976
1962.0,129.84996
1963.0,138.84682
1964.0,143.08731
1965.0,159.32486
1966.0,161.6654
1967.0,119.15369
1968.0,131.76292
1969.0,130.15927
1970.0,139.00723
1971.0,140.5923
1972.0,154.83725
1973.0,158.99614
1974.0,120.38111
1975.0,134.96268
1976.0,135.3439
1977.0,143.06042
1978.0,141.06325
1979.0,156.53883
1893.0,179.09566
1924.0,125.18236
1952.0,138.33437
1894.0,140.58934
1925.0,140.65271
1953.0,150.54839
1895.0,158.68144
1926.0,175.62515
1954.0,185.0819
1896.0,188.34102
1927.0,133.05936
1955.0,146.38837
1897.0,129.832
1928.0,132.90938
1956.0,140.71207
1898.0,152.12286
1929.0,157.41827
1957.0,114.275154
1899.0,111.941795
1930.0,123.60269
1958.0,127.00645
1900.0,138.8289
1931.0,145.7217
1959.0,158.9718
1901.0,138.29222
1932.0,144.78162
1960.0,103.23587
2790.0,18.970766
2821.0,110.82612
2849.0,108.981804
2802.0,115.6606
2803.0,118.80514
2804.0,94.39721
2805.0,111.70762
2806.0,127.506744
2807.0,130.87006
2808.0,134.06296
2809.0,140.67836
2810.0,142.62552
2811.0,114.59508
2812.0,125.68581
2813.0,128.6072
2814.0,135.70586
2815.0,136.73004
2816.0,140.20341
2817.0,144.35977
2818.0,113.01381
2819.0,126.94063
2820.0,129.63762
2791.0,138.8762
2822.0,139.66351
2850.0,147.5058
2833.0,128.35057
2834.0,131.00961
2835.0,134.45662
2836.0,132.5349
2837.0,139.5105
2838.0,160.49437
2839.0,119.409744
2840.0,131.60963
2841.0,129.54305
2842.0,138.38428
2843.0,140.44891
2844.0,154.28008
2845.0,158.59843
2846.0,118.99054
2847.0,133.63597
2848.0,133.41557
2792.0,147.46022
2823.0,153.06607
2851.0,169.10309
2861.0,128.79976
2862.0,129.84996
2863.0,138.84682
2864.0,143.08731
2865.0,159.32486
2866.0,161.73071
2867.0,119.15369
2868.0,131.76292
2869.0,130.15927
2870.0,139.00723
2871.0,140.5923
2872.0,154.83725
2873.0,159.06145
2874.0,120.38111
2875.0,134.96268
2876.0,135.3439
2877.0,143.06042
2878.0,141.06325
2879.0,156.53883
2793.0,179.16096
2824.0,125.18236
2852.0,138.33437
2794.0,140.58934
2825.0,140.65271
2853.0,150.54839
2795.0,158.68144
2826.0,175.62515
2854.0,185.25781
2796.0,188.51694
2827.0,133.05936
2855.0,146.38837
2797.0,129.832
2828.0,132.90938
2856.0,140.71207
2798.0,152.12286
2829.0,157.5942
2857.0,114.275154
2799.0,111.941795
2830.0,123.60269
2858.0,127.00645
2800.0,138.8289
2831.0,145.7217
2859.0,158.9718
2801.0,138.29222
2832.0,144.79047
2860.0,103.23587
3690.0,16.09961
3721.0,109.95524
3749.0,108.10197
3702.0,117.991806
3703.0,120.18386
3704.0,93.1359
3705.0,109.74207
3706.0,127.506744
3707.0,132.00536
3708.0,134.56613
3709.0,140.97029
3710.0,142.33359
3711.0,114.887024
3712.0,125.68581
3713.0,127.31438
3714.0,136.9091
3715.0,135.96835
3716.0,141.05263
3717.0,143.86824
3718.0,113.01381
3719.0,126.87993
3720.0,130.72894
3691.0,139.48839
3722.0,138.86841
3750.0,147.5058
3733.0,129.14565
3734.0,131.00961
3735.0,134.89244
3736.0,133.76025
3737.0,140.31508
3738.0,160.49437
3739.0,119.409744
3740.0,131.60963
3741.0,129.54305
3742.0,138.38428
3743.0,140.44891
3744.0,154.28008
3745.0,158.59843
3746.0,118.99054
3747.0,133.63597
3748.0,133.41557
3692.0,147.46022
3723.0,153.06607
3751.0,169.10309
3761.0,128.79976
3762.0,129.84996
3763.0,138.84682
3764.0,143.08731
3765.0,159.32486
3766.0,161.73071
3767.0,119.15369
3768.0,131.76292
3769.0,130.15927
3770.0,139.00723
3771.0,140.5923
3772.0,154.83725
3773.0,159.06145
3774.0,120.38111
3775.0,134.96268
3776.0,135.3439
3777.0,143.06042
3778.0,141.06325
3779.0,156.53883
3693.0,179.16096
3724.0,125.18236
3752.0,138.33437
3694.0,140.58934
3725.0,140.65271
3753.0,150.54839
3695.0,158.68144
3726.0,175.62515
3754.0,185.25781
3696.0,188.51694
3727.0,133.05936
3755.0,146.38837
3697.0,129.832
3728.0,132.90938
3756.0,140.71207
3698.0,152.12286
3729.0,157.5942
3757.0,114.275154
3699.0,111.941795
3730.0,123.60269
3758.0,127.00645
3700.0,138.8289
3731.0,145.7217
3759.0,158.9718
3701.0,138.29222
3732.0,144.79047
3760.0,103.23587
4590.0,50.954502
4621.0,113.55594
4649.0,112.12925
4602.0,116.80658
4603.0,125.31965
4604.0,96.53657
4605.0,114.35905
4606.0,126.35144
4607.0,127.48305
4608.0,132.21715
4609.0,136.58151
4610.0,135.72282
4611.0,112.918076
4612.0,122.96669
4613.0,122.63295
4614.0,129.97548
4615.0,135.52008
4616.0,137.87592
4617.0,141.38266
4618.0,108.82736
4619.0,126.06459
4620.0,129.30565
4591.0,137.00462
4622.0,139.21204
4650.0,145.3201
4633.0,128.43361
4634.0,129.63994
4635.0,130.32785
4636.0,131.15982
4637.0,137.47293
4638.0,161.14851
4639.0,119.629814
4640.0,131.8297
4641.0,129.7631
4642.0,138.23018
4643.0,140.29482
4644.0,154.49617
4645.0,159.2741
4646.0,119.21061
4647.0,133.85603
4648.0,133.63564
4592.0,147.69002
4623.0,153.29593
4651.0,168.66946
4661.0,129.01982
4662.0,130.07002
4663.0,139.06937
4664.0,143.30986
4665.0,159.25032
4666.0,162.01237
4667.0,119.37376
4668.0,131.98299
4669.0,130.37933
4670.0,138.85313
4671.0,140.4382
4672.0,154.68086
4673.0,159.36462
4674.0,120.60118
4675.0,135.18274
4676.0,135.56396
4677.0,142.89508
4678.0,140.8979
4679.0,156.36275
4593.0,179.0835
4624.0,125.402435
4652.0,138.55444
4594.0,140.80942
4625.0,140.87276
4653.0,150.7782
4595.0,158.51817
4626.0,174.79837
4654.0,184.057
4596.0,188.10582
4627.0,133.29535
4655.0,146.62436
4597.0,130.068
4628.0,133.1715
4656.0,140.97418
4598.0,151.87158
4629.0,156.96887
4657.0,114.51115
4599.0,112.17779
4630.0,123.838684
4658.0,127.24243
4600.0,139.09102
4631.0,145.98381
4659.0,158.75534
4601.0,138.13638
4632.0,144.26056
4660.0,103.66638
5490.0,51.358097
5521.0,113.357925
5549.0,114.08287
5502.0,120.10319
5503.0,125.25501
5504.0,103.76895
5505.0,117.1307
5506.0,123.66046
5507.0,127.479836
5508.0,133.838
5509.0,136.56975
5510.0,138.5718
5511.0,113.57901
5512.0,124.80403
5513.0,124.20698
5514.0,129.482
5515.0,134.07062
5516.0,137.83086
5517.0,142.68959
5518.0,110.2605
5519.0,124.60507
5520.0,127.39987
5491.0,138.20312
5522.0,138.73634
5550.0,144.04494
5533.0,128.84239
5534.0,126.32837
5535.0,130.82979
5536.0,129.41731
5537.0,135.27397
5538.0,162.1427
5539.0,120.80234
5540.0,133.00224
5541.0,130.93565
5542.0,139.40273
5543.0,141.45308
5544.0,155.56606
5545.0,160.26828
5546.0,120.43343
5547.0,135.07887
5548.0,134.85847
5492.0,147.01114
5523.0,152.10516
5551.0,167.39032
5561.0,129.6729
5562.0,130.7231
5563.0,139.72244
5564.0,143.94865
5565.0,159.80074
5566.0,162.48709
5567.0,120.02684
5568.0,132.63606
5569.0,131.03241
5570.0,139.50621
5571.0,141.077
5572.0,155.23128
5573.0,159.83934
5574.0,121.30456
5575.0,135.88611
5576.0,136.26733
5577.0,143.54816
5578.0,141.5367
5579.0,156.8027
5493.0,178.22621
5524.0,124.21299
5552.0,137.36504
5494.0,140.14986
5525.0,139.71562
5553.0,149.62106
5495.0,158.36748
5526.0,174.06172
5554.0,183.24467
5496.0,187.2736
5527.0,132.08731
5555.0,145.41632
5497.0,129.45464
5528.0,132.13632
5556.0,139.98132
5498.0,151.21214
5529.0,155.81192
5557.0,113.47599
5499.0,111.67116
5530.0,122.910255
5558.0,126.31396
5500.0,138.58437
5531.0,145.09767
5559.0,157.78082
5501.0,137.77487
5532.0,143.82834
5560.0,102.55852
6390.0,68.61658
6421.0,111.54119
6449.0,121.237114
6402.0,125.21883
6403.0,132.67995
6404.0,105.30221
6405.0,121.1909
6406.0,122.3689
6407.0,127.974
6408.0,131.76341
6409.0,134.08313
6410.0,138.20921
6411.0,109.072395
6412.0,121.27305
6413.0,124.10452
6414.0,125.3309
6415.0,133.72876
6416.0,135.56133
6417.0,138.7265
6418.0,108.27598
6419.0,122.82494
6420.0,118.85426
6391.0,134.29672
6422.0,138.43687
6450.0,143.86977
6433.0,126.61694
6434.0,128.6035
6435.0,127.45882
6436.0,132.07553
6437.0,145.79626
6438.0,162.0135
6439.0,119.57201
6440.0,131.77182
6441.0,129.85464
6442.0,138.32173
6443.0,140.79251
6444.0,155.14502
6445.0,160.17708
6446.0,119.06971
6447.0,134.1031
6448.0,134.03212
6392.0,146.43536
6423.0,151.90555
6451.0,167.43652
6461.0,129.12749
6462.0,130.39507
6463.0,139.39441
6464.0,143.99677
6465.0,160.09468
6466.0,163.11087
6467.0,119.54941
6468.0,132.15862
6469.0,130.70438
6470.0,139.17818
6471.0,141.16939
6472.0,155.49525
6473.0,160.43315
6474.0,120.634575
6475.0,135.60405
6476.0,136.13469
6477.0,143.4068
6478.0,141.9491
6479.0,157.45465
6393.0,178.35736
6424.0,123.49653
6452.0,136.64857
6394.0,139.43336
6425.0,139.14857
6453.0,149.04529
6395.0,158.32027
6426.0,174.10793
6454.0,183.37582
6396.0,187.02298
6427.0,131.44482
6455.0,144.77383
6397.0,128.96155
6428.0,131.63454
6456.0,139.62633
6398.0,150.26418
6429.0,154.9489
6457.0,111.9024
6399.0,110.07977
6430.0,121.31884
6458.0,124.87204
6400.0,137.44957
6431.0,144.38191
6459.0,157.08449
6401.0,136.80493
6432.0,142.94334
6460.0,101.00073
7290.0,42.542553
7321.0,113.30454
7349.0,113.22006
7302.0,122.43946
7303.0,125.96783
7304.0,99.26053
7305.0,121.679474
7306.0,123.48639
7307.0,125.666336
7308.0,131.01753
7309.0,138.51822
7310.0,137.9037
7311.0,111.98984
7312.0,123.60933
7313.0,124.04549
7314.0,131.23657
7315.0,133.69075
7316.0,139.99826
7317.0,142.26933
7318.0,111.56059
7319.0,125.65471
7320.0,127.51807
7291.0,136.47821
7322.0,137.82397
7350.0,145.38586
7333.0,127.62359
7334.0,128.3494
7335.0,132.11261
7336.0,130.47928
7337.0,135.6167
7338.0,160.84076
7339.0,120.05539
7340.0,131.39368
7341.0,129.24783
7342.0,137.44307
7343.0,140.44789
7344.0,154.71591
7345.0,159.82979
7346.0,119.74105
7347.0,133.9129
7348.0,133.95804
7292.0,146.6833
7323.0,151.87999
7351.0,166.56136
7361.0,129.28496
7362.0,130.32387
7363.0,139.05136
7364.0,143.0274
7365.0,158.92192
7366.0,161.93813
7367.0,120.03282
7368.0,131.78047
7369.0,130.09755
7370.0,138.29951
7371.0,140.82475
7372.0,155.15454
7373.0,160.17422
7374.0,121.30592
7375.0,135.41382
7376.0,136.06061
7377.0,143.06087
7378.0,142.60387
7379.0,158.02495
7293.0,177.42206
7324.0,124.52707
7352.0,136.81761
7294.0,140.39958
7325.0,139.51427
7353.0,149.13914
7295.0,159.06892
7326.0,173.63513
7354.0,182.6786
7296.0,187.62451
7327.0,132.28201
7355.0,145.61101
7297.0,129.91408
7328.0,132.40027
7356.0,139.92133
7298.0,151.21954
7329.0,155.76492
7357.0,112.7461
7299.0,111.31168
7330.0,122.6358
7358.0,125.48961
7300.0,137.53453
7331.0,144.55193
7359.0,157.36505
7301.0,137.416
7332.0,143.63571
7360.0,101.04118
8190.0,66.11182
8221.0,110.42539
8249.0,115.66751
8202.0,123.92642
8203.0,129.47522
8204.0,102.33798
8205.0,120.48468
8206.0,120.33641
8207.0,128.15865
8208.0,127.47485
8209.0,137.05173
8210.0,135.09778
8211.0,109.21951
8212.0,119.35543
8213.0,121.73395
8214.0,125.47562
8215.0,132.804
8216.0,136.3425
8217.0,140.14633
8218.0,109.17012
8219.0,121.79469
8220.0,124.22131
8191.0,137.5674
8222.0,137.54715
8250.0,141.72101
8233.0,127.15366
8234.0,127.1316
8235.0,130.01031
8236.0,129.43167
8237.0,143.22969
8238.0,160.76065
8239.0,119.015976
8240.0,130.6322
8241.0,129.3045
8242.0,137.3246
8243.0,140.32964
8244.0,154.57458
8245.0,159.68846
8246.0,119.133
8247.0,133.53754
8248.0,134.72083
8192.0,146.70369
8223.0,151.50294
8251.0,166.16124
8261.0,127.95066
8262.0,129.74919
8263.0,138.35458
8264.0,142.91187
8265.0,158.78328
8266.0,161.79948
8267.0,118.93489
8268.0,130.96046
8269.0,130.09572
8270.0,138.12251
8271.0,140.648
8272.0,155.01321
8273.0,160.0329
8274.0,120.69787
8275.0,135.03845
8276.0,136.8234
8277.0,144.08507
8278.0,143.33318
8279.0,158.73119
8193.0,177.02194
8224.0,123.48762
8252.0,135.48332
8194.0,139.85481
8225.0,139.12901
8253.0,148.63179
8195.0,159.13722
8226.0,173.68033
8254.0,182.7238
8196.0,187.9032
8227.0,131.78079
8255.0,145.10982
8197.0,130.6328
8228.0,132.33826
8256.0,140.2231
8198.0,151.49823
8229.0,156.04361
8257.0,112.51114
8199.0,111.73535
8230.0,122.40084
8258.0,125.815956
8200.0,138.3974
8231.0,145.09688
8259.0,157.88692
8201.0,137.93787
8232.0,144.15758
8260.0,100.80622
9090.0,59.83387
9121.0,108.04367
9149.0,117.20047
9102.0,121.53087
9103.0,127.895775
9104.0,107.79165
9105.0,125.87851
9106.0,121.2686
9107.0,128.0904
9108.0,130.77713
9109.0,134.37408
9110.0,139.43756
9111.0,108.98232
9112.0,119.617805
9113.0,121.08416
9114.0,127.90414
9115.0,132.4189
9116.0,134.772
9117.0,135.9459
9118.0,110.29783
9119.0,124.11433
9120.0,128.4562
9091.0,139.57108
9122.0,138.15514
9150.0,144.19212
9133.0,128.86357
9134.0,128.37315
9135.0,131.36826
9136.0,133.39348
9137.0,137.81212
9138.0,161.37265
9139.0,119.27789
9140.0,130.97348
9141.0,129.64578
9142.0,137.71962
9143.0,140.72466
9144.0,154.9696
9145.0,160.30046
9146.0,119.39492
9147.0,133.87878
9148.0,135.06207
9092.0,148.32265
9123.0,153.1219
9151.0,167.11378
9161.0,129.67781
9162.0,131.47633
9163.0,139.59274
9164.0,143.69589
9165.0,159.56734
9166.0,162.51936
9167.0,119.30468
9168.0,131.40959
9169.0,130.54485
9170.0,138.62541
9171.0,141.15086
9172.0,155.51608
9173.0,160.75278
9174.0,120.51642
9175.0,134.93634
9176.0,136.72128
9177.0,144.03673
9178.0,143.28484
9179.0,158.81865
9093.0,177.99713
9124.0,124.185776
9152.0,136.07341
9094.0,140.8018
9125.0,140.07603
9153.0,149.3426
9095.0,160.20494
9126.0,174.43857
9154.0,183.34212
9096.0,188.87842
9127.0,132.47894
9155.0,145.6999
9097.0,129.8566
9128.0,131.68274
9156.0,138.96356
9098.0,150.32903
9129.0,155.08847
9157.0,111.464035
9099.0,110.68823
9130.0,120.91537
9158.0,123.9736
9100.0,137.56111
9131.0,144.31152
9159.0,156.88928
9101.0,137.2313
9132.0,143.60544
9160.0,100.38485
9990.0,58.463737
10021.0,121.00648
10049.0,119.88023
10002.0,123.4979
10003.0,126.30677
10004.0,110.60823
10005.0,118.59908
10006.0,122.94888
10007.0,129.43419
10008.0,132.30832
10009.0,135.29593
10010.0,136.6613
10011.0,110.266075
10012.0,123.31717
10013.0,123.80677
10014.0,129.58344
10015.0,133.92503
10016.0,135.94426
10017.0,139.09282
10018.0,110.941635
10019.0,124.36287
10020.0,127.99012
9991.0,135.33205
10022.0,139.33063
10050.0,144.26773
10033.0,127.984116
10034.0,129.28415
10035.0,132.14027
10036.0,132.7286
10037.0,137.10045
10038.0,162.00792
10039.0,119.94146
10040.0,131.63704
10041.0,130.30934
10042.0,138.38321
10043.0,141.38824
10044.0,155.60487
10045.0,160.93573
10046.0,120.05849
10047.0,134.54237
10048.0,135.72566
9992.0,149.45425
10023.0,154.25348
10051.0,168.11566
10061.0,129.99576
10062.0,131.79428
10063.0,140.01884
10064.0,144.122
10065.0,160.2026
10066.0,163.15463
10067.0,120.04191
10068.0,132.14682
10069.0,131.28207
10070.0,139.36264
10071.0,141.88809
10072.0,156.22502
10073.0,161.46172
10074.0,121.25365
10075.0,135.67357
10076.0,137.45851
10077.0,145.32803
10078.0,144.57614
10079.0,160.008
9993.0,178.31493
10024.0,124.68074
10052.0,136.77515
9994.0,141.29678
10025.0,140.57098
10053.0,150.04431
9995.0,160.90665
10026.0,175.01054
10054.0,183.65991
9996.0,189.81987
10027.0,133.80098
10055.0,147.22873
9997.0,129.90088
10028.0,131.72702
10056.0,139.00784
9998.0,151.06863
10029.0,155.36903
10057.0,111.74491
9999.0,111.09509
10030.0,121.32223
10058.0,124.38045
10000.0,137.96799
10031.0,144.7184
10059.0,157.54768
10001.0,137.99034
10032.0,143.9055
10060.0,100.89239
10890.0,70.11894
10921.0,118.24601
10949.0,119.97696
10902.0,128.51686
10903.0,141.38907
10904.0,104.079254
10905.0,127.035034
10906.0,125.89144
10907.0,126.06669
10908.0,130.14645
10909.0,136.44081
10910.0,135.55121
10911.0,111.460625
10912.0,119.77532
10913.0,126.18512
10914.0,128.44646
10915.0,134.12386
10916.0,138.27586
10917.0,139.11668
10918.0,111.77524
10919.0,124.30497
10920.0,126.25325
10891.0,139.08133
10922.0,142.08113
10950.0,146.03627
10933.0,130.18614
10934.0,127.335754
10935.0,130.93672
10936.0,134.16049
10937.0,140.19846
10938.0,162.22708
10939.0,122.73719
10940.0,134.43283
10941.0,131.67444
10942.0,139.61266
10943.0,142.88454
10944.0,156.73999
10945.0,161.09206
10946.0,122.860374
10947.0,137.53589
10948.0,136.99744
10892.0,151.33575
10923.0,155.84909
10951.0,169.35004
10961.0,132.98534
10962.0,133.06648
10963.0,141.14407
10964.0,145.80267
10965.0,161.52208
10966.0,163.43538
10967.0,122.47031
10968.0,134.57527
10969.0,132.2798
10970.0,140.65367
10971.0,143.446
10972.0,157.42172
10973.0,161.6796
10974.0,123.688194
10975.0,138.29971
10976.0,138.36295
10977.0,146.37193
10978.0,145.81741
10979.0,161.28082
10893.0,179.14642
10924.0,126.804306
10952.0,138.25688
10894.0,144.65994
10925.0,141.6325
10953.0,151.22226
10895.0,163.60419
10926.0,175.81148
10954.0,184.7143
10896.0,193.68526
10927.0,137.97336
10955.0,151.16069
10897.0,135.52826
10928.0,135.57198
10956.0,142.52602
10898.0,152.99525
10929.0,157.35335
10957.0,113.73225
10899.0,114.779396
10930.0,125.276505
10958.0,128.42044
10900.0,141.5623
10931.0,147.51825
10959.0,159.7062
10901.0,140.13147
10932.0,146.30971
10960.0,103.94899
11790.0,51.44904
11821.0,117.33458
11849.0,117.45657
11802.0,125.493576
11803.0,134.03711
11804.0,98.41184
11805.0,124.49899
11806.0,128.22527
11807.0,131.80963
11808.0,136.26768
11809.0,142.82008
11810.0,144.533
11811.0,113.396736
11812.0,125.48604
11813.0,126.89568
11814.0,135.38493
11815.0,136.0125
11816.0,143.23866
11817.0,145.25595
11818.0,114.93534
11819.0,128.26718
11820.0,129.74265
11791.0,143.93831
11822.0,142.99692
11850.0,149.76442
11833.0,132.2869
11834.0,133.15764
11835.0,134.74878
11836.0,135.91974
11837.0,142.78784
11838.0,166.2473
11839.0,127.937294
11840.0,139.63298
11841.0,135.76582
11842.0,142.9708
11843.0,145.55725
11844.0,160.15474
11845.0,165.07584
11846.0,127.8032
11847.0,141.9536
11848.0,140.43349
11792.0,154.47096
11823.0,157.86076
11851.0,172.09169
11861.0,136.48364
11862.0,135.69675
11863.0,143.2354
11864.0,148.3033
11865.0,165.02435
11866.0,167.16913
11867.0,127.22558
11868.0,139.33054
11869.0,136.16702
11870.0,143.9661
11871.0,146.11676
11872.0,160.83449
11873.0,165.66142
11874.0,128.37132
11875.0,142.45787
11876.0,141.53938
11877.0,148.48672
11878.0,147.80269
11879.0,162.95576
11793.0,181.02159
11824.0,129.49962
11852.0,140.95215
11794.0,147.35075
11825.0,143.58128
11853.0,152.6233
11795.0,165.34828
11826.0,177.72794
11854.0,186.49123
11796.0,195.2211
11827.0,141.41518
11855.0,154.60248
11797.0,137.66975
11828.0,137.76666
11856.0,144.3316
11798.0,154.63115
11829.0,158.25287
11857.0,117.09383
11799.0,116.86906
11830.0,127.36612
11858.0,129.64209
11800.0,142.81639
11831.0,148.77452
11859.0,160.96248
11801.0,141.67532
11832.0,146.84679
11860.0,106.29996
12690.0,78.98108
12721.0,116.955154
12749.0,133.43216
12702.0,129.92964
12703.0,141.77287
12704.0,101.97443
12705.0,131.94234
12706.0,128.17532
12707.0,129.22667
12708.0,133.13834
12709.0,144.47168
12710.0,145.03291
12711.0,110.91381
12712.0,121.098755
12713.0,125.86921
12714.0,132.84439
12715.0,134.63423
12716.0,137.90703
12717.0,144.80733
12718.0,111.13778
12719.0,128.01547
12720.0,127.66505
12691.0,145.80061
12722.0,145.43105
12750.0,149.32994
12733.0,130.04213
12734.0,134.41388
12735.0,132.17464
12736.0,137.68193
12737.0,147.8306
12738.0,167.37816
12739.0,128.51674
12740.0,140.21242
12741.0,136.34526
12742.0,143.55023
12743.0,146.13669
12744.0,161.32964
12745.0,166.17538
12746.0,128.35127
12747.0,142.50172
12748.0,140.98161
12692.0,155.15703
12723.0,158.54683
12751.0,173.37321
12761.0,137.16971
12762.0,136.27618
12763.0,143.81483
12764.0,148.88274
12765.0,166.19925
12766.0,168.29999
12767.0,127.804955
12768.0,139.90997
12769.0,136.74646
12770.0,144.54553
12771.0,146.6962
12772.0,162.00938
12773.0,166.76097
12774.0,128.91945
12775.0,143.006
12776.0,142.08751
12777.0,149.03485
12778.0,148.35081
12779.0,164.09935
12693.0,182.25908
12724.0,130.18568
12752.0,141.63821
12694.0,148.14662
12725.0,144.37715
12753.0,153.41917
12695.0,166.16301
12726.0,179.13812
12754.0,187.9251
12696.0,196.65497
12727.0,142.21104
12755.0,155.39835
12697.0,138.46562
12728.0,138.56253
12756.0,145.14633
12698.0,155.45116
12729.0,159.09656
12757.0,117.8897
12699.0,117.42656
12730.0,127.92357
12758.0,130.19958
12700.0,143.01291
12731.0,148.9899
12759.0,161.18314
12701.0,141.80655
12732.0,147.00166
12760.0,106.54109
13590.0,19.507704
13621.0,113.45163
13649.0,111.99551
13602.0,125.61311
13603.0,129.22029
13604.0,97.62031
13605.0,115.2243
13606.0,131.73192
13607.0,137.01456
13608.0,139.62688
13609.0,147.29826
13610.0,149.22157
13611.0,117.30696
13612.0,129.11794
13613.0,130.16592
13614.0,137.84497
13615.0,139.5556
13616.0,147.11983
13617.0,147.52016
13618.0,115.7912
13619.0,130.0722
13620.0,132.65697
13591.0,145.69052
13622.0,144.76659
13650.0,153.2295
13633.0,134.91093
13634.0,136.39523
13635.0,138.97516
13636.0,139.9334
13637.0,147.48915
13638.0,169.75061
13639.0,130.94556
13640.0,143.00418
13641.0,138.81369
13642.0,145.79353
13643.0,148.718
13644.0,163.34247
13645.0,168.7935
13646.0,130.34247
13647.0,144.646
13648.0,142.80258
13592.0,156.9446
13623.0,160.3152
13651.0,174.57307
13661.0,139.81348
13662.0,138.8045
13663.0,145.89635
13664.0,150.88438
13665.0,167.63242
13666.0,170.25891
13667.0,129.84949
13668.0,142.31744
13669.0,138.83063
13670.0,146.40457
13671.0,148.89319
13672.0,163.63792
13673.0,168.9948
13674.0,130.56078
13675.0,144.67354
13676.0,143.43175
13677.0,150.00534
13678.0,150.6367
13679.0,165.25438
13593.0,182.85454
13624.0,131.78194
13652.0,143.63126
13594.0,150.8813
13625.0,147.2194
13653.0,156.02827
13595.0,166.75032
13626.0,179.36331
13654.0,188.74892
13596.0,196.63345
13627.0,141.45616
13655.0,155.04025
13597.0,137.53754
13628.0,136.79984
13656.0,143.32646
13598.0,152.39052
13629.0,157.96617
13657.0,116.51549
13599.0,116.55171
13630.0,127.79718
13658.0,130.07317
13600.0,142.04488
13631.0,148.13559
13659.0,160.08067
13601.0,140.00015
13632.0,147.12555
13660.0,106.893234
14490.0,27.048986
14521.0,114.64552
14549.0,112.473915
14502.0,127.39377
14503.0,129.30956
14504.0,98.85851
14505.0,117.84774
14506.0,131.20511
14507.0,136.7157
14508.0,139.1237
14509.0,146.83032
14510.0,148.16136
14511.0,117.76358
14512.0,128.22542
14513.0,130.00854
14514.0,138.59442
14515.0,139.07733
14516.0,147.10379
14517.0,147.40776
14518.0,115.72636
14519.0,130.0277
14520.0,133.37665
14491.0,145.69296
14522.0,144.45326
14550.0,152.73946
14533.0,134.91093
14534.0,135.96405
14535.0,139.66724
14536.0,138.59114
14537.0,146.01604
14538.0,169.75061
14539.0,130.94556
14540.0,143.00418
14541.0,138.81369
14542.0,145.79353
14543.0,148.718
14544.0,163.34247
14545.0,168.7935
14546.0,130.34247
14547.0,144.646
14548.0,142.80258
14492.0,156.9446
14523.0,160.3152
14551.0,174.57307
14561.0,139.81348
14562.0,138.8045
14563.0,145.89635
14564.0,150.88438
14565.0,167.63242
14566.0,170.25891
14567.0,129.84949
14568.0,142.31744
14569.0,138.83063
14570.0,146.40457
14571.0,148.89319
14572.0,163.63792
14573.0,168.9948
14574.0,130.56078
14575.0,144.67354
14576.0,143.43175
14577.0,150.00534
14578.0,150.6367
14579.0,165.25438
14493.0,182.85454
14524.0,131.78194
14552.0,143.63126
14494.0,150.8813
14525.0,147.2194
14553.0,156.02827
14495.0,166.75032
14526.0,179.36331
14554.0,188.74892
14496.0,196.63345
14527.0,141.45616
14555.0,155.04025
14497.0,137.53754
14528.0,136.79984
14556.0,143.32646
14498.0,152.39052
14529.0,157.96617
14557.0,116.51549
14499.0,116.55171
14530.0,127.79718
14558.0,130.07317
14500.0,142.04488
14531.0,148.13559
14559.0,160.08067
14501.0,140.00015
14532.0,147.12555
14560.0,106.893234
15390.0,73.34634
15421.0,120.72023
15449.0,130.97171
15402.0,137.31134
15403.0,145.86055
15404.0,109.39975
15405.0,125.21503
15406.0,130.06331
15407.0,133.80354
15408.0,136.17624
15409.0,143.67131
15410.0,145.48051
15411.0,115.2607
15412.0,126.741646
15413.0,128.28519
15414.0,134.96188
15415.0,135.80376
15416.0,143.94559
15417.0,145.43951
15418.0,112.68096
15419.0,129.79822
15420.0,128.87932
15391.0,146.70352
15422.0,144.57092
15450.0,150.62596
15433.0,134.48373
15434.0,130.64293
15435.0,133.4266
15436.0,138.51952
15437.0,144.8457
15438.0,169.73248
15439.0,130.92743
15440.0,142.98605
15441.0,138.79556
15442.0,145.77544
15443.0,148.6999
15444.0,163.32434
15445.0,168.77538
15446.0,130.32434
15447.0,144.6279
15448.0,142.78448
15392.0,156.9265
15423.0,160.29707
15451.0,174.55498
15461.0,139.79535
15462.0,138.7864
15463.0,145.87822
15464.0,150.86626
15465.0,167.61429
15466.0,170.24078
15467.0,129.83139
15468.0,142.29932
15469.0,138.8125
15470.0,146.38647
15471.0,148.87509
15472.0,163.61983
15473.0,168.9767
15474.0,130.54268
15475.0,144.65544
15476.0,143.41365
15477.0,149.98721
15478.0,150.61858
15479.0,165.23628
15393.0,182.83641
15424.0,131.76381
15452.0,143.61316
15394.0,150.86317
15425.0,147.20128
15453.0,156.01015
15395.0,166.7322
15426.0,179.34518
15454.0,188.73082
15396.0,196.61536
15427.0,141.43803
15455.0,155.02216
15397.0,137.51944
15428.0,136.78171
15456.0,143.30836
15398.0,152.3724
15429.0,157.94806
15457.0,116.497375
15399.0,116.5336
15430.0,127.77904
15458.0,130.05507
15400.0,142.02678
15431.0,148.1175
15459.0,160.06256
15401.0,139.98204
15432.0,147.10744
15460.0,106.87512
16290.0,33.675762
16321.0,115.980545
16349.0,114.927185
16302.0,126.85333
16303.0,130.06491
16304.0,101.03021
16305.0,117.86182
16306.0,131.1839
16307.0,133.9605
16308.0,137.41777
16309.0,146.03018
16310.0,147.3073
16311.0,116.495865
16312.0,127.091324
16313.0,129.02411
16314.0,136.38486
16315.0,138.00606
16316.0,145.4515
16317.0,147.08646
16318.0,114.31254
16319.0,129.2292
16320.0,132.65717
16291.0,144.34314
16322.0,143.6523
16350.0,151.80386
16333.0,133.90547
16334.0,135.54129
16335.0,138.45763
16336.0,137.6528
16337.0,145.48952
16338.0,168.5484
16339.0,127.77245
16340.0,140.07239
16341.0,135.8819
16342.0,143.04482
16343.0,146.14714
16344.0,161.46655
16345.0,167.58284
16346.0,127.16944
16347.0,141.64151
16348.0,139.56958
16292.0,154.425
16323.0,157.90242
16351.0,171.83614
16361.0,136.64174
16362.0,136.03694
16363.0,143.28046
16364.0,148.44638
16365.0,165.89781
16366.0,169.10237
16367.0,126.72208
16368.0,139.43135
16369.0,135.94453
16370.0,143.70152
16371.0,146.36803
16372.0,161.80771
16373.0,167.82983
16374.0,127.42599
16375.0,141.7073
16376.0,140.237
16377.0,147.05406
16378.0,147.82463
16379.0,163.5377
16293.0,181.83368
16324.0,129.41724
16352.0,140.09843
16294.0,149.25848
16325.0,144.6406
16353.0,152.67117
16295.0,164.51253
16326.0,177.01794
16354.0,186.68785
16296.0,196.45004
16327.0,140.69368
16355.0,153.38742
16297.0,136.78467
16328.0,134.58763
16356.0,142.08533
16298.0,151.61862
16329.0,156.84303
16357.0,114.45344
16299.0,115.81097
16330.0,125.98334
16358.0,127.68618
16300.0,141.07173
16331.0,147.03796
16359.0,159.03984
16301.0,139.66826
16332.0,146.1611
16360.0,104.7684
17190.0,39.248146
17221.0,114.93185
17249.0,117.11335
17202.0,128.42888
17203.0,129.06802
17204.0,101.322426
17205.0,116.91905
17206.0,130.3078
17207.0,134.85481
17208.0,137.5067
17209.0,146.32181
17210.0,148.5126
17211.0,116.177956
17212.0,126.92781
17213.0,128.26965
17214.0,133.7341
17215.0,137.70212
17216.0,145.69688
17217.0,145.83405
17218.0,114.46749
17219.0,129.04222
17220.0,131.78787
17191.0,143.57127
17222.0,143.70613
17250.0,152.13492
17233.0,133.5941
17234.0,134.98059
17235.0,137.60039
17236.0,136.49213
17237.0,146.77055
17238.0,168.5484
17239.0,127.77245
17240.0,140.07239
17241.0,135.8819
17242.0,143.04482
17243.0,146.14714
17244.0,161.46655
17245.0,167.58284
17246.0,127.16944
17247.0,141.64151
17248.0,139.56958
17192.0,154.425
17223.0,157.90242
17251.0,171.83614
17261.0,136.64174
17262.0,136.03694
17263.0,143.28046
17264.0,148.44638
17265.0,165.89781
17266.0,169.10237
17267.0,126.72208
17268.0,139.43135
17269.0,135.94453
17270.0,143.70152
17271.0,146.36803
17272.0,161.80771
17273.0,167.82983
17274.0,127.361534
17275.0,141.7073
17276.0,140.237
17277.0,147.05406
17278.0,147.82463
17279.0,163.5377
17193.0,181.83368
17224.0,129.41724
17252.0,140.09843
17194.0,149.25848
17225.0,144.6406
17253.0,152.67117
17195.0,164.51253
17226.0,177.01794
17254.0,186.68785
17196.0,196.45004
17227.0,140.69368
17255.0,153.38742
17197.0,136.78467
17228.0,134.58763
17256.0,142.08533
17198.0,151.61862
17229.0,156.84303
17257.0,114.45344
17199.0,115.81097
17230.0,125.98334
17258.0,127.68618
17200.0,141.07173
17231.0,147.03796
17259.0,159.03984
17201.0,139.66826
17232.0,146.1611
17260.0,104.7684
18090.0,34.979053
18121.0,116.66595
18149.0,114.3922
18102.0,126.900696
18103.0,129.01474
18104.0,101.85954
18105.0,116.20803
18106.0,131.21729
18107.0,135.29732
18108.0,137.67278
18109.0,146.32181
18110.0,147.2971
18111.0,116.48569
18112.0,126.63143
18113.0,127.326996
18114.0,136.9419
18115.0,137.61319
18116.0,146.14111
18117.0,147.52979
18118.0,113.77416
18119.0,128.99744
18120.0,131.30609
18091.0,144.00311
18122.0,143.6523
18150.0,150.13849
18133.0,133.97365
18134.0,135.54883
18135.0,137.38869
18136.0,136.70386
18137.0,146.51292
18138.0,168.5484
18139.0,127.77245
18140.0,140.07239
18141.0,135.8819
18142.0,143.04482
18143.0,146.14714
18144.0,161.46655
18145.0,167.58284
18146.0,127.16944
18147.0,141.64151
18148.0,139.56958
18092.0,154.425
18123.0,157.90242
18151.0,171.83614
18161.0,136.64174
18162.0,136.03694
18163.0,143.28046
18164.0,148.44638
18165.0,165.89781
18166.0,169.10237
18167.0,126.72208
18168.0,139.43135
18169.0,135.94453
18170.0,143.70152
18171.0,146.36803
18172.0,161.80771
18173.0,167.82983
18174.0,127.361534
18175.0,141.7073
18176.0,140.237
18177.0,147.05406
18178.0,147.82463
18179.0,163.5377
18093.0,181.83368
18124.0,129.41724
18152.0,140.09843
18094.0,149.25848
18125.0,144.6406
18153.0,152.67117
18095.0,164.51253
18126.0,177.01794
18154.0,186.68785
18096.0,196.45004
18127.0,140.69368
18155.0,153.38742
18097.0,136.78467
18128.0,134.58763
18156.0,142.08533
18098.0,151.61862
18129.0,156.84303
18157.0,114.45344
18099.0,115.81097
18130.0,125.98334
18158.0,127.68618
18100.0,141.07173
18131.0,147.03796
18159.0,159.03984
18101.0,139.66826
18132.0,146.1611
18160.0,104.81344
18990.0,69.53898
19021.0,110.090614
19049.0,122.50589
19002.0,131.28194
19003.0,137.84322
19004.0,110.69607
19005.0,130.25027
19006.0,125.95406
19007.0,132.60768
19008.0,135.55734
19009.0,142.57703
19010.0,144.69644
19011.0,115.57582
19012.0,119.88392
19013.0,125.160095
19014.0,133.60287
19015.0,135.49902
19016.0,141.82973
19017.0,144.75641
19018.0,112.42078
19019.0,129.09734
19020.0,123.783455
18991.0,142.9255
19022.0,143.31078
19050.0,150.50706
19033.0,131.7045
19034.0,133.29498
19035.0,137.54857
19036.0,137.59961
19037.0,155.26843
19038.0,168.82529
19039.0,128.04938
19040.0,140.34927
19041.0,136.15878
19042.0,143.3217
19043.0,146.42403
19044.0,161.74344
19045.0,167.85973
19046.0,127.44634
19047.0,141.9184
19048.0,139.84647
18992.0,154.70189
19023.0,158.1793
19051.0,172.11302
19061.0,136.91862
19062.0,136.31383
19063.0,143.55734
19064.0,148.72327
19065.0,166.1747
19066.0,169.37926
19067.0,126.99902
19068.0,139.70824
19069.0,136.22142
19070.0,143.97841
19071.0,146.64491
19072.0,162.0846
19073.0,168.10672
19074.0,127.638405
19075.0,141.98419
19076.0,140.51389
19077.0,147.33095
19078.0,148.10152
19079.0,163.81459
18993.0,182.11057
19024.0,129.69412
19052.0,140.37532
18994.0,149.53537
19025.0,144.91748
19053.0,152.94806
18995.0,164.78941
19026.0,177.29483
19054.0,186.96474
18996.0,196.72693
19027.0,140.97057
19055.0,153.6643
18997.0,137.06155
19028.0,134.86452
19056.0,142.36221
18998.0,151.89551
19029.0,157.11992
19057.0,114.73032
18999.0,116.08785
19030.0,126.26022
19058.0,127.96309
19000.0,141.34862
19031.0,147.31485
19059.0,159.31673
19001.0,139.94514
19032.0,146.43799
19060.0,105.090324
19890.0,24.573395
19921.0,115.44485
19949.0,112.5129
19902.0,126.50083
19903.0,129.1586
19904.0,99.3161
19905.0,117.90702
19906.0,129.10593
19907.0,135.73915
19908.0,138.97348
19909.0,146.95876
19910.0,149.25212
19911.0,117.469696
19912.0,128.45062
19913.0,129.81482
19914.0,138.49223
19915.0,139.33781
19916.0,148.86485
19917.0,147.01039
19918.0,113.94972
19919.0,129.34056
19920.0,132.39986
19891.0,145.13922
19922.0,144.06886
19950.0,151.78326
19933.0,133.40245
19934.0,134.59152
19935.0,138.94438
19936.0,138.03851
19937.0,147.82997
19938.0,169.02728
19939.0,127.19016
19940.0,139.49008
19941.0,135.3523
19942.0,143.29787
19943.0,146.24895
19944.0,162.27829
19945.0,168.56712
19946.0,127.6038
19947.0,141.95404
19948.0,138.38858
19892.0,155.0308
19923.0,157.61165
19951.0,171.87636
19961.0,136.43861
19962.0,135.18507
19963.0,142.89603
19964.0,148.1319
19965.0,166.29329
19966.0,169.86626
19967.0,126.64405
19968.0,139.35332
19969.0,135.6411
19970.0,144.18074
19971.0,146.69597
19972.0,162.84561
19973.0,169.04028
19974.0,128.02194
19975.0,142.55392
19976.0,139.59015
19977.0,146.41182
19978.0,147.69069
19979.0,163.95253
19893.0,182.11719
19924.0,129.38184
19952.0,139.82957
19894.0,149.22308
19925.0,144.6052
19953.0,153.04355
19895.0,164.22176
19926.0,177.57364
19954.0,187.47395
19896.0,197.01889
19927.0,140.80974
19955.0,153.26999
19897.0,136.91075
19928.0,135.81464
19956.0,142.03416
19898.0,154.22539
19929.0,157.99576
19957.0,114.89242
19899.0,116.177444
19930.0,126.23012
19958.0,127.699486
19900.0,143.19836
19931.0,147.71811
19959.0,159.84364
19901.0,140.49525
19932.0,146.8063
19960.0,104.83719
20790.0,56.19543
20821.0,119.57394
20849.0,118.94396
20802.0,125.59335
20803.0,132.98889
20804.0,109.16233
20805.0,124.22543
20806.0,126.84782
20807.0,129.99133
20808.0,137.0326
20809.0,142.46153
20810.0,143.6489
20811.0,115.77001
20812.0,126.65146
20813.0,127.776405
20814.0,132.66472
20815.0,138.46667
20816.0,144.17783
20817.0,144.20245
20818.0,113.28271
20819.0,130.03049
20820.0,129.3707
20791.0,144.38928
20822.0,143.63701
20850.0,149.77383
20833.0,133.02324
20834.0,134.22963
20835.0,137.23166
20836.0,136.95586
20837.0,144.89282
20838.0,169.02728
20839.0,127.19016
20840.0,139.49008
20841.0,135.3523
20842.0,143.29787
20843.0,146.24895
20844.0,162.27829
20845.0,168.56712
20846.0,127.6038
20847.0,141.95404
20848.0,138.38858
20792.0,155.0308
20823.0,157.61165
20851.0,171.87636
20861.0,136.43861
20862.0,135.18507
20863.0,142.89603
20864.0,148.1319
20865.0,166.29329
20866.0,169.86626
20867.0,126.64405
20868.0,139.35332
20869.0,135.6411
20870.0,144.18074
20871.0,146.69597
20872.0,162.84561
20873.0,169.04028
20874.0,128.02194
20875.0,142.55392
20876.0,139.59015
20877.0,146.41182
20878.0,147.69069
20879.0,163.95253
20793.0,182.11719
20824.0,129.38184
20852.0,139.82957
20794.0,149.22308
20825.0,144.6052
20853.0,153.04355
20795.0,164.22176
20826.0,177.57364
20854.0,187.47395
20796.0,197.01889
20827.0,140.80974
20855.0,153.26999
20797.0,136.91075
20828.0,135.81464
20856.0,142.03416
20798.0,154.22539
20829.0,157.99576
20857.0,114.89242
20799.0,116.177444
20830.0,126.23012
20858.0,127.699486
20800.0,143.19836
20831.0,147.71811
20859.0,159.84364
20801.0,140.45908
20832.0,146.8063
20860.0,104.83719
21690.0,72.76234
21721.0,114.149704
21749.0,129.52846
21702.0,130.87666
21703.0,135.48904
21704.0,105.30887
21705.0,130.4703
21706.0,127.54874
21707.0,128.55241
21708.0,135.48755
21709.0,142.47841
21710.0,141.42162
21711.0,111.04854
21712.0,128.30354
21713.0,126.80739
21714.0,131.65051
21715.0,137.90234
21716.0,143.28488
21717.0,144.91689
21718.0,113.74294
21719.0,125.93688
21720.0,126.813675
21691.0,146.29657
21722.0,143.43092
21750.0,149.21265
21733.0,127.20548
21734.0,133.40672
21735.0,136.64256
21736.0,136.18802
21737.0,154.42612
21738.0,169.52606
21739.0,127.71618
21740.0,140.01608
21741.0,135.79172
21742.0,143.73729
21743.0,146.68837
21744.0,162.71771
21745.0,169.0659
21746.0,128.12973
21747.0,142.48004
21748.0,138.828
21692.0,155.47023
21723.0,158.05107
21751.0,172.31578
21761.0,136.89099
21762.0,135.6245
21763.0,143.33545
21764.0,148.57132
21765.0,166.73271
21766.0,170.36504
21767.0,127.17006
21768.0,139.87932
21769.0,136.08052
21770.0,144.62016
21771.0,147.13539
21772.0,163.28503
21773.0,169.53906
21774.0,128.54797
21775.0,143.07993
21776.0,140.02957
21777.0,146.85124
21778.0,148.13011
21779.0,163.99998
21693.0,182.61597
21724.0,129.82126
21752.0,140.269
21694.0,149.6625
21725.0,145.04462
21753.0,153.48297
21695.0,164.66118
21726.0,178.01306
21754.0,187.97273
21696.0,197.51767
21727.0,141.24916
21755.0,153.70941
21697.0,137.35017
21728.0,136.25406
21756.0,142.47359
21698.0,154.69402
21729.0,158.52374
21757.0,115.331856
21699.0,116.91887
21730.0,126.97154
21758.0,128.44096
21700.0,143.72586
21731.0,148.28616
21759.0,160.26889
21701.0,140.84378
21732.0,147.25037
21760.0,105.2219
22590.0,41.49025
22621.0,117.68856
22649.0,117.49376
22602.0,130.70723
22603.0,137.5508
22604.0,102.54978
22605.0,120.27497
22606.0,129.02982
22607.0,134.63972
22608.0,141.0177
22609.0,149.18208
22610.0,152.18848
22611.0,119.02763
22612.0,128.74828
22613.0,129.8189
22614.0,137.41733
22615.0,140.61389
22616.0,149.26147
22617.0,149.93956
22618.0,115.673355
22619.0,129.73868
22620.0,132.67432
22591.0,147.77458
22622.0,146.78912
22650.0,156.10078
22633.0,134.64531
22634.0,135.9991
22635.0,139.15227
22636.0,141.2025
22637.0,150.30211
22638.0,170.8797
22639.0,128.86292
22640.0,142.04416
22641.0,138.42767
22642.0,146.27843
22643.0,149.7181
22644.0,165.69379
22645.0,168.83699
22646.0,128.02838
22647.0,142.48544
22648.0,139.78064
22592.0,157.1548
22623.0,160.28664
22651.0,176.5334
22661.0,138.41031
22662.0,137.40715
22663.0,145.65356
22664.0,151.44046
22665.0,171.12242
22666.0,171.59956
22667.0,128.19768
22668.0,141.78822
22669.0,138.33104
22670.0,147.1613
22671.0,150.16515
22672.0,166.26111
22673.0,169.31015
22674.0,128.44666
22675.0,143.08533
22676.0,140.98218
22677.0,148.26198
22678.0,149.95715
22679.0,167.32684
22593.0,184.42096
22624.0,131.38593
22652.0,142.00471
22594.0,153.60945
22625.0,148.99156
22653.0,157.84004
22595.0,167.44792
22626.0,182.01208
22654.0,191.5046
22596.0,198.77112
22627.0,142.53569
22655.0,154.99597
22597.0,137.66118
22628.0,136.42242
22656.0,142.7083
22598.0,155.76895
22629.0,158.81024
22657.0,115.928696
22599.0,116.7786
22630.0,127.18248
22658.0,128.65198
22600.0,144.15071
22631.0,149.38591
22659.0,161.65437
22601.0,141.22772
22632.0,147.3511
22660.0,105.4793
23490.0,18.650768
23521.0,116.88081
23549.0,113.474655
23502.0,129.13554
23503.0,129.51268
23504.0,101.469955
23505.0,118.99744
23506.0,132.10985
23507.0,139.7599
23508.0,142.35509
23509.0,152.07828
23510.0,153.14122
23511.0,118.43149
23512.0,130.18149
23513.0,130.3812
23514.0,140.89476
23515.0,141.96864
23516.0,151.90617
23517.0,149.8002
23518.0,115.00015
23519.0,129.43776
23520.0,133.25328
23491.0,148.83278
23522.0,147.2544
23550.0,156.27284
23533.0,135.77895
23534.0,137.63664
23535.0,142.50272
23536.0,141.99739
23537.0,152.50235
23538.0,171.42447
23539.0,129.27628
23540.0,142.45752
23541.0,138.84103
23542.0,146.80406
23543.0,150.24052
23544.0,166.21622
23545.0,169.35942
23546.0,128.4194
23547.0,142.87646
23548.0,140.17166
23492.0,157.10193
23523.0,160.2529
23551.0,176.67114
23561.0,138.69852
23562.0,137.69536
23563.0,146.12305
23564.0,151.92908
23565.0,171.61104
23566.0,172.14433
23567.0,128.61104
23568.0,142.20158
23569.0,138.7444
23570.0,147.68694
23571.0,150.68758
23572.0,166.78354
23573.0,169.83258
23574.0,128.83768
23575.0,143.47635
23576.0,141.3732
23577.0,148.51125
23578.0,150.22556
23579.0,167.59525
23493.0,184.38722
23524.0,131.22078
23552.0,142.01105
23494.0,153.4443
23525.0,148.82642
23553.0,157.95865
23495.0,167.41418
23526.0,181.97835
23554.0,191.64233
23496.0,198.73738
23527.0,142.37054
23555.0,155.0023
23497.0,137.49603
23528.0,136.36955
23556.0,142.84604
23498.0,155.73521
23529.0,158.7765
23557.0,115.93503
23499.0,116.61346
23530.0,127.01734
23558.0,128.65831
23500.0,144.09784
23531.0,149.35217
23559.0,161.79211
23501.0,141.17485
23532.0,147.29823
23560.0,105.485634
24390.0,75.67785
24421.0,120.14252
24449.0,122.77348
24402.0,146.06847
24403.0,145.3141
24404.0,101.21632
24405.0,123.5571
24406.0,125.40902
24407.0,134.47011
24408.0,139.72502
24409.0,143.43245
24410.0,148.256
24411.0,116.94551
24412.0,128.2525
24413.0,125.57468
24414.0,131.10873
24415.0,139.68909
24416.0,146.21472
24417.0,145.60506
24418.0,113.99961
24419.0,129.62898
24420.0,128.50795
24391.0,138.96368
24422.0,145.76697
24450.0,153.24713
24433.0,135.55014
24434.0,132.11787
24435.0,134.64427
24436.0,141.5233
24437.0,152.84863
24438.0,172.04591
24439.0,129.89772
24440.0,143.07896
24441.0,139.46248
24442.0,147.4255
24443.0,150.86197
24444.0,166.83766
24445.0,169.98087
24446.0,129.04085
24447.0,143.49791
24448.0,140.7931
24392.0,157.72337
24423.0,160.87434
24451.0,177.29259
24461.0,139.31996
24462.0,138.3168
24463.0,146.74449
24464.0,152.55052
24465.0,172.23248
24466.0,172.76578
24467.0,129.23248
24468.0,142.82303
24469.0,139.36584
24470.0,148.30838
24471.0,151.30902
24472.0,167.40498
24473.0,170.45403
24474.0,129.45912
24475.0,144.0978
24476.0,141.99464
24477.0,149.13269
24478.0,150.847
24479.0,168.21669
24393.0,185.00867
24424.0,131.84222
24452.0,142.63249
24394.0,154.06575
24425.0,149.44786
24453.0,158.5801
24395.0,168.03563
24426.0,182.5998
24454.0,192.26378
24396.0,199.35883
24427.0,142.99199
24455.0,155.62375
24397.0,137.81686
24428.0,136.69038
24456.0,143.16687
24398.0,156.05605
24429.0,159.09734
24457.0,116.25586
24399.0,116.93429
24430.0,127.33817
24458.0,128.97914
24400.0,144.41867
24431.0,149.673
24459.0,162.11295
24401.0,141.49568
24432.0,147.61906
24460.0,105.806465
25290.0,55.74173
25321.0,114.66032
25349.0,113.726
25302.0,129.87761
25303.0,138.32214
25304.0,109.38454
25305.0,128.92448
25306.0,126.98505
25307.0,133.57054
25308.0,138.263
25309.0,145.00928
25310.0,149.73045
25311.0,114.46663
25312.0,125.90805
25313.0,125.985306
25314.0,134.60822
25315.0,138.37485
25316.0,144.77754
25317.0,144.82675
25318.0,112.506805
25319.0,126.86468
25320.0,130.27399
25291.0,137.95213
25322.0,144.29015
25350.0,151.03444
25333.0,133.07484
25334.0,133.23663
25335.0,138.71233
25336.0,138.58623
25337.0,143.3407
25338.0,168.58624
25339.0,124.928535
25340.0,137.94263
25341.0,136.02573
25342.0,143.49788
25343.0,145.99405
25344.0,161.97147
25345.0,166.78041
25346.0,123.2242
25347.0,137.64998
25348.0,137.07599
25292.0,153.29428
25323.0,157.19986
25351.0,173.31784
25361.0,133.40727
25362.0,133.60866
25363.0,142.42438
25364.0,148.36797
25365.0,167.56209
25366.0,168.81439
25367.0,123.467804
25368.0,136.89119
25369.0,135.13359
25370.0,143.58525
25371.0,145.87433
25372.0,161.96979
25373.0,166.68457
25374.0,123.07349
25375.0,137.6809
25376.0,137.70853
25377.0,144.25458
25378.0,145.77553
25379.0,163.08157
25293.0,181.66101
25324.0,127.65235
25352.0,138.52191
25294.0,148.20685
25325.0,144.58876
25353.0,153.97008
25295.0,162.97856
25326.0,177.40724
25354.0,187.88947
25296.0,194.13931
25327.0,137.48212
25355.0,150.1931
25297.0,133.45186
25328.0,132.84906
25356.0,137.65837
25298.0,152.19284
25329.0,156.69072
25357.0,112.36764
25299.0,114.05558
25330.0,124.58121
25358.0,125.264244
25300.0,142.97409
25331.0,146.65298
25359.0,158.53857
25301.0,138.99928
25332.0,145.30174
25360.0,102.71615
26190.0,33.478683
26221.0,113.87859
26249.0,114.664894
26202.0,128.4927
26203.0,131.6622
26204.0,100.603584
26205.0,116.73618
26206.0,131.56966
26207.0,138.45924
26208.0,139.44745
26209.0,149.08849
26210.0,151.80353
26211.0,118.1345
26212.0,128.53677
26213.0,129.61514
26214.0,139.13734
26215.0,139.35083
26216.0,148.956
26217.0,148.88837
26218.0,114.79614
26219.0,128.64436
26220.0,133.0302
26191.0,145.72491
26222.0,145.12083
26250.0,153.97145
26233.0,134.42259
26234.0,136.0887
26235.0,141.8474
26236.0,139.70651
26237.0,150.73271
26238.0,168.84544
26239.0,125.67853
26240.0,138.69263
26241.0,136.77573
26242.0,144.24788
26243.0,146.35558
26244.0,162.333
26245.0,167.03961
26246.0,123.974205
26247.0,138.83333
26248.0,138.25934
26192.0,154.0443
26223.0,157.56139
26251.0,173.67937
26261.0,134.15727
26262.0,134.35866
26263.0,143.17438
26264.0,148.72949
26265.0,167.92361
26266.0,169.0736
26267.0,124.21778
26268.0,137.64119
26269.0,135.88359
26270.0,144.33525
26271.0,146.23586
26272.0,162.33131
26273.0,166.94377
26274.0,123.823494
26275.0,138.86424
26276.0,138.89188
26277.0,145.67416
26278.0,146.80664
26279.0,164.11269
26193.0,182.2794
26224.0,128.40239
26252.0,139.27191
26194.0,148.50053
26225.0,144.88245
26253.0,154.26376
26195.0,163.47856
26226.0,177.90724
26254.0,188.64633
26196.0,195.39053
26227.0,138.40863
26255.0,151.11961
26197.0,133.90706
26228.0,133.30426
26256.0,138.18141
26198.0,152.29884
26229.0,157.08736
26257.0,113.26094
26199.0,114.94888
26230.0,124.68722
26258.0,125.01314
26200.0,143.12157
26231.0,146.80046
26259.0,158.32892
26201.0,139.13602
26232.0,145.57397
26260.0,103.640175
27090.0,51.660152
27121.0,116.358505
27149.0,122.90814
27102.0,130.6203
27103.0,137.26414
27104.0,100.61132
27105.0,122.97632
27106.0,130.21501
27107.0,134.92767
27108.0,138.88693
27109.0,147.19347
27110.0,150.37328
27111.0,116.05431
27112.0,126.54287
27113.0,127.79941
27114.0,135.51295
27115.0,138.92065
27116.0,144.50818
27117.0,147.78717
27118.0,114.39004
27119.0,127.86579
27120.0,131.59969
27091.0,146.29759
27122.0,144.50475
27150.0,152.01312
27133.0,134.72058
27134.0,135.3751
27135.0,139.04965
27136.0,139.4024
27137.0,147.475
27138.0,168.84544
27139.0,125.67853
27140.0,138.69263
27141.0,136.77573
27142.0,144.24788
27143.0,146.35558
27144.0,162.333
27145.0,167.03961
27146.0,123.974205
27147.0,138.83333
27148.0,138.25934
27092.0,154.0443
27123.0,157.56139
27151.0,173.67937
27161.0,134.15727
27162.0,134.35866
27163.0,143.17438
27164.0,148.72949
27165.0,167.92361
27166.0,169.0736
27167.0,124.21778
27168.0,137.64119
27169.0,135.88359
27170.0,144.33525
27171.0,146.23586
27172.0,162.33131
27173.0,166.94377
27174.0,123.823494
27175.0,138.86424
27176.0,138.89188
27177.0,145.67416
27178.0,146.80664
27179.0,164.11269
27093.0,182.2794
27124.0,128.40239
27152.0,139.27191
27094.0,148.53067
27125.0,144.88245
27153.0,154.26376
27095.0,163.47856
27126.0,177.90724
27154.0,188.64633
27096.0,195.39053
27127.0,138.40863
27155.0,151.11961
27097.0,133.90706
27128.0,133.30426
27156.0,138.18141
27098.0,152.29884
27129.0,157.08736
27157.0,113.26094
27099.0,114.94888
27130.0,124.68722
27158.0,125.01314
27100.0,143.12157
27131.0,146.80046
27159.0,158.32892
27101.0,139.2452
27132.0,145.68315
27160.0,103.749344
27990.0,38.18913
28021.0,116.03353
28049.0,115.463844
28002.0,132.51022
28003.0,131.62195
28004.0,102.90492
28005.0,121.9087
28006.0,130.64127
28007.0,137.19215
28008.0,139.39993
28009.0,148.83366
28010.0,152.3244
28011.0,117.65059
28012.0,128.19455
28013.0,129.83884
28014.0,139.0677
28015.0,139.47815
28016.0,147.8385
28017.0,148.9273
28018.0,114.58573
28019.0,129.23048
28020.0,131.50905
27991.0,146.3587
28022.0,145.14665
28050.0,152.22838
28033.0,135.15672
28034.0,135.76921
28035.0,141.70555
28036.0,140.38081
28037.0,149.04494
28038.0,168.87065
28039.0,125.70374
28040.0,138.71783
28041.0,136.80093
28042.0,144.72423
28043.0,146.83192
28044.0,162.80934
28045.0,167.06482
28046.0,123.99942
28047.0,138.85854
28048.0,138.28455
27992.0,154.67723
28023.0,158.19432
28051.0,174.31233
28061.0,134.20331
28062.0,134.4047
28063.0,143.80733
28064.0,149.36244
28065.0,168.55656
28066.0,169.2554
28067.0,124.3996
28068.0,137.823
28069.0,136.0654
28070.0,144.9682
28071.0,146.8688
28072.0,162.96426
28073.0,167.12558
28074.0,124.005295
28075.0,139.04605
28076.0,139.07368
28077.0,146.30711
28078.0,147.43959
28079.0,164.74564
27993.0,182.46121
28024.0,128.5842
28052.0,139.45372
27994.0,148.55588
28025.0,144.90765
28053.0,154.74011
27995.0,163.95491
28026.0,178.38359
28054.0,188.67154
27996.0,195.41574
28027.0,138.43384
28055.0,151.14482
27997.0,134.04057
28028.0,133.78061
28056.0,138.65776
27998.0,152.77519
28029.0,157.11256
28057.0,113.00567
27999.0,114.668396
28030.0,124.40673
28058.0,124.73265
28000.0,143.00995
28031.0,146.96931
28059.0,158.4978
28001.0,139.69633
28032.0,145.68315
28060.0,103.46887
28890.0,57.194614
28921.0,120.51254
28949.0,118.01364
28902.0,130.29665
28903.0,130.93643
28904.0,104.9076
28905.0,122.54614
28906.0,128.62192
28907.0,132.0518
28908.0,137.83905
28909.0,144.71753
28910.0,148.33183
28911.0,115.787254
28912.0,126.35412
28913.0,127.14154
28914.0,133.27373
28915.0,138.08267
28916.0,147.38672
28917.0,144.88464
28918.0,113.39311
28919.0,127.603
28920.0,129.96075
28891.0,146.07466
28922.0,145.06989
28950.0,151.76915
28933.0,134.60216
28934.0,134.32147
28935.0,141.61946
28936.0,138.26727
28937.0,147.35808
28938.0,168.71039
28939.0,125.517044
28940.0,138.53116
28941.0,136.61426
28942.0,144.53755
28943.0,146.26416
28944.0,162.24158
28945.0,166.49706
28946.0,123.405205
28947.0,138.26436
28948.0,137.69037
28892.0,154.4741
28923.0,158.01761
28951.0,174.13559
28961.0,134.00017
28962.0,134.20155
28963.0,143.62065
28964.0,149.20218
28965.0,168.3963
28966.0,169.09514
28967.0,124.21291
28968.0,137.63632
28969.0,135.87872
28970.0,144.78152
28971.0,146.30104
28972.0,162.3965
28973.0,166.55782
28974.0,123.41111
28975.0,138.45187
28976.0,138.4795
28977.0,145.71294
28978.0,146.87183
28979.0,164.17787
28893.0,182.28448
28924.0,128.2054
28952.0,139.07495
28894.0,148.17711
28925.0,144.52888
28953.0,154.36134
28895.0,163.48903
28926.0,177.91771
28954.0,188.20566
28896.0,194.95685
28927.0,138.05507
28955.0,150.76605
28897.0,133.63608
28928.0,133.3761
28956.0,138.17313
28898.0,152.56136
28929.0,156.65309
28957.0,112.60115
28899.0,114.26388
28930.0,124.00221
28958.0,124.32813
28900.0,142.60544
28931.0,146.35481
28959.0,158.28397
28901.0,139.69249
28932.0,145.43367
28960.0,103.064354
29790.0,22.198423
29821.0,115.802185
29849.0,112.220184
29802.0,126.25747
29803.0,129.14653
29804.0,99.24384
29805.0,116.96484
29806.0,132.18935
29807.0,138.7383
29808.0,140.2308
29809.0,149.90868
29810.0,150.95605
29811.0,118.20421
29812.0,128.44818
29813.0,130.90103
29814.0,140.14848
29815.0,140.20953
29816.0,149.62732
29817.0,149.06314
29818.0,114.655266
29819.0,129.76042
29820.0,134.61046
29791.0,146.53964
29822.0,144.99504
29850.0,153.65431
29833.0,135.70018
29834.0,137.30556
29835.0,142.99467
29836.0,140.80905
29837.0,150.81374
29838.0,168.15097
29839.0,125.20177
29840.0,138.21585
29841.0,136.29895
29842.0,144.0778
29843.0,145.91309
29844.0,161.77318
29845.0,165.54802
29846.0,122.70031
29847.0,137.55943
29848.0,136.98544
29792.0,154.2881
29823.0,157.94028
29851.0,174.00357
29861.0,133.8768
29862.0,134.07819
29863.0,143.49728
29864.0,149.18748
29865.0,168.26428
29866.0,168.72766
29867.0,124.08956
29868.0,137.51295
29869.0,135.75536
29870.0,144.31209
29871.0,145.94028
29872.0,161.91841
29873.0,165.59909
29874.0,122.696495
29875.0,137.73726
29876.0,137.7649
29877.0,145.30498
29878.0,146.57254
29879.0,163.76126
29793.0,181.91814
29824.0,128.4756
29852.0,139.40775
29794.0,147.78503
29825.0,144.00012
29853.0,153.64857
29795.0,162.95786
29826.0,177.2692
29854.0,187.38431
29796.0,194.13553
29827.0,137.55498
29855.0,150.32858
29797.0,132.75035
29828.0,132.73067
29856.0,137.69899
29798.0,151.96167
29829.0,155.88057
29857.0,111.77808
29799.0,113.485054
29830.0,123.22337
29858.0,123.611916
29800.0,141.96559
29831.0,145.82364
29859.0,157.78096
29801.0,139.12686
29832.0,144.63329
29860.0,102.44735
30690.0,54.557312
30721.0,118.04995
30749.0,115.6239
30702.0,128.54631
30703.0,136.08624
30704.0,108.97529
30705.0,117.87914
30706.0,128.37077
30707.0,134.22186
30708.0,137.85571
30709.0,146.89655
30710.0,149.26161
30711.0,117.15695
30712.0,125.894394
30713.0,126.97642
30714.0,134.93707
30715.0,139.05606
30716.0,144.77393
30717.0,147.18289
30718.0,114.7315
30719.0,127.15229
30720.0,122.300064
30691.0,144.39917
30722.0,144.07234
30750.0,151.06123
30733.0,134.95163
30734.0,135.79408
30735.0,137.87259
30736.0,139.26375
30737.0,148.70093
30738.0,168.15097
30739.0,125.20177
30740.0,138.21585
30741.0,136.29895
30742.0,144.0778
30743.0,145.91309
30744.0,161.77318
30745.0,165.54802
30746.0,122.70031
30747.0,137.55943
30748.0,136.98544
30692.0,154.2881
30723.0,157.94028
30751.0,174.00357
30761.0,133.8768
30762.0,134.07819
30763.0,143.49728
30764.0,149.18748
30765.0,168.26428
30766.0,168.72766
30767.0,124.08956
30768.0,137.51295
30769.0,135.75536
30770.0,144.31209
30771.0,145.94028
30772.0,161.91841
30773.0,165.59909
30774.0,122.696495
30775.0,137.73726
30776.0,137.7649
30777.0,145.30498
30778.0,146.57254
30779.0,163.76126
30693.0,181.91814
30724.0,128.4756
30752.0,139.40775
30694.0,147.78503
30725.0,144.00012
30753.0,153.64857
30695.0,162.95786
30726.0,177.2692
30754.0,187.38431
30696.0,194.13553
30727.0,137.55498
30755.0,150.32858
30697.0,132.75035
30728.0,132.73067
30756.0,137.69899
30698.0,151.96167
30729.0,155.88057
30757.0,111.77808
30699.0,113.485054
30730.0,123.22337
30758.0,123.611916
30700.0,141.96559
30731.0,145.82364
30759.0,157.78096
30701.0,139.12686
30732.0,144.63329
30760.0,102.44735
31590.0,61.52653
31621.0,122.586655
31649.0,120.37172
31602.0,132.99348
31603.0,140.89317
31604.0,112.01906
31605.0,130.46022
31606.0,129.12032
31607.0,134.83952
31608.0,137.61693
31609.0,147.65894
31610.0,146.28435
31611.0,116.381714
31612.0,126.42908
31613.0,125.00209
31614.0,135.28185
31615.0,137.15997
31616.0,147.52408
31617.0,145.15042
31618.0,111.97686
31619.0,123.26265
31620.0,129.48807
31591.0,144.81943
31622.0,144.1173
31650.0,151.2115
31633.0,133.79335
31634.0,135.44983
31635.0,139.40433
31636.0,136.13362
31637.0,150.33191
31638.0,168.01744
31639.0,125.06822
31640.0,138.08232
31641.0,136.16542
31642.0,144.13402
31643.0,146.56833
31644.0,161.63965
31645.0,165.41449
31646.0,122.566765
31647.0,137.4259
31648.0,136.85191
31592.0,154.0811
31623.0,157.58966
31651.0,173.60684
31661.0,133.79341
31662.0,133.9948
31663.0,143.5535
31664.0,149.84273
31665.0,168.13075
31666.0,168.59413
31667.0,123.956
31668.0,137.37943
31669.0,135.62183
31670.0,144.3683
31671.0,146.59552
31672.0,161.78488
31673.0,165.46556
31674.0,122.56295
31675.0,137.60373
31676.0,137.63136
31677.0,145.3612
31678.0,147.22778
31679.0,163.62773
31593.0,181.52141
31624.0,128.12964
31652.0,139.06183
31594.0,147.43912
31625.0,143.6542
31653.0,153.4924
31595.0,162.65807
31626.0,176.9233
31654.0,187.0384
31596.0,193.55403
31627.0,137.03123
31655.0,149.74709
31597.0,132.08073
31628.0,132.2508
31656.0,137.57874
31598.0,151.47707
31629.0,155.39597
31657.0,111.35121
31599.0,113.05818
31630.0,122.73875
31658.0,123.12729
31600.0,141.67073
31631.0,145.88841
31659.0,157.29636
31601.0,138.8415
31632.0,144.10071
31660.0,102.07277
32490.0,24.799557
32521.0,118.481544
32549.0,114.59602
32502.0,129.14168
32503.0,132.4557
32504.0,101.56017
32505.0,118.578835
32506.0,133.22778
32507.0,139.39977
32508.0,140.8402
32509.0,151.30049
32510.0,153.18695
32511.0,120.346466
32512.0,128.76718
32513.0,132.1368
32514.0,141.64996
32515.0,142.59343
32516.0,150.327
32517.0,150.00128
32518.0,116.21298
32519.0,130.914
32520.0,135.81805
32491.0,147.16335
32522.0,146.04706
32550.0,154.71092
32533.0,136.33347
32534.0,138.24509
32535.0,143.3605
32536.0,142.45503
32537.0,151.88887
32538.0,168.43925
32539.0,125.365234
32540.0,138.1961
32541.0,136.2792
32542.0,145.43391
32543.0,147.77023
32544.0,162.2695
32545.0,166.21281
32546.0,123.10421
32547.0,137.46048
32548.0,136.88649
32492.0,155.28644
32523.0,158.50294
32551.0,174.33092
32561.0,133.9072
32562.0,134.10858
32563.0,144.85722
32564.0,151.0582
32565.0,168.77417
32566.0,169.25453
32567.0,124.253
32568.0,137.49321
32569.0,135.73561
32570.0,145.6682
32571.0,147.79742
32572.0,162.41473
32573.0,166.04982
32574.0,122.6636
32575.0,137.20152
32576.0,137.22916
32577.0,146.0344
32578.0,147.80298
32579.0,163.63087
32493.0,182.26247
32524.0,129.58899
32552.0,140.33789
32494.0,148.9375
32525.0,145.15259
32553.0,154.92004
32495.0,163.59868
32526.0,177.67471
32554.0,187.80681
32496.0,195.10652
32527.0,139.37537
32555.0,151.90797
32497.0,133.84717
32528.0,134.21646
32556.0,139.59554
32498.0,152.66318
32529.0,156.86903
32557.0,113.7616
32499.0,114.95339
32530.0,124.7207
32558.0,125.35445
32500.0,143.48575
32531.0,147.74438
32559.0,159.10164
32501.0,139.9083
32532.0,145.92836
32560.0,104.656906
33390.0,65.377495
33421.0,115.55692
33449.0,121.52674
33402.0,137.30247
33403.0,149.67671
33404.0,100.02716
33405.0,125.92773
33406.0,128.73131
33407.0,129.85446
33408.0,136.97597
33409.0,145.61523
33410.0,148.83916
33411.0,117.70172
33412.0,123.51581
33413.0,128.44394
33414.0,135.42435
33415.0,136.99602
33416.0,145.12143
33417.0,144.71478
33418.0,114.39088
33419.0,130.24919
33420.0,128.83426
33391.0,145.04463
33422.0,144.76938
33450.0,151.41295
33433.0,134.3987
33434.0,128.08568
33435.0,136.8476
33436.0,136.9283
33437.0,156.34749
33438.0,168.52946
33439.0,125.45546
33440.0,138.28532
33441.0,136.36842
33442.0,145.52313
33443.0,147.85945
33444.0,162.35872
33445.0,166.19249
33446.0,123.08387
33447.0,137.44016
33448.0,136.86617
33392.0,155.37665
33423.0,158.59315
33451.0,174.42113
33461.0,133.9974
33462.0,134.19879
33463.0,144.94743
33464.0,151.1484
33465.0,168.86438
33466.0,169.34474
33467.0,124.34322
33468.0,137.58243
33469.0,135.82483
33470.0,145.75742
33471.0,147.88664
33472.0,162.50395
33473.0,166.0295
33474.0,122.64327
33475.0,137.1812
33476.0,137.20883
33477.0,146.01407
33478.0,147.78265
33479.0,163.61055
33393.0,182.35268
33424.0,129.6792
33452.0,140.4281
33394.0,149.02771
33425.0,145.2428
33453.0,155.01025
33395.0,163.68889
33426.0,177.76492
33454.0,187.89702
33396.0,195.19673
33427.0,139.46558
33455.0,151.99818
33397.0,133.93738
33428.0,134.30667
33456.0,139.68575
33398.0,152.75339
33429.0,156.95924
33457.0,113.85182
33399.0,115.04362
33430.0,124.81093
33458.0,125.44467
33400.0,143.57596
33431.0,147.8346
33459.0,159.19185
33401.0,139.9985
33432.0,146.01857
33460.0,104.656906
34290.0,36.290382
34321.0,116.657455
34349.0,114.169556
34302.0,130.15204
34303.0,131.63797
34304.0,105.28063
34305.0,119.40678
34306.0,134.36882
34307.0,141.41916
34308.0,143.01962
34309.0,153.30959
34310.0,154.88733
34311.0,121.18851
34312.0,129.94753
34313.0,132.89189
34314.0,142.69452
34315.0,143.43494
34316.0,151.99942
34317.0,150.29204
34318.0,118.20946
34319.0,131.58432
34320.0,135.88904
34291.0,148.01562
34322.0,147.27068
34350.0,155.05948
34333.0,139.17348
34334.0,140.07617
34335.0,145.86212
34336.0,143.63353
34337.0,152.51025
34338.0,166.4049
34339.0,127.27385
34340.0,139.65683
34341.0,137.16919
34342.0,145.82425
34343.0,148.9903
34344.0,161.85709
34345.0,164.1724
34346.0,124.11135
34347.0,138.4351
34348.0,137.60542
34292.0,156.81628
34323.0,160.26506
34351.0,173.95824
34361.0,136.03067
34362.0,135.77661
34363.0,146.7442
34364.0,153.10336
34365.0,168.7606
34366.0,167.70145
34367.0,126.66404
34368.0,139.45625
34369.0,137.12791
34370.0,146.56085
34371.0,149.5198
34372.0,162.00232
34373.0,163.98834
34374.0,123.67075
34375.0,138.17615
34376.0,137.94809
34377.0,146.75333
34378.0,149.57552
34379.0,163.26862
34293.0,180.42581
34324.0,131.62944
34352.0,142.38585
34294.0,149.75168
34325.0,146.49629
34353.0,155.63205
34295.0,164.07065
34326.0,176.71153
34354.0,185.37964
34296.0,192.6915
34327.0,141.83533
34355.0,154.37544
34297.0,135.50656
34328.0,134.67981
34356.0,139.12617
34298.0,150.64487
34329.0,153.38673
34357.0,114.786674
34299.0,115.97847
34330.0,125.75329
34358.0,126.03228
34300.0,144.05339
34331.0,147.80559
34359.0,157.23466
34301.0,139.69872
34332.0,144.25479
34360.0,105.459305
35190.0,23.735851
35221.0,116.400314
35249.0,112.53669
35202.0,129.63078
35203.0,131.03801
35204.0,101.6963
35205.0,119.802376
35206.0,135.40001
35207.0,142.9556
35208.0,143.53587
35209.0,153.35658
35210.0,154.40009
35211.0,122.71765
35212.0,130.52295
35213.0,133.655
35214.0,143.36867
35215.0,143.1783
35216.0,150.9159
35217.0,149.74294
35218.0,118.47642
35219.0,131.46245
35220.0,136.06725
35191.0,150.75226
35222.0,147.17787
35250.0,156.73497
35233.0,139.11734
35234.0,141.01358
35235.0,146.39395
35236.0,144.46217
35237.0,152.06242
35238.0,165.7394
35239.0,127.27385
35240.0,139.65683
35241.0,137.16919
35242.0,145.82425
35243.0,148.9903
35244.0,160.45772
35245.0,162.50279
35246.0,124.11135
35247.0,138.4351
35248.0,137.60542
35192.0,156.81628
35223.0,160.26506
35251.0,173.50533
35261.0,136.03067
35262.0,135.77661
35263.0,146.7442
35264.0,153.10336
35265.0,167.64758
35266.0,167.03593
35267.0,126.66404
35268.0,139.45625
35269.0,137.12791
35270.0,146.56085
35271.0,149.5198
35272.0,160.60295
35273.0,162.31874
35274.0,123.67075
35275.0,138.17615
35276.0,137.94809
35277.0,146.75333
35278.0,149.57552
35279.0,161.86925
35193.0,180.0091
35224.0,131.62944
35252.0,142.38585
35194.0,149.75168
35225.0,146.49629
35253.0,155.63205
35195.0,164.09247
35226.0,176.28044
35254.0,184.98474
35196.0,192.2966
35227.0,141.62207
35255.0,154.39726
35197.0,135.52838
35228.0,134.70163
35256.0,139.148
35198.0,150.19196
35229.0,152.97002
35257.0,114.786674
35199.0,115.97847
35230.0,125.75329
35258.0,126.03228
35200.0,144.05339
35231.0,147.80559
35259.0,156.78172
35201.0,139.2458
35232.0,143.83807
35260.0,105.459305
36090.0,18.291733
36121.0,115.840164
36149.0,111.96548
36102.0,129.0209
36103.0,129.6557
36104.0,100.43882
36105.0,117.82337
36106.0,135.11293
36107.0,142.69792
36108.0,143.98445
36109.0,152.34308
36110.0,154.40009
36111.0,122.7431
36112.0,131.37143
36113.0,133.44498
36114.0,143.62349
36115.0,143.69429
36116.0,150.9159
36117.0,149.40727
36118.0,118.57634
36119.0,132.23878
36120.0,137.09984
36091.0,150.72424
36122.0,147.93513
36150.0,157.53008
36133.0,139.52234
36134.0,140.92487
36135.0,146.68289
36136.0,145.235
36137.0,153.31755
36138.0,165.7394
36139.0,127.27655
36140.0,139.65953
36141.0,137.17189
36142.0,145.82695
36143.0,148.9903
36144.0,160.45772
36145.0,162.50279
36146.0,124.11407
36147.0,138.4378
36148.0,137.60812
36092.0,156.819
36123.0,160.26506
36151.0,173.50533
36161.0,136.03337
36162.0,135.77931
36163.0,146.7469
36164.0,153.10336
36165.0,167.64758
36166.0,167.03593
36167.0,126.66674
36168.0,139.45895
36169.0,137.13062
36170.0,146.56355
36171.0,149.5198
36172.0,160.60295
36173.0,162.31874
36174.0,123.67347
36175.0,138.17885
36176.0,137.95079
36177.0,146.75603
36178.0,149.57552
36179.0,161.86925
36093.0,180.0091
36124.0,131.63214
36152.0,142.38855
36094.0,149.48865
36125.0,146.499
36153.0,155.63475
36095.0,164.09247
36126.0,176.28044
36154.0,184.98474
36096.0,192.2966
36127.0,141.857
36155.0,154.63219
36097.0,135.60269
36128.0,134.77594
36156.0,139.148
36098.0,150.19196
36129.0,152.97002
36157.0,115.021614
36099.0,116.21341
36130.0,125.98823
36158.0,126.106606
36100.0,144.1277
36131.0,147.80559
36159.0,156.78172
36101.0,139.2458
36132.0,143.83807
36160.0,105.694244
36990.0,31.724663
37021.0,115.10598
37049.0,112.562065
37002.0,129.59854
37003.0,131.08476
37004.0,103.24777
37005.0,118.87957
37006.0,134.49811
37007.0,141.87193
37008.0,142.4841
37009.0,152.44667
37010.0,153.48752
37011.0,120.91433
37012.0,130.64755
37013.0,130.65157
37014.0,142.92613
37015.0,143.63847
37016.0,150.62283
37017.0,149.10243
37018.0,118.18936
37019.0,131.5353
37020.0,136.6885
36991.0,150.84924
37022.0,147.31242
37050.0,156.71538
37033.0,139.51926
37034.0,139.9699
37035.0,145.75313
37036.0,143.39017
37037.0,151.74821
37038.0,165.7394
37039.0,127.27655
37040.0,139.65953
37041.0,137.17189
37042.0,145.82695
37043.0,148.9903
37044.0,160.45772
37045.0,162.50279
37046.0,124.11407
37047.0,138.4378
37048.0,137.60812
36992.0,156.819
37023.0,160.26506
37051.0,173.50533
37061.0,136.03337
37062.0,135.77931
37063.0,146.7469
37064.0,153.10336
37065.0,167.64758
37066.0,167.03593
37067.0,126.66674
37068.0,139.45895
37069.0,137.13062
37070.0,146.56355
37071.0,149.5198
37072.0,160.60295
37073.0,162.31874
37074.0,123.67347
37075.0,138.17885
37076.0,137.95079
37077.0,146.75603
37078.0,149.57552
37079.0,161.86925
36993.0,180.0091
37024.0,131.63214
37052.0,142.38855
36994.0,149.48865
37025.0,146.499
37053.0,155.63475
36995.0,164.09247
37026.0,176.28044
37054.0,184.98474
36996.0,192.2966
37027.0,141.857
37055.0,154.63219
36997.0,135.60269
37028.0,134.77594
37056.0,139.148
36998.0,150.19196
37029.0,152.97002
37057.0,115.021614
36999.0,116.21341
37030.0,125.98823
37058.0,126.106606
37000.0,144.1277
37031.0,147.80559
37059.0,156.78172
37001.0,139.2458
37032.0,143.83807
37060.0,105.694244
37890.0,44.737934
37921.0,115.31556
37949.0,115.12788
37902.0,131.0793
37903.0,134.42726
37904.0,107.94709
37905.0,121.28327
37906.0,134.28836
37907.0,137.8778
37908.0,141.25902
37909.0,150.38608
37910.0,152.60097
37911.0,120.97649
37912.0,130.14972
37913.0,132.06459
37914.0,139.87624
37915.0,143.30548
37916.0,149.24373
37917.0,149.12033
37918.0,117.847946
37919.0,131.84346
37920.0,133.94975
37891.0,149.35786
37922.0,146.71463
37950.0,154.23662
37933.0,139.05495
37934.0,139.83267
37935.0,144.61613
37936.0,142.55104
37937.0,152.1792
37938.0,165.7394
37939.0,127.27655
37940.0,139.65953
37941.0,137.17189
37942.0,145.82695
37943.0,148.9903
37944.0,160.45772
37945.0,162.50279
37946.0,124.11407
37947.0,138.4378
37948.0,137.60812
37892.0,156.819
37923.0,160.26506
37951.0,173.50533
37961.0,136.03337
37962.0,135.77931
37963.0,146.7469
37964.0,153.10336
37965.0,167.64758
37966.0,167.03593
37967.0,126.66674
37968.0,139.45895
37969.0,137.13062
37970.0,146.56355
37971.0,149.5198
37972.0,160.60295
37973.0,162.31874
37974.0,123.67347
37975.0,138.17885
37976.0,137.95079
37977.0,146.75603
37978.0,149.57552
37979.0,161.86925
37893.0,180.0091
37924.0,131.63214
37952.0,142.38855
37894.0,149.48865
37925.0,146.499
37953.0,155.63475
37895.0,164.09247
37926.0,176.28044
37954.0,185.00613
37896.0,192.318
37927.0,141.857
37955.0,154.63219
37897.0,135.60269
37928.0,134.77594
37956.0,139.148
37898.0,150.19196
37929.0,152.95508
37957.0,115.021614
37899.0,116.21341
37930.0,125.98823
37958.0,126.106606
37900.0,144.30855
37931.0,147.98643
37959.0,156.96257
37901.0,139.2458
37932.0,143.83807
37960.0,105.694244
38790.0,25.979998
38821.0,114.983086
38849.0,112.566986
38802.0,128.24857
38803.0,130.36989
38804.0,100.493286
38805.0,116.45719
38806.0,135.03526
38807.0,142.63062
38808.0,143.46834
38809.0,151.3031
38810.0,152.64944
38811.0,121.84732
38812.0,130.8233
38813.0,132.93158
38814.0,142.92372
38815.0,143.89867
38816.0,149.81943
38817.0,148.412
38818.0,117.53648
38819.0,132.18951
38820.0,136.40285
38791.0,150.58585
38822.0,147.76442
38850.0,155.8773
38833.0,139.5148
38834.0,140.65262
38835.0,146.49695
38836.0,144.15694
38837.0,153.66829
38838.0,165.35144
38839.0,127.36248
38840.0,139.74545
38841.0,137.25781
38842.0,145.91287
38843.0,149.07622
38844.0,160.06976
38845.0,162.02892
38846.0,124.11407
38847.0,138.4378
38848.0,137.60812
38792.0,156.90492
38823.0,160.35098
38851.0,173.1106
38861.0,136.1193
38862.0,135.86523
38863.0,146.83282
38864.0,153.18929
38865.0,167.25284
38866.0,166.64119
38867.0,126.75267
38868.0,139.54488
38869.0,137.21654
38870.0,146.64948
38871.0,149.60573
38872.0,159.80814
38873.0,161.438
38874.0,123.273384
38875.0,137.77878
38876.0,137.55072
38877.0,146.35596
38878.0,149.17545
38879.0,160.98851
38793.0,179.61435
38824.0,131.71806
38852.0,142.47447
38794.0,149.57457
38825.0,146.58492
38853.0,155.72067
38795.0,164.17839
38826.0,175.8857
38854.0,184.61139
38796.0,191.92325
38827.0,141.94292
38855.0,154.71811
38797.0,135.68861
38828.0,134.86186
38856.0,139.23392
38798.0,149.79721
38829.0,152.56033
38857.0,115.107544
38799.0,116.24538
38830.0,126.020195
38858.0,126.13857
38800.0,144.34052
38831.0,148.0184
38859.0,156.51387
38801.0,139.27777
38832.0,143.87004
38860.0,105.72621
39690.0,75.14836
39721.0,120.246475
39749.0,127.40717
39702.0,132.63026
39703.0,139.08603
39704.0,110.4817
39705.0,117.35696
39706.0,127.01188
39707.0,137.17091
39708.0,139.96646
39709.0,141.89594
39710.0,142.74094
39711.0,114.4508
39712.0,123.681526
39713.0,128.57642
39714.0,134.6992
39715.0,138.75632
39716.0,145.15698
39717.0,138.05382
39718.0,116.51268
39719.0,124.20344
39720.0,124.49933
39691.0,145.26117
39722.0,146.38647
39750.0,149.91176
39733.0,128.91452
39734.0,130.39488
39735.0,144.21176
39736.0,138.60233
39737.0,153.65591
39738.0,166.12955
39739.0,128.05653
39740.0,140.43951
39741.0,137.95187
39742.0,146.60693
39743.0,149.77028
39744.0,160.7781
39745.0,162.73726
39746.0,124.80816
39747.0,139.22993
39748.0,138.40025
39692.0,157.57903
39723.0,161.02509
39751.0,173.86874
39761.0,136.79341
39762.0,136.5593
39763.0,147.52689
39764.0,153.88335
39765.0,168.03094
39766.0,167.4193
39767.0,127.44672
39768.0,140.23894
39769.0,137.9106
39770.0,147.34354
39771.0,150.29979
39772.0,160.51648
39773.0,162.14635
39774.0,123.96746
39775.0,138.5709
39776.0,138.34285
39777.0,146.98958
39778.0,149.80907
39779.0,161.03879
39693.0,180.22289
39724.0,132.39218
39752.0,143.14859
39694.0,150.24869
39725.0,147.25903
39753.0,156.39479
39695.0,164.95866
39726.0,176.75002
39754.0,185.47571
39696.0,192.63794
39727.0,142.75209
39755.0,155.52728
39697.0,136.4453
39728.0,135.26425
39756.0,139.63632
39698.0,150.1109
39729.0,153.02365
39757.0,115.83627
39699.0,116.974106
39730.0,126.74891
39758.0,126.867294
39700.0,145.06924
39731.0,148.74713
39759.0,156.97719
39701.0,139.59146
39732.0,144.33336
39760.0,106.79054
40590.0,51.435204
40621.0,116.33413
40649.0,118.6701
40602.0,126.67515
40603.0,130.93733
40604.0,111.186005
40605.0,125.46568
40606.0,131.79633
40607.0,138.8015
40608.0,140.33069
40609.0,147.94969
40610.0,148.23769
40611.0,119.420456
40612.0,129.41667
40613.0,132.16263
40614.0,142.49945
40615.0,141.91034
40616.0,145.8794
40617.0,148.05399
40618.0,117.48049
40619.0,130.84827
40620.0,133.48633
40591.0,149.4181
40622.0,146.57608
40650.0,153.3123
40633.0,138.20541
40634.0,139.6808
40635.0,142.87608
40636.0,142.1854
40637.0,148.42198
40638.0,165.6009
40639.0,128.51714
40640.0,140.9001
40641.0,138.41246
40642.0,147.34822
40643.0,149.84908
40644.0,161.30145
40645.0,162.77876
40646.0,125.36433
40647.0,139.7861
40648.0,138.95642
40592.0,157.63936
40623.0,160.60806
40651.0,173.64331
40661.0,137.33006
40662.0,137.09595
40663.0,148.00412
40664.0,153.88321
40665.0,168.28603
40666.0,166.83124
40667.0,127.907265
40668.0,140.69952
40669.0,138.37119
40670.0,148.0254
40671.0,150.31917
40672.0,160.98041
40673.0,162.12843
40674.0,124.468636
40675.0,139.07207
40676.0,138.84401
40677.0,147.49074
40678.0,149.88786
40679.0,162.00558
40593.0,179.54153
40624.0,132.46622
40652.0,143.22263
40594.0,150.30043
40625.0,147.31078
40653.0,156.44653
40595.0,164.22488
40626.0,176.28085
40654.0,184.04079
40596.0,190.95027
40627.0,142.91515
40655.0,155.45526
40597.0,136.18637
40628.0,135.00533
40656.0,138.6051
40598.0,149.91081
40629.0,152.02888
40657.0,115.8316
40599.0,116.96943
40630.0,126.74423
40658.0,126.8626
40600.0,145.0353
40631.0,147.94092
40659.0,156.59555
40601.0,138.33574
40632.0,142.1378
40660.0,106.23402
41490.0,19.32261
41521.0,114.612114
41549.0,110.136795
41502.0,126.183136
41503.0,128.09596
41504.0,100.314224
41505.0,116.5928
41506.0,134.38937
41507.0,141.0918
41508.0,141.31561
41509.0,150.11877
41510.0,151.45036
41511.0,122.15775
41512.0,129.7215
41513.0,131.56375
41514.0,142.32097
41515.0,140.68748
41516.0,148.66968
41517.0,148.03485
41518.0,119.24137
41519.0,132.90375
41520.0,136.66928
41491.0,149.30464
41522.0,144.8508
41550.0,153.17804
41533.0,139.48163
41534.0,139.99683
41535.0,145.50174
41536.0,142.94817
41537.0,151.25746
41538.0,165.0313
41539.0,127.57142
41540.0,140.09035
41541.0,137.6027
41542.0,146.53847
41543.0,148.71428
41544.0,160.16666
41545.0,162.20915
41546.0,124.55459
41547.0,139.87077
41548.0,139.04109
41492.0,156.73965
41523.0,159.65953
41551.0,172.69478
41561.0,136.65862
41562.0,136.4245
41563.0,147.33267
41564.0,152.6289
41565.0,167.03172
41566.0,166.26163
41567.0,126.84984
41568.0,139.77802
41569.0,137.44968
41570.0,147.1039
41571.0,149.07262
41572.0,159.73386
41573.0,161.44707
41574.0,123.54711
41575.0,139.04498
41576.0,138.81693
41577.0,147.77924
41578.0,149.85132
41579.0,161.91026
41493.0,179.15819
41524.0,131.56651
41552.0,142.32292
41494.0,149.40073
41525.0,146.41107
41553.0,155.54683
41495.0,163.16231
41526.0,175.2183
41554.0,183.67743
41496.0,190.58691
41527.0,141.90929
41555.0,154.4494
41497.0,135.68748
41528.0,134.50644
41556.0,138.04953
41498.0,149.23793
41529.0,152.05519
41557.0,115.22925
41499.0,116.36708
41530.0,126.141914
41558.0,126.26029
41500.0,145.46806
41531.0,148.3031
41559.0,156.95773
41501.0,137.89151
41532.0,142.16411
41560.0,105.67026
42390.0,44.698143
42421.0,116.060104
42449.0,114.55221
42402.0,127.52214
42403.0,127.691895
42404.0,103.05776
42405.0,120.1206
42406.0,130.5921
42407.0,138.38704
42408.0,140.5341
42409.0,147.46034
42410.0,149.97916
42411.0,120.80814
42412.0,130.14465
42413.0,131.47784
42414.0,140.1331
42415.0,141.02579
42416.0,146.01741
42417.0,147.07356
42418.0,119.23838
42419.0,132.00519
42420.0,134.18658
42391.0,148.29147
42422.0,144.36821
42450.0,153.66965
42433.0,138.72209
42434.0,139.92111
42435.0,144.92192
42436.0,141.32545
42437.0,148.48303
42438.0,165.0313
42439.0,127.57142
42440.0,140.09035
42441.0,137.6027
42442.0,146.53847
42443.0,148.71428
42444.0,160.16666
42445.0,162.20915
42446.0,124.55459
42447.0,139.87077
42448.0,139.04109
42392.0,156.73965
42423.0,159.65953
42451.0,172.69478
42461.0,136.65862
42462.0,136.4245
42463.0,147.33267
42464.0,152.6289
42465.0,167.03172
42466.0,166.26163
42467.0,126.84984
42468.0,139.77802
42469.0,137.44968
42470.0,147.1039
42471.0,149.07262
42472.0,159.73386
42473.0,161.44707
42474.0,123.54711
42475.0,139.04498
42476.0,138.81693
42477.0,147.77924
42478.0,149.85132
42479.0,161.91026
42393.0,179.15819
42424.0,131.56651
42452.0,142.32292
42394.0,149.40073
42425.0,146.41107
42453.0,155.54683
42395.0,163.16231
42426.0,175.2183
42454.0,183.67743
42396.0,190.58691
42427.0,141.90929
42455.0,154.4494
42397.0,135.68748
42428.0,134.50644
42456.0,138.04953
42398.0,149.23793
42429.0,152.05519
42457.0,115.22925
42399.0,116.36708
42430.0,126.141914
42458.0,126.26029
42400.0,145.46806
42431.0,148.3031
42459.0,156.95773
42401.0,137.89151
42432.0,142.16411
42460.0,105.67026
43290.0,24.287622
43321.0,115.68194
43349.0,111.56067
43302.0,127.2172
43303.0,128.1698
43304.0,99.58399
43305.0,117.51991
43306.0,133.79758
43307.0,141.43764
43308.0,141.75143
43309.0,150.25482
43310.0,150.39015
43311.0,120.806915
43312.0,130.10236
43313.0,132.17404
43314.0,142.32097
43315.0,140.24733
43316.0,147.82047
43317.0,148.12604
43318.0,118.74016
43319.0,132.40253
43320.0,136.62585
43291.0,149.30464
43322.0,144.0557
43350.0,153.32324
43333.0,138.52942
43334.0,139.4046
43335.0,145.50174
43336.0,142.1436
43337.0,150.26277
43338.0,165.0313
43339.0,127.56512
43340.0,140.08405
43341.0,137.5964
43342.0,146.53847
43343.0,148.71428
43344.0,160.16666
43345.0,162.20915
43346.0,124.54829
43347.0,139.86447
43348.0,139.03479
43292.0,156.73965
43323.0,159.65953
43351.0,172.69478
43361.0,136.65231
43362.0,136.4182
43363.0,147.33267
43364.0,152.6289
43365.0,167.03172
43366.0,166.26163
43367.0,126.84354
43368.0,139.77171
43369.0,137.44337
43370.0,147.1039
43371.0,149.07262
43372.0,159.73386
43373.0,161.44707
43374.0,123.54081
43375.0,139.03868
43376.0,138.81062
43377.0,147.77924
43378.0,149.85132
43379.0,161.74312
43293.0,179.15819
43324.0,131.56021
43352.0,142.31662
43294.0,149.39442
43325.0,146.40477
43353.0,155.54683
43295.0,163.12563
43326.0,175.10858
43354.0,183.5677
43296.0,191.02069
43327.0,141.8663
43355.0,154.40642
43297.0,135.61563
43328.0,134.44089
43356.0,137.98398
43298.0,149.23793
43329.0,152.05519
43357.0,115.222946
43299.0,116.36078
43330.0,126.13561
43358.0,126.25399
43300.0,145.46806
43331.0,148.3031
43359.0,156.95773
43301.0,137.94237
43332.0,142.16411
43360.0,105.67026
44190.0,52.787476
44221.0,113.40267
44249.0,122.33591
44202.0,127.906456
44203.0,130.5228
44204.0,110.10865
44205.0,125.03015
44206.0,130.33835
44207.0,135.01714
44208.0,138.52824
44209.0,146.72882
44210.0,149.0855
44211.0,118.935356
44212.0,126.79988
44213.0,128.86351
44214.0,136.11926
44215.0,139.1011
44216.0,143.35565
44217.0,144.98361
44218.0,117.35708
44219.0,129.61035
44220.0,132.8704
44191.0,148.96204
44222.0,143.90399
44250.0,151.19289
44233.0,136.85446
44234.0,136.9766
44235.0,143.01102
44236.0,139.45187
44237.0,147.55367
44238.0,164.70187
44239.0,127.24321
44240.0,139.7621
44241.0,137.27446
44242.0,146.21652
44243.0,148.38486
44244.0,159.83723
44245.0,161.87973
44246.0,124.22633
44247.0,139.54253
44248.0,138.71284
44192.0,156.72061
44223.0,159.63301
44251.0,172.66826
44261.0,136.33037
44262.0,136.09625
44263.0,147.01073
44264.0,152.29948
44265.0,166.7023
44266.0,165.9322
44267.0,126.5216
44268.0,139.44977
44269.0,137.12143
44270.0,146.78195
44271.0,148.7432
44272.0,159.40443
44273.0,161.11765
44274.0,123.21886
44275.0,138.71674
44276.0,138.48868
44277.0,147.45729
44278.0,149.5219
44279.0,161.4137
44193.0,179.09645
44224.0,131.50595
44252.0,142.26236
44194.0,149.34016
44225.0,146.35051
44253.0,155.49257
44195.0,163.06389
44226.0,175.04684
44254.0,183.07823
44196.0,190.85028
44227.0,142.1311
44255.0,154.67122
44197.0,135.52007
44228.0,134.34532
44256.0,137.88094
44198.0,149.23793
44229.0,152.05519
44257.0,115.23043
44199.0,116.37553
44230.0,126.15036
44258.0,126.26874
44200.0,145.48495
44231.0,148.3031
44259.0,156.95773
44201.0,137.94237
44232.0,142.16411
44260.0,105.68716
180.0,17.475525
211.0,113.75156
239.0,111.1232
192.0,120.12751
193.0,122.96045
194.0,96.05708
195.0,112.916595
196.0,124.4546
197.0,128.92007
198.0,134.58342
199.0,142.57146
200.0,144.90907
201.0,110.25613
202.0,122.78185
203.0,123.22259
204.0,131.64958
205.0,133.11818
206.0,138.64323
207.0,143.84695
208.0,109.014565
209.0,123.41288
210.0,125.6639
181.0,138.77132
212.0,140.76492
240.0,148.10057
223.0,127.3266
224.0,128.60661
225.0,131.53894
226.0,131.90652
227.0,139.75307
228.0,159.7565
229.0,116.624176
230.0,128.6808
231.0,126.13397
232.0,133.68945
233.0,135.16931
234.0,151.09839
235.0,156.94424
236.0,115.41487
237.0,129.84933
238.0,129.60727
182.0,143.29439
213.0,148.62018
241.0,164.77785
251.0,128.35295
252.0,129.60716
253.0,136.04138
254.0,139.83641
255.0,158.10239
256.0,161.40724
257.0,116.947586
258.0,129.41353
259.0,126.998695
260.0,134.56085
261.0,135.56114
262.0,151.76372
263.0,157.51541
264.0,116.91365
265.0,131.28421
266.0,131.64374
267.0,136.97333
268.0,134.65718
269.0,150.91621
183.0,176.64235
214.0,123.67463
242.0,136.19646
184.0,136.691
215.0,136.84103
243.0,143.27104
185.0,150.16927
216.0,169.19563
244.0,176.41466
186.0,182.67209
217.0,129.69055
245.0,142.48842
187.0,122.18891
218.0,127.78284
246.0,131.74625
188.0,148.00188
219.0,153.30127
247.0,108.34537
189.0,106.853905
220.0,119.50885
248.0,121.2349
190.0,134.7143
221.0,141.17973
249.0,153.5117
191.0,136.01001
222.0,141.78098
250.0,97.46774
1080.0,44.309376
1111.0,114.896164
1139.0,116.73848
1092.0,123.182014
1093.0,124.64609
1094.0,100.03761
1095.0,116.86392
1096.0,122.36021
1097.0,124.242805
1098.0,133.46928
1099.0,140.28217
1100.0,143.94908
1101.0,108.989296
1102.0,120.63555
1103.0,119.43279
1104.0,128.23228
1105.0,132.25853
1106.0,135.8595
1107.0,142.83221
1108.0,107.99084
1109.0,121.6735
1110.0,122.972786
1081.0,137.59367
1112.0,139.38211
1140.0,144.84178
1123.0,125.54759
1124.0,125.79222
1125.0,129.31734
1126.0,128.72176
1127.0,134.58627
1128.0,160.16957
1129.0,116.361916
1130.0,128.41853
1131.0,125.87171
1132.0,133.42719
1133.0,134.90704
1134.0,150.83612
1135.0,156.92233
1136.0,115.27418
1137.0,129.70865
1138.0,129.46658
1082.0,143.03212
1113.0,148.35791
1141.0,164.51558
1151.0,128.0907
1152.0,129.3449
1153.0,135.77911
1154.0,139.57414
1155.0,157.84012
1156.0,161.82031
1157.0,116.685326
1158.0,129.15126
1159.0,126.73641
1160.0,134.29858
1161.0,135.29887
1162.0,151.50145
1163.0,157.4935
1164.0,116.77296
1165.0,131.14352
1166.0,131.50305
1167.0,136.83264
1168.0,134.63527
1169.0,150.8943
1083.0,177.05542
1114.0,123.41237
1142.0,135.93419
1084.0,136.42873
1115.0,136.57877
1143.0,143.00877
1085.0,149.907
1116.0,168.93336
1144.0,176.82773
1086.0,183.08516
1117.0,129.75699
1145.0,142.55486
1087.0,122.336205
1118.0,127.93013
1146.0,131.89354
1088.0,148.05379
1119.0,153.69981
1147.0,108.39728
1089.0,106.905815
1120.0,119.56076
1148.0,121.28681
1090.0,134.7662
1121.0,141.23164
1149.0,153.56361
1091.0,136.01001
1122.0,141.78098
1150.0,97.46774
1980.0,27.225998
2011.0,115.45474
2039.0,114.0405
1992.0,120.430504
1993.0,123.77983
1994.0,95.67128
1995.0,113.70744
1996.0,123.271996
1997.0,126.78191
1998.0,133.56508
1999.0,140.68054
2000.0,145.93889
2001.0,110.03289
2002.0,121.623055
2003.0,122.64324
2004.0,130.04137
2005.0,132.54439
2006.0,135.33366
2007.0,143.82367
2008.0,108.90014
2009.0,122.33527
2010.0,125.126915
1981.0,138.3838
2012.0,139.52182
2040.0,146.78127
2023.0,126.02455
2024.0,127.2724
2025.0,130.07022
2026.0,131.61354
2027.0,137.96692
2028.0,158.91118
2029.0,115.234474
2030.0,127.291046
2031.0,124.744286
2032.0,132.29971
2033.0,134.43515
2034.0,150.36426
2035.0,156.31952
2036.0,114.80231
2037.0,129.23679
2038.0,128.99469
1982.0,142.93605
2013.0,148.26184
2041.0,164.51683
2051.0,127.247826
2052.0,128.5021
2053.0,134.93633
2054.0,138.73135
2055.0,156.99733
2056.0,161.15295
2057.0,115.98385
2058.0,128.44978
2059.0,126.03493
2060.0,133.5971
2061.0,135.25298
2062.0,151.59587
2063.0,157.45697
2064.0,116.86735
2065.0,131.23792
2066.0,131.59747
2067.0,136.92703
2068.0,134.72966
2069.0,150.9887
1983.0,176.95805
2014.0,123.31503
2042.0,135.93414
1984.0,135.83813
2015.0,135.98817
2043.0,142.51547
1985.0,149.76775
2016.0,168.79411
2044.0,176.78577
1986.0,181.89095
2017.0,128.56277
2045.0,141.45793
1987.0,122.4826
2018.0,127.34718
2046.0,131.65488
1988.0,147.71783
2019.0,153.42181
2047.0,108.78595
1989.0,106.62001
2020.0,119.12997
2048.0,120.95329
1990.0,134.22589
2021.0,140.93843
2049.0,153.36769
1991.0,135.28824
2022.0,141.11716
2050.0,97.33908
2880.0,16.150425
2911.0,113.54468
2939.0,110.05629
2892.0,120.599785
2893.0,122.703674
2894.0,95.298706
2895.0,114.350586
2896.0,123.835365
2897.0,129.40236
2898.0,134.06825
2899.0,142.34822
2900.0,145.3613
2901.0,110.03289
2902.0,122.55862
2903.0,123.73391
2904.0,130.69286
2905.0,132.60301
2906.0,138.12807
2907.0,142.81525
2908.0,109.67916
2909.0,123.189644
2910.0,125.44062
2881.0,139.1274
2912.0,140.3259
2940.0,147.58784
2923.0,126.79698
2924.0,128.07695
2925.0,131.44518
2926.0,132.41812
2927.0,138.4189
2928.0,158.97649
2929.0,115.234474
2930.0,127.291046
2931.0,124.744286
2932.0,132.29971
2933.0,134.43515
2934.0,150.36426
2935.0,156.38483
2936.0,114.80231
2937.0,129.23679
2938.0,128.99469
2882.0,142.93605
2913.0,148.26184
2941.0,164.51683
2951.0,127.247826
2952.0,128.5021
2953.0,134.93633
2954.0,138.73135
2955.0,156.99733
2956.0,161.21826
2957.0,115.98385
2958.0,128.44978
2959.0,126.03493
2960.0,133.5971
2961.0,135.25298
2962.0,151.59587
2963.0,157.52228
2964.0,116.86735
2965.0,131.23792
2966.0,131.59747
2967.0,136.92703
2968.0,134.72966
2969.0,150.9887
2883.0,177.02336
2914.0,123.31503
2942.0,135.93414
2884.0,135.83813
2915.0,135.98817
2943.0,142.51547
2885.0,149.76775
2916.0,168.79411
2944.0,176.96169
2886.0,182.06686
2917.0,128.56277
2945.0,141.45793
2887.0,122.4826
2918.0,127.34718
2946.0,131.65488
2888.0,147.71783
2919.0,153.59773
2947.0,108.78595
2889.0,106.62001
2920.0,119.12997
2948.0,120.95329
2890.0,134.22589
2921.0,140.93843
2949.0,153.36769
2891.0,135.28824
2922.0,141.126
2950.0,97.33908
3780.0,15.194486
3811.0,113.02931
3839.0,110.528
3792.0,119.08425
3793.0,122.689545
3794.0,95.24246
3795.0,112.562805
3796.0,124.63044
3797.0,129.40236
3798.0,134.36018
3799.0,142.05629
3800.0,145.3613
3801.0,111.32571
3802.0,122.26667
3803.0,124.025856
3804.0,131.42635
3805.0,132.60301
3806.0,138.42
3807.0,143.24608
3808.0,109.67916
3809.0,122.8977
3810.0,126.38915
3781.0,139.1274
3812.0,140.3259
3840.0,147.58784
3823.0,126.79698
3824.0,128.07695
3825.0,131.00935
3826.0,132.41812
3827.0,139.22348
3828.0,158.97649
3829.0,115.234474
3830.0,127.291046
3831.0,124.744286
3832.0,132.29971
3833.0,134.43515
3834.0,150.36426
3835.0,156.38483
3836.0,114.80231
3837.0,129.23679
3838.0,128.99469
3782.0,142.93605
3813.0,148.26184
3841.0,164.51683
3851.0,127.247826
3852.0,128.5021
3853.0,134.93633
3854.0,138.73135
3855.0,156.99733
3856.0,161.21826
3857.0,115.98385
3858.0,128.44978
3859.0,126.03493
3860.0,133.5971
3861.0,135.25298
3862.0,151.59587
3863.0,157.52228
3864.0,116.86735
3865.0,131.23792
3866.0,131.59747
3867.0,136.92703
3868.0,134.72966
3869.0,150.9887
3783.0,177.02336
3814.0,123.31503
3842.0,135.93414
3784.0,135.83813
3815.0,135.98817
3843.0,142.51547
3785.0,149.76775
3816.0,168.79411
3844.0,176.96169
3786.0,182.06686
3817.0,128.56277
3845.0,141.45793
3787.0,122.4826
3818.0,127.34718
3846.0,131.65488
3788.0,147.71783
3819.0,153.59773
3847.0,108.78595
3789.0,106.62001
3820.0,119.12997
3848.0,120.95329
3790.0,134.22589
3821.0,140.93843
3849.0,153.36769
3791.0,135.28824
3822.0,141.126
3850.0,97.33908
4680.0,45.084408
4711.0,115.875046
4739.0,116.60492
4692.0,121.24668
4693.0,125.14235
4694.0,96.46207
4695.0,114.71161
4696.0,119.91379
4697.0,125.908455
4698.0,132.67332
4699.0,137.83662
4700.0,141.25455
4701.0,109.28384
4702.0,120.93009
4703.0,121.5689
4704.0,124.048645
4705.0,131.71855
4706.0,136.26114
4707.0,141.40895
4708.0,108.59554
4709.0,120.91376
4710.0,123.990486
4681.0,137.47198
4712.0,139.82437
4740.0,145.28325
4723.0,125.789536
4724.0,126.17343
4725.0,130.33403
4726.0,129.95724
4727.0,135.98875
4728.0,159.21484
4729.0,115.454544
4730.0,127.51112
4731.0,124.96433
4732.0,132.14561
4733.0,134.28105
4734.0,150.58034
4735.0,157.07118
4736.0,115.02238
4737.0,129.45685
4738.0,129.21475
4682.0,143.16588
4713.0,148.49167
4741.0,163.94081
4751.0,127.467896
4752.0,128.72217
4753.0,135.15887
4754.0,138.9539
4755.0,156.92279
4756.0,161.08412
4757.0,116.20392
4758.0,128.66985
4759.0,126.25499
4760.0,133.44301
4761.0,135.09888
4762.0,151.43948
4763.0,157.83614
4764.0,117.08742
4765.0,131.45798
4766.0,131.81754
4767.0,136.76169
4768.0,134.56432
4769.0,150.8126
4683.0,176.33179
4714.0,123.535095
4742.0,136.15422
4684.0,136.05818
4715.0,136.20822
4743.0,142.74532
4685.0,149.60448
4716.0,167.82503
4744.0,176.37819
4686.0,181.77194
4717.0,128.79877
4745.0,141.69392
4687.0,122.71859
4718.0,127.60926
4746.0,131.91699
4688.0,147.46658
4719.0,153.23091
4747.0,109.02194
4689.0,106.856
4720.0,119.36596
4748.0,121.189285
4690.0,134.488
4721.0,141.20055
4749.0,153.15123
4691.0,135.1324
4722.0,140.8546
4750.0,97.76961
5580.0,45.548668
5611.0,117.80477
5639.0,117.985374
5592.0,123.887436
5593.0,125.0439
5594.0,98.03898
5595.0,121.644646
5596.0,121.48005
5597.0,123.561356
5598.0,132.69475
5599.0,137.45293
5600.0,142.86618
5601.0,106.90177
5602.0,118.71345
5603.0,121.37464
5604.0,127.709984
5605.0,131.56099
5606.0,136.16776
5607.0,139.56581
5608.0,108.21551
5609.0,120.58689
5610.0,123.80918
5581.0,136.62057
5612.0,139.73964
5640.0,143.68567
5623.0,125.47223
5624.0,126.47299
5625.0,129.58215
5626.0,129.654
5627.0,132.31596
5628.0,160.19499
5629.0,116.61304
5630.0,128.66965
5631.0,126.12284
5632.0,133.30414
5633.0,135.4253
5634.0,151.6362
5635.0,158.05133
5636.0,116.23116
5637.0,130.66563
5638.0,130.42357
5582.0,142.47296
5613.0,147.2869
5641.0,162.64763
5651.0,128.107
5652.0,129.36122
5653.0,135.79793
5654.0,139.57864
5655.0,157.45918
5656.0,161.5448
5657.0,116.84295
5658.0,129.30887
5659.0,126.89401
5660.0,134.08206
5661.0,135.72365
5662.0,151.97585
5663.0,158.29681
5664.0,117.77674
5665.0,132.14732
5666.0,132.50685
5667.0,137.40074
5668.0,135.18909
5669.0,151.23853
5583.0,175.46053
5614.0,122.33164
5642.0,134.95078
5584.0,135.38458
5615.0,135.03705
5643.0,141.57414
5585.0,149.43974
5616.0,167.07434
5644.0,175.55182
5586.0,180.92566
5617.0,127.57666
5645.0,140.47183
5587.0,122.09118
5618.0,126.56001
5646.0,130.9101
5588.0,146.7931
5619.0,152.05992
5647.0,107.97273
5589.0,106.335304
5620.0,118.42346
5648.0,120.24679
5590.0,133.96732
5621.0,140.30037
5649.0,152.16267
5591.0,134.75685
5622.0,140.40834
5650.0,96.64768
6480.0,59.04119
6511.0,111.008484
6539.0,117.115204
6492.0,123.04534
6493.0,128.95229
6494.0,104.5941
6495.0,121.30669
6496.0,119.0926
6497.0,124.1927
6498.0,130.88464
6499.0,134.16985
6500.0,137.02817
6501.0,107.25296
6502.0,117.64081
6503.0,117.68785
6504.0,124.0225
6505.0,129.56912
6506.0,133.31743
6507.0,140.20448
6508.0,106.9913
6509.0,115.472404
6510.0,119.87627
6481.0,135.88326
6512.0,138.36569
6540.0,143.4507
6523.0,122.80709
6524.0,122.16613
6525.0,125.38097
6526.0,129.01399
6527.0,133.49605
6528.0,160.0658
6529.0,115.38265
6530.0,127.43921
6531.0,125.04184
6532.0,132.22314
6533.0,134.76471
6534.0,151.21516
6535.0,157.96011
6536.0,114.86745
6537.0,129.68987
6538.0,129.59721
6482.0,141.89719
6513.0,147.08725
6541.0,162.69383
6551.0,127.56157
6552.0,129.03319
6553.0,135.4699
6554.0,139.62677
6555.0,157.75313
6556.0,162.1686
6557.0,116.36555
6558.0,128.83142
6559.0,126.56601
6560.0,133.75403
6561.0,135.81602
6562.0,152.23984
6563.0,158.89062
6564.0,117.10676
6565.0,131.86525
6566.0,132.37422
6567.0,137.25938
6568.0,135.60147
6569.0,151.89049
6483.0,175.59167
6514.0,121.80085
6542.0,134.23431
6484.0,134.66809
6515.0,134.47
6543.0,140.99837
6485.0,149.39253
6516.0,167.12054
6544.0,175.68297
6486.0,180.67503
6517.0,127.119835
6545.0,139.82936
6487.0,121.59812
6518.0,126.05824
6546.0,130.5551
6488.0,145.84514
6519.0,151.1969
6547.0,106.58479
6489.0,104.92957
6520.0,116.83208
6548.0,118.80479
6490.0,132.83252
6521.0,139.58461
6549.0,151.46634
6491.0,133.78691
6522.0,139.52335
6550.0,95.275566
7380.0,39.42912
7411.0,116.26253
7439.0,115.25907
7392.0,125.75316
7393.0,127.99073
7394.0,99.364525
7395.0,118.81403
7396.0,120.23913
7397.0,124.933495
7398.0,130.06462
7399.0,137.55112
7400.0,141.66612
7401.0,108.42307
7402.0,118.10548
7403.0,118.343636
7404.0,123.58136
7405.0,129.45113
7406.0,136.71048
7407.0,140.93388
7408.0,107.09432
7409.0,120.69738
7410.0,122.647026
7381.0,135.0936
7412.0,137.39386
7440.0,142.73131
7423.0,124.36548
7424.0,123.99226
7425.0,127.33847
7426.0,128.89261
7427.0,134.76894
7428.0,158.92451
7429.0,115.69418
7430.0,126.88921
7431.0,124.26319
7432.0,131.17259
7433.0,134.17326
7434.0,150.53923
7435.0,157.36598
7436.0,115.36691
7437.0,129.32782
7438.0,129.35129
7382.0,141.73029
7413.0,146.427
7441.0,161.91652
7451.0,127.54715
7452.0,128.79012
7453.0,134.95496
7454.0,138.68886
7455.0,156.61182
7456.0,161.02728
7457.0,116.67708
7458.0,128.28143
7459.0,125.787285
7460.0,132.70348
7461.0,135.22458
7462.0,151.65228
7463.0,158.38487
7464.0,117.606224
7465.0,131.50317
7466.0,132.1283
7467.0,136.7416
7468.0,135.74947
7469.0,151.954
7383.0,174.97859
7414.0,122.41652
7442.0,133.98846
7384.0,135.21945
7415.0,134.42084
7443.0,140.67737
7385.0,149.50644
7416.0,166.74556
7444.0,175.30798
7386.0,181.17847
7417.0,127.391914
7445.0,140.10143
7387.0,122.733864
7418.0,126.1987
7446.0,130.69554
7388.0,147.10454
7419.0,152.08446
7447.0,108.098
7389.0,106.639465
7420.0,118.17014
7448.0,119.91417
7390.0,133.04382
7421.0,139.42407
7449.0,151.88708
7391.0,134.434
7422.0,140.01921
7450.0,95.807816
8280.0,54.563606
8311.0,116.187675
8339.0,115.958275
8292.0,122.86473
8293.0,125.510895
8294.0,100.334465
8295.0,115.890236
8296.0,117.984215
8297.0,122.73179
8298.0,129.15932
8299.0,132.65305
8300.0,140.42802
8301.0,104.581474
8302.0,119.19118
8303.0,116.17089
8304.0,123.20565
8305.0,127.9227
8306.0,132.35593
8307.0,139.66699
8308.0,104.0384
8309.0,118.401596
8310.0,121.280464
8281.0,128.87888
8312.0,137.53523
8340.0,142.52766
8323.0,124.817444
8324.0,124.964554
8325.0,126.660324
8326.0,125.1457
8327.0,133.29805
8328.0,158.8444
8329.0,114.65477
8330.0,126.127686
8331.0,124.31985
8332.0,131.05415
8333.0,134.05501
8334.0,150.3979
8335.0,157.22466
8336.0,114.758865
8337.0,128.95244
8338.0,130.11407
8282.0,141.75067
8313.0,146.04993
8341.0,161.51637
8351.0,126.21285
8352.0,128.21544
8353.0,134.25818
8354.0,138.57332
8355.0,156.47318
8356.0,160.88864
8357.0,115.579124
8358.0,127.46139
8359.0,125.78544
8360.0,132.5265
8361.0,135.04779
8362.0,151.51096
8363.0,158.24355
8364.0,116.99818
8365.0,131.12779
8366.0,132.89108
8367.0,137.7658
8368.0,136.4788
8369.0,152.66023
8283.0,174.57846
8314.0,121.3771
8342.0,132.65416
8284.0,134.54378
8315.0,133.9047
8343.0,140.03912
8285.0,149.57472
8316.0,166.79077
8344.0,175.3532
8286.0,181.45715
8317.0,126.75994
8345.0,139.46933
8287.0,123.3217
8318.0,126.00578
8346.0,130.99731
8288.0,147.38322
8319.0,152.36314
8347.0,107.73216
8289.0,106.93226
8320.0,117.804306
8348.0,120.10963
8290.0,133.7758
8321.0,139.96902
8349.0,152.40895
8291.0,134.95587
8322.0,140.54108
8350.0,95.44198
9180.0,52.667797
9211.0,121.100365
9239.0,119.498634
9192.0,123.8772
9193.0,132.56003
9194.0,104.16088
9195.0,125.91291
9196.0,117.58767
9197.0,121.42292
9198.0,129.2414
9199.0,133.82603
9200.0,136.38438
9201.0,103.26374
9202.0,115.52096
9203.0,115.87313
9204.0,121.28185
9205.0,127.11391
9206.0,133.39969
9207.0,134.6402
9208.0,106.45185
9209.0,119.80971
9210.0,119.49476
9181.0,131.81187
9212.0,136.28284
9240.0,139.10658
9223.0,122.71605
9224.0,122.77425
9225.0,125.246704
9226.0,124.42523
9227.0,135.0392
9228.0,158.7428
9229.0,114.2824
9230.0,125.75535
9231.0,123.94749
9232.0,130.73553
9233.0,133.73639
9234.0,150.07928
9235.0,157.12305
9236.0,114.3865
9237.0,128.5801
9238.0,129.7417
9182.0,142.2752
9213.0,146.5745
9241.0,161.5868
9251.0,127.22637
9252.0,129.22897
9253.0,134.78275
9254.0,138.64372
9255.0,156.54361
9256.0,160.8949
9257.0,115.31463
9258.0,127.196915
9259.0,125.52092
9260.0,132.31578
9261.0,134.83704
9262.0,151.3002
9263.0,158.2498
9264.0,116.182434
9265.0,130.31207
9266.0,132.07533
9267.0,137.0038
9268.0,135.71681
9269.0,152.00533
9183.0,174.3146
9214.0,121.22973
9242.0,132.50679
9184.0,134.39641
9215.0,133.7573
9243.0,140.01242
9185.0,149.54805
9216.0,166.30994
9244.0,175.08934
9186.0,181.19336
9217.0,126.61257
9245.0,139.32196
9187.0,122.193474
9218.0,124.99827
9246.0,129.74268
9188.0,145.71736
9219.0,150.91135
9247.0,106.26895
9189.0,105.46904
9220.0,115.96682
9248.0,118.27214
9190.0,132.58751
9221.0,138.83167
9249.0,151.27156
9191.0,133.68843
9222.0,139.42813
9250.0,94.5403
10080.0,53.90375
10111.0,113.27123
10139.0,122.06022
10092.0,122.073
10093.0,139.3771
10094.0,94.47156
10095.0,120.96445
10096.0,117.995255
10097.0,122.90011
10098.0,129.22157
10099.0,136.41125
10100.0,136.61365
10101.0,105.78053
10102.0,116.31896
10103.0,116.88326
10104.0,121.952896
10105.0,127.97605
10106.0,134.27121
10107.0,138.5677
10108.0,107.2115
10109.0,119.77562
10110.0,116.99931
10081.0,137.33699
10112.0,137.14555
10140.0,142.28242
10123.0,122.95925
10124.0,125.21521
10125.0,129.36217
10126.0,128.45345
10127.0,135.85262
10128.0,159.37805
10129.0,114.94597
10130.0,126.41894
10131.0,124.61104
10132.0,131.39911
10133.0,134.39996
10134.0,150.71457
10135.0,157.75833
10136.0,115.050064
10137.0,129.24367
10138.0,130.40527
10082.0,143.40681
10113.0,147.70613
10141.0,162.58868
10151.0,127.544365
10152.0,129.5469
10153.0,135.20883
10154.0,139.06981
10155.0,157.17886
10156.0,161.53018
10157.0,116.05186
10158.0,127.93412
10159.0,126.25818
10160.0,133.053
10161.0,135.57428
10162.0,152.00912
10163.0,158.95872
10164.0,116.91966
10165.0,131.04929
10166.0,132.81255
10167.0,138.29509
10168.0,137.0081
10169.0,153.19466
10083.0,174.63242
10114.0,121.724754
10142.0,133.20851
10084.0,134.89137
10115.0,134.25226
10143.0,140.71417
10085.0,150.2498
10116.0,166.88193
10144.0,175.40715
10086.0,181.97174
10117.0,127.77143
10145.0,140.68774
10087.0,122.57247
10118.0,125.377266
10146.0,130.12169
10088.0,146.45694
10119.0,151.19194
10147.0,106.54982
10089.0,105.8759
10120.0,116.37368
10148.0,118.679
10090.0,132.99438
10121.0,139.23854
10149.0,151.92996
10091.0,134.44751
10122.0,139.72816
10150.0,95.04785
10980.0,66.5629
11011.0,114.59761
11039.0,125.84017
10992.0,124.94582
10993.0,132.05392
10994.0,109.90946
10995.0,126.020515
10996.0,119.979355
10997.0,122.99488
10998.0,128.24869
10999.0,133.22508
11000.0,136.07565
11001.0,104.898506
11002.0,116.34161
11003.0,117.40661
11004.0,123.439766
11005.0,125.57554
11006.0,130.85735
11007.0,135.29329
11008.0,106.48696
11009.0,114.267944
11010.0,120.50618
10981.0,133.10924
11012.0,139.32123
11040.0,142.65411
11023.0,124.8989
11024.0,125.43128
11025.0,127.9389
11026.0,129.24092
11027.0,133.79027
11028.0,159.15665
11029.0,116.96456
11030.0,128.43755
11031.0,125.19894
11032.0,131.83551
11033.0,135.10326
11034.0,151.4091
11035.0,157.47408
11036.0,117.07482
11037.0,131.45995
11038.0,130.89984
10982.0,144.2899
11013.0,148.50868
11041.0,163.38248
11051.0,129.75674
11052.0,130.0419
11053.0,135.54102
11054.0,139.95747
11055.0,158.0578
11056.0,161.37036
11057.0,117.70311
11058.0,129.58539
11059.0,126.47872
11060.0,133.55101
11061.0,136.33913
11062.0,152.76527
11063.0,158.73605
11064.0,118.57707
11065.0,132.89825
11066.0,132.93977
11067.0,138.35187
11068.0,137.26227
11069.0,153.83286
10983.0,174.81792
11014.0,123.26958
11042.0,134.11162
10984.0,137.47046
11015.0,134.73515
11043.0,141.09904
10985.0,151.94882
11016.0,167.24226
11044.0,176.02095
10986.0,185.1912
11017.0,131.09656
11045.0,143.7724
10987.0,127.14838
11018.0,128.43044
11046.0,132.84802
10988.0,148.2882
11019.0,153.28627
11047.0,108.24048
10989.0,109.0581
11020.0,120.031204
11048.0,122.42234
10990.0,136.14085
11021.0,141.79596
11049.0,154.19853
10991.0,136.79488
11022.0,142.33867
11050.0,97.904015
11880.0,45.611
11911.0,117.929756
11939.0,116.67487
11892.0,126.93991
11893.0,132.25618
11894.0,109.69285
11895.0,123.56937
11896.0,124.26059
11897.0,127.98581
11898.0,134.01666
11899.0,141.75073
11900.0,141.92043
11901.0,111.1683
11902.0,120.36174
11903.0,122.60442
11904.0,127.04454
11905.0,132.77092
11906.0,140.09134
11907.0,142.66132
11908.0,109.02387
11909.0,123.79906
11910.0,124.24892
11881.0,140.18582
11912.0,141.3828
11940.0,148.22453
11923.0,129.88763
11924.0,129.14203
11925.0,130.83885
11926.0,130.79762
11927.0,138.5114
11928.0,162.86452
11929.0,121.93246
11930.0,133.40555
11931.0,129.05818
11932.0,134.96156
11933.0,137.54387
11934.0,154.59172
11935.0,161.14551
11936.0,121.41511
11937.0,135.2753
11938.0,133.7335
11882.0,147.19298
11913.0,150.28822
11941.0,165.892
11951.0,133.02293
11952.0,132.44002
11953.0,137.4002
11954.0,142.22597
11955.0,161.32791
11956.0,164.79176
11957.0,122.22614
11958.0,134.1085
11959.0,130.13385
11960.0,136.6313
11961.0,138.77776
11962.0,155.9459
11963.0,162.40553
11964.0,122.65778
11965.0,136.45396
11966.0,135.51382
11967.0,139.86429
11968.0,138.64517
11969.0,154.90541
11883.0,176.46097
11914.0,125.73266
11942.0,136.57477
11884.0,139.92917
11915.0,136.45178
11943.0,142.26797
11885.0,153.46085
11916.0,168.92664
11944.0,177.56577
11886.0,186.4949
11917.0,134.30623
11945.0,146.98207
11887.0,128.85097
11918.0,130.18622
11946.0,134.21469
11888.0,149.69196
11919.0,154.1913
11947.0,111.60756
11889.0,111.2268
11920.0,122.19989
11948.0,123.722984
11890.0,137.47398
11921.0,143.13127
11949.0,155.53384
11891.0,138.4178
11922.0,142.95476
11950.0,100.33401
12780.0,67.56733
12811.0,119.0173
12839.0,123.55465
12792.0,123.837845
12793.0,135.39963
12794.0,113.59569
12795.0,130.64801
12796.0,122.457
12797.0,125.51027
12798.0,130.54692
12799.0,139.4735
12800.0,143.54996
12801.0,109.15793
12802.0,122.89227
12803.0,123.72188
12804.0,129.11406
12805.0,130.69177
12806.0,139.33662
12807.0,142.38179
12808.0,109.08082
12809.0,122.431046
12810.0,118.50285
12781.0,134.14221
12812.0,141.03406
12840.0,147.27953
12823.0,128.22491
12824.0,130.31328
12825.0,129.61024
12826.0,132.48448
12827.0,145.21054
12828.0,163.99536
12829.0,122.51191
12830.0,133.98499
12831.0,129.63762
12832.0,135.541
12833.0,138.1233
12834.0,155.76662
12835.0,162.24504
12836.0,121.96325
12837.0,135.82343
12838.0,134.28163
12782.0,147.77242
12813.0,150.86766
12841.0,167.0669
12851.0,133.60237
12852.0,133.01945
12853.0,137.97964
12854.0,142.8054
12855.0,162.5028
12856.0,165.9226
12857.0,122.805595
12858.0,134.68794
12859.0,130.71329
12860.0,137.21074
12861.0,139.3572
12862.0,157.1208
12863.0,163.50507
12864.0,123.205925
12865.0,137.00209
12866.0,136.06195
12867.0,140.41241
12868.0,139.1933
12869.0,156.049
12783.0,177.59181
12814.0,126.31209
12842.0,137.1542
12784.0,140.61841
12815.0,137.14102
12843.0,142.95721
12785.0,154.16895
12816.0,170.2302
12844.0,178.893
12786.0,187.82214
12817.0,134.99547
12845.0,147.67131
12787.0,129.5402
12818.0,130.87546
12846.0,134.92279
12788.0,150.40533
12819.0,154.92836
12847.0,112.29682
12789.0,111.67767
12820.0,122.650764
12848.0,124.173874
12790.0,137.56387
12821.0,143.24002
12849.0,155.64784
12791.0,138.44162
12822.0,143.00229
12850.0,100.468544
13680.0,18.974878
13711.0,115.32181
13739.0,112.888336
13692.0,125.54982
13693.0,129.62782
13694.0,99.052
13695.0,118.25847
13696.0,127.145096
13697.0,132.98985
13698.0,137.72273
13699.0,146.17133
13700.0,148.89311
13701.0,112.03496
13702.0,123.81044
13703.0,124.53834
13704.0,131.497
13705.0,134.97998
13706.0,144.25102
13707.0,145.31886
13708.0,110.831825
13709.0,124.48596
13710.0,128.05574
13681.0,142.46101
13712.0,143.47241
13740.0,152.0283
13723.0,130.8586
13724.0,131.75198
13725.0,133.71597
13726.0,135.41603
13727.0,144.73067
13728.0,164.72003
13729.0,123.91916
13730.0,135.75517
13731.0,131.08449
13732.0,136.80742
13733.0,140.08292
13734.0,157.15778
13735.0,163.21536
13736.0,122.932884
13737.0,136.9461
13738.0,134.97348
13682.0,149.06143
13713.0,152.9065
13741.0,168.2448
13751.0,135.41046
13752.0,134.71214
13753.0,139.2702
13754.0,144.37129
13755.0,163.50023
13756.0,166.23375
13757.0,123.82852
13758.0,136.07385
13759.0,131.77586
13760.0,138.0929
13761.0,140.93257
13762.0,158.12769
13763.0,164.09113
13764.0,123.82568
13765.0,137.64812
13766.0,136.27711
13767.0,140.29852
13768.0,141.28677
13769.0,157.01163
13683.0,178.28058
13714.0,127.072754
13742.0,138.31158
13684.0,142.41075
13715.0,139.04097
13743.0,144.66869
13685.0,154.92007
13716.0,170.6192
13744.0,179.41101
13686.0,187.61816
13717.0,133.12917
13745.0,146.20181
13687.0,127.8543
13718.0,128.39972
13746.0,133.15889
13688.0,147.56976
13719.0,154.02304
13747.0,110.33398
13689.0,110.2142
13720.0,121.93575
13748.0,123.45886
13690.0,136.05193
13721.0,142.61078
13749.0,154.77048
13691.0,136.55095
13722.0,143.04184
13750.0,99.922676
14580.0,24.608198
14611.0,115.41293
14639.0,115.42191
14592.0,126.42454
14593.0,131.99231
14594.0,99.97985
14595.0,118.17396
14596.0,127.145096
14597.0,131.50398
14598.0,137.72273
14599.0,145.93472
14600.0,147.99825
14601.0,112.03496
14602.0,122.93092
14603.0,124.70189
14604.0,132.9933
14605.0,134.97998
14606.0,143.0706
14607.0,145.45778
14608.0,110.831825
14609.0,125.17198
14610.0,127.76203
14581.0,142.21179
14612.0,143.47241
14640.0,151.5407
14623.0,130.16948
14624.0,131.05045
14625.0,134.07233
14626.0,135.54836
14627.0,144.46175
14628.0,164.72003
14629.0,123.91916
14630.0,135.75517
14631.0,131.08449
14632.0,136.80742
14633.0,140.08292
14634.0,157.15778
14635.0,163.21536
14636.0,122.932884
14637.0,136.9461
14638.0,134.97348
14582.0,149.06143
14613.0,152.9065
14641.0,168.2448
14651.0,135.41046
14652.0,134.71214
14653.0,139.2702
14654.0,144.37129
14655.0,163.50023
14656.0,166.23375
14657.0,123.82852
14658.0,136.07385
14659.0,131.77586
14660.0,138.0929
14661.0,140.93257
14662.0,158.12769
14663.0,164.09113
14664.0,123.82568
14665.0,137.64812
14666.0,136.27711
14667.0,140.29852
14668.0,141.28677
14669.0,157.01163
14583.0,178.28058
14614.0,127.072754
14642.0,138.31158
14584.0,142.41075
14615.0,139.04097
14643.0,144.66869
14585.0,154.92007
14616.0,170.6192
14644.0,179.41101
14586.0,187.61816
14617.0,133.12917
14645.0,146.20181
14587.0,127.8543
14618.0,128.39972
14646.0,133.15889
14588.0,147.56976
14619.0,154.02304
14647.0,110.33398
14589.0,110.2142
14620.0,121.93575
14648.0,123.45886
14590.0,136.05193
14621.0,142.61078
14649.0,154.77048
14591.0,136.55095
14622.0,143.04184
14650.0,99.922676
15480.0,60.82571
15511.0,115.414406
15539.0,130.64467
15492.0,130.52812
15493.0,135.80069
15494.0,110.54791
15495.0,123.86051
15496.0,127.25417
15497.0,129.15552
15498.0,135.96054
15499.0,140.54303
15500.0,144.30711
15501.0,111.417946
15502.0,118.19601
15503.0,123.92955
15504.0,128.27765
15505.0,133.92517
15506.0,139.36478
15507.0,142.40594
15508.0,110.58789
15509.0,125.2322
15510.0,120.45277
15481.0,135.65259
15512.0,143.0471
15540.0,147.89304
15523.0,129.45859
15524.0,129.75381
15525.0,132.07431
15526.0,134.3463
15527.0,146.46136
15528.0,164.70192
15529.0,123.90105
15530.0,135.73706
15531.0,131.06638
15532.0,136.7893
15533.0,140.0648
15534.0,157.13966
15535.0,163.19725
15536.0,122.91477
15537.0,136.928
15538.0,134.95537
15482.0,149.04333
15513.0,152.88837
15541.0,168.2267
15551.0,135.39235
15552.0,134.69403
15553.0,139.25209
15554.0,144.35318
15555.0,163.48212
15556.0,166.21564
15557.0,123.81041
15558.0,136.05574
15559.0,131.75775
15560.0,138.07478
15561.0,140.91446
15562.0,158.10957
15563.0,164.07301
15564.0,123.80757
15565.0,137.63
15566.0,136.259
15567.0,140.28041
15568.0,141.26866
15569.0,156.99352
15483.0,178.26247
15514.0,127.05464
15542.0,138.29347
15484.0,142.39264
15515.0,139.02286
15543.0,144.65057
15485.0,154.90196
15516.0,170.60109
15544.0,179.3929
15486.0,187.60005
15517.0,133.11105
15545.0,146.1837
15487.0,127.836205
15518.0,128.38159
15546.0,133.1408
15488.0,147.55165
15519.0,154.00493
15547.0,110.315865
15489.0,110.19609
15520.0,121.91764
15548.0,123.44075
15490.0,136.0338
15521.0,142.59268
15549.0,154.75237
15491.0,136.53284
15522.0,143.02373
15550.0,99.904564
16380.0,27.996275
16411.0,116.27421
16439.0,114.802925
16392.0,128.4011
16393.0,130.86612
16394.0,100.92381
16395.0,119.93154
16396.0,126.82837
16397.0,131.43553
16398.0,136.1939
16399.0,145.66336
16400.0,147.63686
16401.0,111.040085
16402.0,123.068
16403.0,123.65375
16404.0,132.16954
16405.0,133.88509
16406.0,142.48302
16407.0,144.15132
16408.0,109.70473
16409.0,124.77338
16410.0,126.85223
16381.0,142.73302
16412.0,142.98947
16440.0,151.05728
16423.0,129.65324
16424.0,131.39536
16425.0,134.02388
16426.0,135.00784
16427.0,142.96254
16428.0,163.52342
16429.0,120.83425
16430.0,132.91154
16431.0,128.24086
16432.0,134.4752
16433.0,137.92859
16434.0,155.64679
16435.0,162.01031
16436.0,119.84798
16437.0,134.02979
16438.0,131.82864
16382.0,147.06133
16413.0,151.1111
16441.0,166.07364
16451.0,132.42984
16452.0,132.03273
16453.0,137.07085
16454.0,142.34982
16455.0,162.13055
16456.0,165.08282
16457.0,120.78931
16458.0,133.27591
16459.0,128.97792
16460.0,135.80637
16461.0,138.82393
16462.0,156.66238
16463.0,162.93175
16464.0,120.77904
16465.0,134.77002
16466.0,133.1705
16467.0,137.72723
16468.0,138.85472
16469.0,155.62332
16383.0,177.46617
16414.0,124.89914
16442.0,134.96985
16384.0,140.97903
16415.0,136.65326
16443.0,141.83109
16385.0,153.29967
16416.0,168.8396
16444.0,177.5564
16386.0,187.74088
16417.0,132.65747
16445.0,144.83974
16387.0,127.05043
16418.0,126.80667
16446.0,132.63483
16388.0,147.36363
16419.0,153.46567
16447.0,108.46305
16389.0,109.664566
16420.0,120.313
16448.0,121.26304
16390.0,135.59825
16421.0,142.13055
16449.0,154.29541
16391.0,136.45644
16422.0,142.31477
16450.0,97.98895
17280.0,36.29928
17311.0,118.33195
17339.0,115.66658
17292.0,127.71293
17293.0,131.46458
17294.0,102.432396
17295.0,120.426765
17296.0,126.712395
17297.0,131.52446
17298.0,135.41295
17299.0,144.45999
17300.0,147.19815
17301.0,111.496704
17302.0,122.973785
17303.0,124.523186
17304.0,129.94649
17305.0,133.45407
17306.0,141.81656
17307.0,144.96555
17308.0,108.78575
17309.0,124.40105
17310.0,126.85223
17281.0,142.45702
17312.0,143.33136
17340.0,149.3895
17323.0,130.222
17324.0,131.39536
17325.0,132.42787
17326.0,133.98624
17327.0,142.1696
17328.0,163.52342
17329.0,120.83425
17330.0,132.91154
17331.0,128.24086
17332.0,134.4752
17333.0,137.92859
17334.0,155.64679
17335.0,162.01031
17336.0,119.84798
17337.0,134.02979
17338.0,131.82864
17282.0,147.06133
17313.0,151.1111
17341.0,166.07364
17351.0,132.42984
17352.0,132.03273
17353.0,137.07085
17354.0,142.34982
17355.0,162.13055
17356.0,165.08282
17357.0,120.78931
17358.0,133.27591
17359.0,128.97792
17360.0,135.80637
17361.0,138.82393
17362.0,156.66238
17363.0,162.93175
17364.0,120.714584
17365.0,134.77002
17366.0,133.1705
17367.0,137.72723
17368.0,138.85472
17369.0,155.62332
17283.0,177.46617
17314.0,124.89914
17342.0,134.96985
17284.0,140.97903
17315.0,136.65326
17343.0,141.83109
17285.0,153.29967
17316.0,168.8396
17344.0,177.5564
17286.0,187.74088
17317.0,132.65747
17345.0,144.83974
17287.0,127.05043
17318.0,126.80667
17346.0,132.63483
17288.0,147.36363
17319.0,153.46567
17347.0,108.46305
17289.0,109.664566
17320.0,120.313
17348.0,121.26304
17290.0,135.59825
17321.0,142.13055
17349.0,154.29541
17291.0,136.45644
17322.0,142.31477
17350.0,97.98895
18180.0,29.267075
18211.0,117.02987
18239.0,116.7164
18192.0,128.40271
18193.0,130.66946
18194.0,103.356224
18195.0,119.669785
18196.0,126.1759
18197.0,132.3116
18198.0,137.52841
18199.0,146.62184
18200.0,147.33357
18201.0,111.64282
18202.0,123.05782
18203.0,124.11037
18204.0,131.06657
18205.0,133.97469
18206.0,142.51552
18207.0,144.96555
18208.0,109.70473
18209.0,124.77629
18210.0,127.69342
18181.0,142.37315
18212.0,143.3028
18240.0,151.05484
18223.0,130.19273
18224.0,131.31699
18225.0,133.43907
18226.0,134.65756
18227.0,142.96254
18228.0,163.52342
18229.0,120.83425
18230.0,132.91154
18231.0,128.24086
18232.0,134.4752
18233.0,137.92859
18234.0,155.64679
18235.0,162.01031
18236.0,119.84798
18237.0,134.02979
18238.0,131.82864
18182.0,147.06133
18213.0,151.1111
18241.0,166.07364
18251.0,132.42984
18252.0,132.03273
18253.0,137.07085
18254.0,142.34982
18255.0,162.13055
18256.0,165.08282
18257.0,120.78931
18258.0,133.27591
18259.0,128.97792
18260.0,135.80637
18261.0,138.82393
18262.0,156.66238
18263.0,162.93175
18264.0,120.714584
18265.0,134.77002
18266.0,133.1705
18267.0,137.72723
18268.0,138.85472
18269.0,155.62332
18183.0,177.46617
18214.0,124.89914
18242.0,134.96985
18184.0,140.97903
18215.0,136.65326
18243.0,141.83109
18185.0,153.29967
18216.0,168.8396
18244.0,177.5564
18186.0,187.74088
18217.0,132.65747
18245.0,144.83974
18187.0,127.05043
18218.0,126.80667
18246.0,132.63483
18188.0,147.36363
18219.0,153.46567
18247.0,108.46305
18189.0,109.664566
18220.0,120.313
18248.0,121.26304
18190.0,135.59825
18221.0,142.13055
18249.0,154.29541
18191.0,136.45644
18222.0,142.31477
18250.0,98.03399
19080.0,58.49987
19111.0,109.94755
19139.0,119.73353
19092.0,128.29625
19093.0,134.62068
19094.0,105.36594
19095.0,132.14449
19096.0,124.31493
19097.0,126.03787
19098.0,133.6832
19099.0,143.66318
19100.0,143.75908
19101.0,109.39823
19102.0,121.279465
19103.0,122.85289
19104.0,128.06056
19105.0,131.7919
19106.0,137.44823
19107.0,142.92725
19108.0,109.384056
19109.0,122.802574
19110.0,125.47241
19081.0,138.24304
19112.0,142.47557
19140.0,149.41687
19123.0,128.6597
19124.0,129.49658
19125.0,131.42934
19126.0,131.6939
19127.0,137.93951
19128.0,163.80031
19129.0,121.11114
19130.0,133.18843
19131.0,128.51775
19132.0,134.75209
19133.0,138.20547
19134.0,155.92368
19135.0,162.2872
19136.0,120.12486
19137.0,134.30667
19138.0,132.10553
19082.0,147.33821
19113.0,151.38799
19141.0,166.35052
19151.0,132.70673
19152.0,132.30962
19153.0,137.34773
19154.0,142.62671
19155.0,162.40744
19156.0,165.35971
19157.0,121.06619
19158.0,133.5528
19159.0,129.2548
19160.0,136.08325
19161.0,139.10081
19162.0,156.93927
19163.0,163.20863
19164.0,120.99147
19165.0,135.0469
19166.0,133.44739
19167.0,138.00412
19168.0,139.1316
19169.0,155.9002
19083.0,177.74306
19114.0,125.17601
19142.0,135.24673
19084.0,141.25592
19115.0,136.93015
19143.0,142.10797
19085.0,153.57655
19116.0,169.11649
19144.0,177.83328
19086.0,188.01776
19117.0,132.93436
19145.0,145.11662
19087.0,127.32728
19118.0,127.083534
19146.0,132.91171
19088.0,147.64052
19119.0,153.74255
19147.0,108.73994
19089.0,109.94145
19120.0,120.58989
19148.0,121.539925
19090.0,135.87514
19121.0,142.40744
19149.0,154.5723
19091.0,136.73332
19122.0,142.59166
19150.0,98.310875
19980.0,21.577723
20011.0,115.41593
20039.0,112.90326
19992.0,126.03604
19993.0,129.16937
19994.0,102.318756
19995.0,118.94596
19996.0,125.05232
19997.0,131.5593
19998.0,136.28711
19999.0,144.62012
20000.0,148.85858
20001.0,112.73705
20002.0,123.46605
20003.0,125.45321
20004.0,132.22597
20005.0,133.40501
20006.0,144.35658
20007.0,143.92735
20008.0,110.50202
20009.0,124.246376
20010.0,127.48004
19981.0,141.69914
20012.0,142.38736
20040.0,150.45816
20023.0,129.64644
20024.0,129.83887
20025.0,132.92918
20026.0,134.29803
20027.0,143.70143
20028.0,162.71106
20029.0,120.30955
20030.0,132.38683
20031.0,127.76886
20032.0,134.0558
20033.0,137.07707
20034.0,155.16728
20035.0,161.70335
20036.0,120.339935
20037.0,134.62314
20038.0,131.13193
19982.0,146.93709
20013.0,150.32921
20041.0,165.28479
20051.0,132.50754
20052.0,131.4617
20053.0,136.23718
20054.0,141.30528
20055.0,161.45804
20056.0,164.77872
20057.0,120.99212
20058.0,133.47871
20059.0,128.95532
20060.0,135.83638
20061.0,138.4218
20062.0,156.6323
20063.0,163.0742
20064.0,121.65589
20065.0,135.89748
20066.0,133.00792
20067.0,136.83922
20068.0,137.90012
20069.0,155.04074
19983.0,176.92065
20014.0,124.86372
20042.0,134.70099
19984.0,140.94363
20015.0,136.61786
20043.0,141.47337
19985.0,152.51776
20016.0,168.56622
20044.0,177.51349
19986.0,187.67256
20017.0,132.77351
20045.0,144.72232
19987.0,127.17647
20018.0,127.1837
20046.0,132.16457
19988.0,149.177
20019.0,154.1993
20047.0,108.7822
19989.0,110.03106
20020.0,120.43993
20048.0,121.15652
19990.0,136.99481
20021.0,142.3916
20049.0,154.68011
19991.0,137.31256
20022.0,142.86926
20050.0,97.9379
20880.0,53.31645
20911.0,123.82686
20939.0,116.71263
20892.0,130.10187
20893.0,131.5366
20894.0,115.43484
20895.0,133.51825
20896.0,122.27459
20897.0,127.38123
20898.0,134.51851
20899.0,143.1026
20900.0,146.74399
20901.0,111.249626
20902.0,122.40757
20903.0,122.82234
20904.0,128.49956
20905.0,132.6134
20906.0,141.62784
20907.0,144.6463
20908.0,109.753784
20909.0,123.78428
20910.0,125.334145
20881.0,140.52142
20912.0,141.07584
20940.0,145.92976
20923.0,129.46577
20924.0,127.70285
20925.0,129.82086
20926.0,128.74675
20927.0,137.71475
20928.0,162.71106
20929.0,120.30955
20930.0,132.38683
20931.0,127.76886
20932.0,134.0558
20933.0,137.07707
20934.0,155.16728
20935.0,161.70335
20936.0,120.339935
20937.0,134.62314
20938.0,131.13193
20882.0,146.93709
20913.0,150.32921
20941.0,165.28479
20951.0,132.50754
20952.0,131.4617
20953.0,136.23718
20954.0,141.30528
20955.0,161.45804
20956.0,164.77872
20957.0,120.99212
20958.0,133.47871
20959.0,128.95532
20960.0,135.83638
20961.0,138.4218
20962.0,156.6323
20963.0,163.0742
20964.0,121.65589
20965.0,135.89748
20966.0,133.00792
20967.0,136.83922
20968.0,137.90012
20969.0,155.04074
20883.0,176.92065
20914.0,124.86372
20942.0,134.70099
20884.0,140.94363
20915.0,136.61786
20943.0,141.47337
20885.0,152.51776
20916.0,168.56622
20944.0,177.51349
20886.0,187.67256
20917.0,132.77351
20945.0,144.72232
20887.0,127.17647
20918.0,127.1837
20946.0,132.16457
20888.0,149.177
20919.0,154.1993
20947.0,108.7822
20889.0,110.03106
20920.0,120.43993
20948.0,121.15652
20890.0,136.99481
20921.0,142.3916
20949.0,154.68011
20891.0,137.27638
20922.0,142.86926
20950.0,97.9379
21780.0,61.439358
21811.0,121.77932
21839.0,121.14043
21792.0,124.401505
21793.0,133.18013
21794.0,113.908195
21795.0,127.53812
21796.0,124.087906
21797.0,123.598564
21798.0,134.35501
21799.0,143.13582
21800.0,145.13638
21801.0,111.47714
21802.0,123.23278
21803.0,121.6753
21804.0,123.10168
21805.0,130.2471
21806.0,141.97632
21807.0,139.76436
21808.0,109.98874
21809.0,124.28882
21810.0,118.78628
21781.0,142.65634
21812.0,141.00046
21840.0,146.21721
21823.0,129.67242
21824.0,129.145
21825.0,130.05249
21826.0,129.66266
21827.0,141.03613
21828.0,163.20984
21829.0,120.83555
21830.0,132.91283
21831.0,128.20828
21832.0,134.49522
21833.0,137.5165
21834.0,155.6067
21835.0,162.20213
21836.0,120.86594
21837.0,135.14914
21838.0,131.57135
21782.0,147.37651
21813.0,150.76863
21841.0,165.72421
21851.0,132.95992
21852.0,131.90112
21853.0,136.6766
21854.0,141.7447
21855.0,161.89746
21856.0,165.2775
21857.0,121.51812
21858.0,134.00471
21859.0,129.39474
21860.0,136.2758
21861.0,138.86122
21862.0,157.07172
21863.0,163.57298
21864.0,122.18189
21865.0,136.42348
21866.0,133.44734
21867.0,137.27864
21868.0,138.33954
21869.0,155.08821
21783.0,177.41943
21814.0,125.303154
21842.0,135.14041
21784.0,141.38306
21815.0,137.05728
21843.0,141.9128
21785.0,152.95718
21816.0,169.00565
21844.0,178.01227
21786.0,188.17134
21817.0,133.21294
21845.0,145.16174
21787.0,127.615875
21818.0,127.623116
21846.0,132.60399
21788.0,149.64563
21819.0,154.72728
21847.0,109.22164
21789.0,110.772484
21820.0,121.18136
21848.0,121.89794
21790.0,137.52231
21821.0,142.95966
21849.0,155.10536
21791.0,137.66109
21822.0,143.31332
21850.0,98.32261
22680.0,35.56392
22711.0,117.107765
22739.0,116.32869
22692.0,132.06036
22693.0,131.71324
22694.0,105.198204
22695.0,121.80372
22696.0,125.25389
22697.0,132.3909
22698.0,137.81357
22699.0,148.44249
22700.0,151.04242
22701.0,113.66403
22702.0,124.93768
22703.0,123.71705
22704.0,132.13551
22705.0,136.28075
22706.0,147.03812
22707.0,147.63701
22708.0,110.449776
22709.0,125.15006
22710.0,126.43053
22681.0,142.35674
22712.0,144.6923
22740.0,153.0457
22723.0,131.50548
22724.0,131.1259
22725.0,135.59918
22726.0,136.1624
22727.0,146.34628
22728.0,165.65094
22729.0,122.129036
22730.0,135.08762
22731.0,130.99094
22732.0,137.75725
22733.0,141.39027
22734.0,159.53787
22735.0,163.758
22736.0,120.621124
22737.0,135.0111
22738.0,132.38055
22682.0,149.61937
22713.0,153.56252
22741.0,169.84143
22751.0,134.18607
22752.0,133.3906
22753.0,138.70154
22754.0,144.32065
22755.0,166.35904
22756.0,167.59946
22757.0,122.69247
22758.0,136.06036
22759.0,131.792
22760.0,139.53783
22761.0,142.73502
22762.0,161.00288
22763.0,165.12885
22764.0,121.937096
22765.0,136.28542
22766.0,134.25653
22767.0,138.75873
22768.0,140.65477
22769.0,159.01431
22683.0,180.72345
22714.0,126.8985
22742.0,136.90683
22684.0,145.02957
22715.0,140.7038
22743.0,145.72731
22685.0,155.97113
22716.0,173.34293
22744.0,181.76297
22686.0,189.87656
22717.0,134.03317
22745.0,145.98198
22687.0,127.16492
22718.0,127.0295
22746.0,132.0767
22688.0,150.06964
22719.0,155.11201
22747.0,109.05651
22689.0,109.87025
22720.0,120.63036
22748.0,121.34697
22690.0,137.00838
22721.0,143.12059
22749.0,155.6631
22691.0,137.39407
22722.0,143.51233
22750.0,97.81805
23580.0,16.493855
23611.0,118.3005
23639.0,114.6796
23592.0,128.66876
23593.0,128.60164
23594.0,100.54538
23595.0,119.43635
23596.0,127.0782
23597.0,133.84459
23598.0,138.92155
23599.0,149.40292
23600.0,151.98802
23601.0,115.05054
23602.0,125.11886
23603.0,125.53663
23604.0,135.5065
23605.0,136.97401
23606.0,147.80354
23607.0,147.88394
23608.0,111.47425
23609.0,125.0475
23610.0,128.47285
23581.0,144.57425
23612.0,145.26662
23640.0,153.48643
23623.0,130.79393
23624.0,132.2246
23625.0,136.06104
23626.0,137.48845
23627.0,147.63467
23628.0,165.80048
23629.0,122.147156
23630.0,135.10574
23631.0,131.00906
23632.0,137.88765
23633.0,141.51747
23634.0,159.66507
23635.0,163.8852
23636.0,120.616905
23637.0,135.00688
23638.0,132.37634
23582.0,149.62462
23613.0,153.5869
23641.0,169.86581
23651.0,134.07904
23652.0,133.28357
23653.0,138.77579
23654.0,144.41403
23655.0,166.45242
23656.0,167.749
23657.0,122.71057
23658.0,136.07849
23659.0,131.81013
23660.0,139.66823
23661.0,142.86221
23662.0,161.13008
23663.0,165.25604
23664.0,121.93288
23665.0,136.2812
23666.0,134.25232
23667.0,138.61276
23668.0,140.52794
23669.0,158.88748
23583.0,180.74783
23614.0,126.79142
23642.0,136.7998
23584.0,144.92255
23615.0,140.59677
23643.0,145.73256
23585.0,155.99551
23616.0,173.36731
23644.0,181.78735
23586.0,189.90094
23617.0,133.92615
23645.0,145.87495
23587.0,127.057915
23618.0,127.034744
23646.0,132.10109
23588.0,150.09402
23619.0,155.1364
23647.0,108.94948
23589.0,109.763214
23620.0,120.52333
23648.0,121.23994
23590.0,137.01363
23621.0,143.14497
23649.0,155.68748
23591.0,137.39932
23622.0,143.51758
23650.0,97.71101
24480.0,68.22292
24511.0,115.89219
24539.0,115.74573
24492.0,130.71437
24493.0,136.0168
24494.0,114.1907
24495.0,128.49088
24496.0,125.70527
24497.0,129.7158
24498.0,134.15102
24499.0,142.61275
24500.0,145.95334
24501.0,113.08295
24502.0,123.742836
24503.0,122.546364
24504.0,129.24866
24505.0,132.01695
24506.0,142.81073
24507.0,145.27916
24508.0,109.375824
24509.0,124.916954
24510.0,122.12633
24481.0,141.02759
24512.0,143.55734
24540.0,148.199
24523.0,130.18463
24524.0,129.74612
24525.0,132.3227
24526.0,129.57417
24527.0,144.8079
24528.0,166.42192
24529.0,122.76861
24530.0,135.72719
24531.0,131.63051
24532.0,138.5091
24533.0,142.13892
24534.0,160.28651
24535.0,164.50664
24536.0,121.23836
24537.0,135.62833
24538.0,132.99779
24482.0,150.24606
24513.0,154.20834
24541.0,170.48726
24551.0,134.70049
24552.0,133.90501
24553.0,139.39723
24554.0,145.03548
24555.0,167.07387
24556.0,168.37044
24557.0,123.33202
24558.0,136.69994
24559.0,132.43158
24560.0,140.28967
24561.0,143.48366
24562.0,161.75153
24563.0,165.87749
24564.0,122.55433
24565.0,136.90265
24566.0,134.87376
24567.0,139.2342
24568.0,141.14938
24569.0,159.50893
24483.0,181.36928
24514.0,127.41287
24542.0,137.42125
24484.0,145.54399
24515.0,141.21822
24543.0,146.354
24485.0,156.61696
24516.0,173.98875
24544.0,182.4088
24486.0,190.52238
24517.0,134.54759
24545.0,146.4964
24487.0,127.378746
24518.0,127.355576
24546.0,132.42192
24488.0,150.41486
24519.0,155.45723
24547.0,109.27031
24489.0,110.084045
24520.0,120.84416
24548.0,121.56077
24490.0,137.33446
24521.0,143.4658
24549.0,156.00832
24491.0,137.72015
24522.0,143.83841
24550.0,98.031845
25380.0,52.471687
25411.0,119.54804
25439.0,117.36652
25392.0,124.92143
25393.0,135.75142
25394.0,104.50047
25395.0,122.70963
25396.0,124.0955
25397.0,130.30693
25398.0,136.67004
25399.0,145.4326
25400.0,147.00743
25401.0,109.99355
25402.0,122.40952
25403.0,122.96428
25404.0,129.48697
25405.0,134.15692
25406.0,140.06628
25407.0,142.05128
25408.0,107.94175
25409.0,123.31878
25410.0,124.583664
25381.0,141.69963
25412.0,142.83282
25440.0,147.26506
25423.0,128.93062
25424.0,129.71506
25425.0,131.71605
25426.0,132.9446
25427.0,142.3623
25428.0,163.9751
25429.0,118.56628
25430.0,131.92249
25431.0,129.52539
25432.0,135.9131
25433.0,138.99129
25434.0,156.69614
25435.0,162.69624
25436.0,116.84422
25437.0,132.32043
25438.0,131.82068
25382.0,146.90546
25413.0,151.62411
25441.0,167.36299
25451.0,130.09373
25452.0,130.5028
25453.0,136.38307
25454.0,142.17033
25455.0,163.29393
25456.0,165.45145
25457.0,118.32606
25458.0,132.09157
25459.0,129.5228
25460.0,136.89001
25461.0,139.76111
25462.0,157.584
25463.0,163.51762
25464.0,117.583046
25465.0,133.01761
25466.0,133.1195
25467.0,136.99863
25468.0,138.73189
25469.0,156.5833
25383.0,178.67203
25414.0,123.54141
25442.0,134.39839
25384.0,141.04015
25415.0,137.50876
25443.0,143.09831
25385.0,153.12216
25416.0,169.7086
25444.0,178.9231
25386.0,186.53203
25417.0,129.69847
25445.0,142.49597
25387.0,124.12211
25418.0,124.336105
25446.0,128.14713
25388.0,147.11816
25419.0,153.18324
25447.0,106.28111
25389.0,108.105095
25420.0,118.766685
25448.0,118.73006
25390.0,136.69366
25421.0,140.82153
25449.0,152.5699
25391.0,134.75891
25422.0,140.98839
25450.0,95.605125
26280.0,30.458687
26311.0,118.49118
26339.0,116.10048
26292.0,127.55064
26293.0,131.24101
26294.0,101.996796
26295.0,119.67486
26296.0,129.44185
26297.0,134.71425
26298.0,138.23914
26299.0,147.3658
26300.0,151.6752
26301.0,113.61053
26302.0,126.11726
26303.0,125.6556
26304.0,135.6588
26305.0,136.40164
26306.0,145.42285
26307.0,147.59256
26308.0,111.405594
26309.0,126.04928
26310.0,130.1599
26281.0,142.04459
26312.0,145.67
26340.0,151.95543
26323.0,131.94975
26324.0,134.06541
26325.0,137.43028
26326.0,135.92825
26327.0,145.54741
26328.0,164.39722
26329.0,119.09072
26330.0,132.44693
26331.0,130.04984
26332.0,136.43755
26333.0,139.51573
26334.0,157.22058
26335.0,163.11836
26336.0,117.36866
26337.0,133.27823
26338.0,132.77847
26282.0,147.4299
26313.0,152.14856
26341.0,167.88744
26351.0,130.61818
26352.0,131.02725
26353.0,136.90752
26354.0,142.69478
26355.0,163.81837
26356.0,165.87357
26357.0,118.8505
26358.0,132.61601
26359.0,130.04724
26360.0,137.41446
26361.0,140.28555
26362.0,158.10844
26363.0,163.93974
26364.0,118.10748
26365.0,133.9754
26366.0,134.0773
26367.0,138.19266
26368.0,139.92592
26369.0,157.77733
26283.0,179.45334
26314.0,124.06587
26342.0,134.92284
26284.0,141.56459
26315.0,138.0332
26343.0,143.62276
26285.0,153.4681
26316.0,170.05453
26344.0,179.5259
26286.0,187.61032
26317.0,130.5199
26345.0,143.3174
26287.0,124.69284
26318.0,124.90682
26346.0,128.71785
26288.0,147.27185
26319.0,153.62756
26347.0,107.22211
26289.0,109.04608
26320.0,118.92038
26348.0,118.5266
26290.0,136.88882
26321.0,141.0167
26349.0,152.40793
26291.0,134.94333
26322.0,141.3083
26350.0,96.576836
27180.0,43.980198
27211.0,116.559975
27239.0,114.802025
27192.0,128.25803
27193.0,132.58696
27194.0,102.77991
27195.0,124.9488
27196.0,125.73089
27197.0,130.16095
27198.0,136.37814
27199.0,145.92705
27200.0,150.57901
27201.0,112.35642
27202.0,123.149025
27203.0,123.15376
27204.0,131.92513
27205.0,136.7757
27206.0,145.8985
27207.0,146.79733
27208.0,108.93442
27209.0,123.75824
27210.0,127.89161
27181.0,141.82579
27212.0,145.33064
27240.0,151.95543
27223.0,132.6699
27224.0,132.51491
27225.0,133.99709
27226.0,134.86629
27227.0,143.29398
27228.0,164.39722
27229.0,119.09072
27230.0,132.44693
27231.0,130.04984
27232.0,136.43755
27233.0,139.51573
27234.0,157.22058
27235.0,163.11836
27236.0,117.36866
27237.0,133.27823
27238.0,132.77847
27182.0,147.4299
27213.0,152.14856
27241.0,167.88744
27251.0,130.61818
27252.0,131.02725
27253.0,136.90752
27254.0,142.69478
27255.0,163.81837
27256.0,165.87357
27257.0,118.8505
27258.0,132.61601
27259.0,130.04724
27260.0,137.41446
27261.0,140.28555
27262.0,158.10844
27263.0,163.93974
27264.0,118.10748
27265.0,133.9754
27266.0,134.0773
27267.0,138.19266
27268.0,139.92592
27269.0,157.77733
27183.0,179.45334
27214.0,124.06587
27242.0,134.92284
27184.0,141.59473
27215.0,138.0332
27243.0,143.62276
27185.0,153.4681
27216.0,170.05453
27244.0,179.5259
27186.0,187.61032
27217.0,130.5199
27245.0,143.3174
27187.0,124.69284
27218.0,124.90682
27246.0,128.71785
27188.0,147.27185
27219.0,153.62756
27247.0,107.22211
27189.0,109.04608
27220.0,118.92038
27248.0,118.5266
27190.0,136.88882
27221.0,141.0167
27249.0,152.40793
27191.0,135.0525
27222.0,141.41748
27250.0,96.686005
28080.0,33.03887
28111.0,117.35577
28139.0,115.394516
28092.0,129.64876
28093.0,131.87108
28094.0,102.8299
28095.0,120.02677
28096.0,129.76375
28097.0,134.36592
28098.0,138.18643
28099.0,145.6121
28100.0,152.43796
28101.0,115.40137
28102.0,126.64715
28103.0,126.496124
28104.0,134.9763
28105.0,135.93982
28106.0,145.55017
28107.0,147.59879
28108.0,111.86964
28109.0,126.78297
28110.0,129.48756
28081.0,145.77368
28112.0,145.484
28140.0,152.36607
28123.0,133.06401
28124.0,132.90901
28125.0,136.56325
28126.0,136.68918
28127.0,145.33626
28128.0,164.42242
28129.0,119.11594
28130.0,132.47214
28131.0,130.07504
28132.0,136.9139
28133.0,139.99208
28134.0,157.69693
28135.0,163.14357
28136.0,117.393875
28137.0,133.30344
28138.0,132.80368
28082.0,148.06284
28113.0,152.78152
28141.0,168.5204
28151.0,130.66422
28152.0,131.07329
28153.0,137.54047
28154.0,143.32773
28155.0,164.45132
28156.0,166.05537
28157.0,119.03232
28158.0,132.79782
28159.0,130.22905
28160.0,138.04741
28161.0,140.9185
28162.0,158.7414
28163.0,164.12155
28164.0,118.2893
28165.0,134.15721
28166.0,134.25911
28167.0,138.8256
28168.0,140.55887
28169.0,158.41028
28083.0,179.63516
28114.0,124.24769
28142.0,135.10464
28084.0,141.61993
28115.0,138.05841
28143.0,144.0991
28085.0,153.94444
28116.0,170.53088
28144.0,179.5511
28086.0,187.63553
28117.0,130.5451
28145.0,143.3426
28087.0,124.82638
28118.0,125.383194
28146.0,129.1942
28088.0,147.7482
28119.0,153.65277
28147.0,106.966835
28089.0,108.765594
28120.0,118.63989
28148.0,118.24615
28090.0,136.95401
28121.0,141.36237
28149.0,152.7536
28091.0,135.50365
28122.0,141.41748
28150.0,96.40553
28980.0,54.36436
29011.0,124.0287
29039.0,115.43265
28992.0,125.30923
28993.0,135.56203
28994.0,103.31287
28995.0,126.07801
28996.0,124.763435
28997.0,129.85635
28998.0,136.5333
28999.0,145.37645
29000.0,150.46812
29001.0,112.19386
29002.0,122.51256
29003.0,125.291626
29004.0,129.63918
29005.0,135.23297
29006.0,140.33347
29007.0,146.53384
29008.0,109.662476
29009.0,123.943886
29010.0,125.7139
28981.0,142.27176
29012.0,143.8141
29040.0,147.76106
29023.0,132.32802
29024.0,130.05649
29025.0,132.51166
29026.0,133.71754
29027.0,144.95808
29028.0,164.26216
29029.0,118.929245
29030.0,132.28546
29031.0,129.88837
29032.0,136.72722
29033.0,139.42432
29034.0,157.12917
29035.0,162.5758
29036.0,116.79967
29037.0,132.70926
29038.0,132.2095
28982.0,147.85971
29013.0,152.60478
29041.0,168.34369
29051.0,130.46107
29052.0,130.87015
29053.0,137.35379
29054.0,143.16747
29055.0,164.29106
29056.0,165.89511
29057.0,118.84563
29058.0,132.61115
29059.0,130.04237
29060.0,137.86073
29061.0,140.35074
29062.0,158.17363
29063.0,163.55379
29064.0,117.69509
29065.0,133.56303
29066.0,133.66493
29067.0,138.23143
29068.0,139.9911
29069.0,157.84251
28983.0,179.45844
29014.0,123.8689
29042.0,134.72588
28984.0,141.24117
29015.0,137.67964
29043.0,143.72034
28985.0,153.47856
29016.0,170.065
29044.0,179.08522
28986.0,187.17664
29017.0,130.16634
29045.0,142.96384
28987.0,124.42186
29018.0,124.978676
29046.0,128.70956
28988.0,147.53436
29019.0,153.1933
29047.0,106.56232
28989.0,108.36108
29020.0,118.235374
29048.0,117.84163
28990.0,136.5495
29021.0,140.74786
29049.0,152.53976
28991.0,135.4998
29022.0,141.168
29050.0,96.001015
29880.0,19.250746
29911.0,117.01251
29939.0,113.11345
29892.0,126.606865
29893.0,128.08255
29894.0,98.72769
29895.0,118.41038
29896.0,129.97984
29897.0,135.5913
29898.0,139.01727
29899.0,147.41154
29900.0,152.59546
29901.0,115.57552
29902.0,125.71811
29903.0,128.04144
29904.0,135.64934
29905.0,137.40479
29906.0,146.14252
29907.0,148.55927
29908.0,111.585304
29909.0,126.96807
29910.0,130.64204
29881.0,144.83557
29912.0,145.67216
29940.0,152.5926
29923.0,132.54485
29924.0,134.3611
29925.0,137.94289
29926.0,138.26456
29927.0,146.98152
29928.0,163.93417
29929.0,118.77908
29930.0,132.13528
29931.0,129.73819
29932.0,136.4326
29933.0,139.1297
29934.0,156.66077
29935.0,161.8582
29936.0,116.2599
29937.0,132.16946
29938.0,131.66971
29882.0,147.8587
29913.0,152.6038
29941.0,168.16888
29951.0,130.46008
29952.0,130.86916
29953.0,137.3528
29954.0,143.16647
29955.0,164.11629
29956.0,165.71631
29957.0,118.844635
29958.0,132.61015
29959.0,130.04138
29960.0,137.51367
29961.0,140.00368
29962.0,157.65279
29963.0,162.78374
29964.0,117.10287
29965.0,132.9708
29966.0,133.0727
29967.0,137.94585
29968.0,139.70552
29969.0,157.38315
29883.0,179.28079
29914.0,124.324066
29942.0,135.18105
29884.0,141.17583
29915.0,137.47762
29943.0,143.27168
29885.0,153.16545
29916.0,169.5781
29944.0,178.59428
29886.0,186.6857
29917.0,129.99298
29945.0,142.79048
29887.0,123.94334
29918.0,124.66
29946.0,128.39087
29888.0,147.09631
29919.0,152.75122
29947.0,106.08381
29889.0,107.989426
29920.0,117.86372
29948.0,117.46995
29890.0,136.23639
29921.0,140.43475
29949.0,152.13574
29891.0,135.09578
29922.0,140.69806
29950.0,95.72856
30780.0,52.581985
30811.0,121.74027
30839.0,116.645256
30792.0,126.94559
30793.0,127.790474
30794.0,109.2376
30795.0,124.347305
30796.0,126.0597
30797.0,129.46152
30798.0,136.39517
30799.0,145.12575
30800.0,150.34625
30801.0,110.89927
30802.0,122.36819
30803.0,122.70796
30804.0,129.70232
30805.0,135.59091
30806.0,144.72305
30807.0,146.94324
30808.0,109.388245
30809.0,124.054214
30810.0,125.95021
30781.0,142.84033
30812.0,145.3018
30840.0,147.43712
30823.0,131.60347
30824.0,131.14243
30825.0,134.42917
30826.0,134.0435
30827.0,142.91023
30828.0,163.93417
30829.0,118.77908
30830.0,132.13528
30831.0,129.73819
30832.0,136.4326
30833.0,139.1297
30834.0,156.66077
30835.0,161.8582
30836.0,116.2599
30837.0,132.16946
30838.0,131.66971
30782.0,147.8587
30813.0,152.6038
30841.0,168.16888
30851.0,130.46008
30852.0,130.86916
30853.0,137.3528
30854.0,143.16647
30855.0,164.11629
30856.0,165.71631
30857.0,118.844635
30858.0,132.61015
30859.0,130.04138
30860.0,137.51367
30861.0,140.00368
30862.0,157.65279
30863.0,162.78374
30864.0,117.10287
30865.0,132.9708
30866.0,133.0727
30867.0,137.94585
30868.0,139.70552
30869.0,157.38315
30783.0,179.28079
30814.0,124.324066
30842.0,135.18105
30784.0,141.17583
30815.0,137.47762
30843.0,143.27168
30785.0,153.16545
30816.0,169.5781
30844.0,178.59428
30786.0,186.6857
30817.0,129.99298
30845.0,142.79048
30787.0,123.94334
30818.0,124.66
30846.0,128.39087
30788.0,147.09631
30819.0,152.75122
30847.0,106.08381
30789.0,107.989426
30820.0,117.86372
30848.0,117.46995
30790.0,136.23639
30821.0,140.43475
30849.0,152.13574
30791.0,135.09578
30822.0,140.69806
30850.0,95.72856
31680.0,57.13156
31711.0,109.693825
31739.0,120.582405
31692.0,127.63976
31693.0,134.53033
31694.0,107.72325
31695.0,127.28874
31696.0,124.97628
31697.0,127.68988
31698.0,136.59052
31699.0,146.76949
31700.0,152.40088
31701.0,111.604
31702.0,121.74042
31703.0,123.367775
31704.0,129.56963
31705.0,136.2938
31706.0,145.2222
31707.0,143.70004
31708.0,108.84596
31709.0,123.25672
31710.0,126.08603
31681.0,142.88293
31712.0,143.77202
31740.0,149.39561
31723.0,130.35846
31724.0,131.89044
31725.0,133.17242
31726.0,134.41179
31727.0,139.33913
31728.0,163.80064
31729.0,118.64554
31730.0,132.00175
31731.0,129.60466
31732.0,136.48882
31733.0,139.78494
31734.0,156.52724
31735.0,161.72467
31736.0,116.12636
31737.0,132.03593
31738.0,131.53618
31682.0,147.6517
31713.0,152.25319
31741.0,167.77216
31751.0,130.3767
31752.0,130.78577
31753.0,137.40901
31754.0,143.82172
31755.0,163.98276
31756.0,165.58278
31757.0,118.71109
31758.0,132.47662
31759.0,129.90785
31760.0,137.56989
31761.0,140.65892
31762.0,157.51926
31763.0,162.6502
31764.0,116.96932
31765.0,132.83727
31766.0,132.93916
31767.0,138.00204
31768.0,140.36076
31769.0,157.24962
31683.0,178.88403
31714.0,123.97812
31742.0,134.83513
31684.0,140.82991
31715.0,137.1317
31743.0,143.11551
31685.0,152.86566
31716.0,169.2322
31744.0,178.24838
31686.0,186.1042
31717.0,129.50726
31745.0,142.20898
31687.0,123.2737
31718.0,124.18011
31746.0,128.27061
31688.0,146.61171
31719.0,152.26662
31747.0,105.69495
31689.0,107.60056
31720.0,117.3791
31748.0,116.98532
31690.0,135.94153
31721.0,140.4995
31749.0,151.65114
31691.0,134.8104
31722.0,140.16545
31750.0,95.39199
32580.0,21.23379
32611.0,117.67187
32639.0,113.73448
32592.0,127.7825
32593.0,130.89282
32594.0,101.21772
32595.0,120.05065
32596.0,129.99261
32597.0,135.77243
32598.0,140.06856
32599.0,150.1339
32600.0,153.0765
32601.0,116.26371
32602.0,126.67424
32603.0,128.86778
32604.0,137.35873
32605.0,139.31056
32606.0,147.58478
32607.0,149.07709
32608.0,113.83702
32609.0,128.17055
32610.0,132.16125
32581.0,145.52779
32612.0,145.7898
32640.0,152.68147
32623.0,133.57614
32624.0,135.54593
32625.0,138.40076
32626.0,139.92531
32627.0,148.07143
32628.0,164.0512
32629.0,119.7419
32630.0,132.13144
32631.0,129.73434
32632.0,137.80461
32633.0,141.00275
32634.0,157.17299
32635.0,162.35173
32636.0,117.46315
32637.0,132.08641
32638.0,131.58665
32582.0,148.48196
32613.0,152.63786
32641.0,168.10999
32651.0,130.50638
32652.0,130.91545
32653.0,138.72864
32654.0,145.05309
32655.0,164.64207
32656.0,166.07191
32657.0,119.807465
32658.0,132.60631
32659.0,130.03754
32660.0,138.88568
32661.0,141.87672
32662.0,158.16501
32663.0,163.0632
32664.0,117.86935
32665.0,132.45096
32666.0,132.55286
32667.0,138.92174
32668.0,141.18246
32669.0,157.49927
32583.0,179.05171
32614.0,126.39024
32642.0,136.28058
32584.0,142.49768
32615.0,138.79947
32643.0,144.16805
32585.0,153.59468
32616.0,169.91437
32644.0,178.76036
32586.0,186.49135
32617.0,132.21228
32645.0,143.9473
32587.0,125.197136
32618.0,125.75831
32646.0,129.74648
32588.0,147.25688
32619.0,153.01158
32647.0,108.46621
32589.0,109.85666
32620.0,119.51806
32648.0,119.36952
32590.0,137.67137
32621.0,142.1168
32649.0,153.21776
32591.0,135.63852
32622.0,141.5673
32650.0,98.63928
33480.0,62.19986
33511.0,120.54921
33539.0,123.06131
33492.0,130.40591
33493.0,133.6639
33494.0,106.21065
33495.0,118.41804
33496.0,124.36863
33497.0,130.67206
33498.0,136.96094
33499.0,142.7974
33500.0,151.83719
33501.0,112.75756
33502.0,123.712036
33503.0,122.19452
33504.0,131.09755
33505.0,135.978
33506.0,140.42163
33507.0,145.47345
33508.0,110.48118
33509.0,122.8356
33510.0,123.42891
33481.0,136.31981
33512.0,144.19472
33540.0,148.17778
33523.0,130.80115
33524.0,129.47595
33525.0,134.01324
33526.0,135.42128
33527.0,139.97047
33528.0,164.1414
33529.0,119.83212
33530.0,132.22066
33531.0,129.82356
33532.0,137.89383
33533.0,141.09196
33534.0,157.2622
33535.0,162.3314
33536.0,117.44282
33537.0,132.06609
33538.0,131.56633
33482.0,148.57217
33513.0,152.72807
33541.0,168.2002
33551.0,130.59659
33552.0,131.00566
33553.0,138.81885
33554.0,145.1433
33555.0,164.73228
33556.0,166.16212
33557.0,119.89769
33558.0,132.69553
33559.0,130.12675
33560.0,138.9749
33561.0,141.96594
33562.0,158.25423
33563.0,163.04288
33564.0,117.849014
33565.0,132.43063
33566.0,132.53253
33567.0,138.90141
33568.0,141.16214
33569.0,157.47894
33483.0,179.14192
33514.0,126.48047
33542.0,136.37079
33484.0,142.58789
33515.0,138.88968
33543.0,144.25826
33485.0,153.68489
33516.0,170.00458
33544.0,178.85057
33486.0,186.58156
33517.0,132.30249
33545.0,144.0375
33487.0,125.28736
33518.0,125.84853
33546.0,129.83669
33488.0,147.34709
33519.0,153.10179
33547.0,108.556435
33489.0,109.946884
33520.0,119.608284
33548.0,119.45975
33490.0,137.76158
33521.0,142.20702
33549.0,153.30797
33491.0,135.72873
33522.0,141.65752
33550.0,98.63928
34380.0,33.095234
34411.0,118.39349
34439.0,116.61848
34392.0,129.55154
34393.0,133.50494
34394.0,103.699394
34395.0,121.056694
34396.0,129.58975
34397.0,139.47282
34398.0,141.33931
34399.0,151.44969
34400.0,154.42143
34401.0,119.146255
34402.0,126.93134
34403.0,129.6129
34404.0,135.6765
34405.0,140.0863
34406.0,148.23036
34407.0,149.0935
34408.0,115.10337
34409.0,129.56137
34410.0,132.11356
34381.0,149.40079
34412.0,147.4062
34440.0,155.01965
34423.0,137.43315
34424.0,138.38512
34425.0,138.62946
34426.0,139.68306
34427.0,148.83603
34428.0,162.26465
34429.0,121.9602
34430.0,133.90178
34431.0,130.93394
34432.0,138.50456
34433.0,142.53242
34434.0,157.07019
34435.0,160.55911
34436.0,118.77993
34437.0,133.37065
34438.0,132.6152
34382.0,150.8659
34413.0,155.2541
34441.0,168.59143
34451.0,132.93947
34452.0,132.8931
34453.0,140.92523
34454.0,147.40787
34455.0,164.93813
34456.0,164.76663
34457.0,122.52808
34458.0,134.87897
34459.0,131.73946
34460.0,140.08795
34461.0,143.90872
34462.0,158.06221
34463.0,161.24953
34464.0,119.18611
34465.0,133.7352
34466.0,133.5814
34467.0,139.95029
34468.0,143.26462
34469.0,157.44662
34383.0,177.5086
34414.0,128.74031
34442.0,138.63815
34384.0,143.31186
34415.0,140.14317
34443.0,145.64543
34385.0,154.83206
34416.0,169.71657
34444.0,177.03676
34386.0,184.15202
34417.0,134.54312
34445.0,146.28564
34387.0,126.85649
34418.0,126.986984
34446.0,130.04251
34388.0,146.00394
34419.0,149.7341
34447.0,109.49129
34389.0,110.88174
34420.0,120.550644
34448.0,120.047356
34390.0,139.0044
34421.0,142.9434
34449.0,152.11615
34391.0,136.19434
34422.0,140.09859
34450.0,99.44167
35280.0,21.909168
35311.0,117.03111
35339.0,114.46892
35292.0,130.34952
35293.0,129.91153
35294.0,102.09387
35295.0,119.64372
35296.0,132.90437
35297.0,138.80453
35298.0,142.18483
35299.0,151.49577
35300.0,154.4567
35301.0,119.25144
35302.0,128.56812
35303.0,130.37595
35304.0,138.45007
35305.0,140.17854
35306.0,146.95404
35307.0,148.18471
35308.0,115.47056
35309.0,129.30267
35310.0,133.57649
35281.0,149.29726
35312.0,147.68872
35340.0,155.94374
35323.0,137.44696
35324.0,138.0715
35325.0,141.39453
35326.0,141.76662
35327.0,149.72673
35328.0,161.59914
35329.0,121.9602
35330.0,133.90178
35331.0,130.93394
35332.0,138.50456
35333.0,142.53242
35334.0,155.67082
35335.0,158.88951
35336.0,118.77993
35337.0,133.37065
35338.0,132.6152
35282.0,150.8659
35313.0,155.2541
35341.0,168.13852
35351.0,132.93947
35352.0,132.8931
35353.0,140.92523
35354.0,147.40787
35355.0,163.8251
35356.0,164.10112
35357.0,122.52808
35358.0,134.87897
35359.0,131.73946
35360.0,140.08795
35361.0,143.90872
35362.0,156.66284
35363.0,159.57993
35364.0,119.18611
35365.0,133.7352
35366.0,133.5814
35367.0,139.95029
35368.0,143.26462
35369.0,156.04726
35283.0,177.09189
35314.0,128.74031
35342.0,138.63815
35284.0,143.31186
35315.0,140.14317
35343.0,145.64543
35285.0,154.85388
35316.0,169.28545
35344.0,176.64186
35286.0,183.75713
35317.0,134.32986
35345.0,146.30746
35287.0,126.87831
35318.0,127.008804
35346.0,130.06433
35288.0,145.55103
35319.0,149.31738
35347.0,109.49129
35289.0,110.88174
35320.0,120.550644
35348.0,120.047356
35290.0,139.0044
35321.0,142.9434
35349.0,151.66324
35291.0,135.74142
35322.0,139.68187
35350.0,99.44167
36180.0,16.449553
36211.0,117.12263
36239.0,113.1499
36192.0,128.73427
36193.0,128.82408
36194.0,101.29769
36195.0,117.382805
36196.0,132.7069
36197.0,139.5787
36198.0,142.36128
36199.0,151.49577
36200.0,154.4567
36201.0,119.94319
36202.0,128.78702
36203.0,130.16592
36204.0,139.58423
36205.0,140.84163
36206.0,148.00671
36207.0,148.32011
36208.0,116.19042
36209.0,129.46419
36210.0,132.99712
36181.0,150.07747
36212.0,148.21237
36240.0,155.94374
36223.0,137.16296
36224.0,137.29315
36225.0,142.17477
36226.0,142.70479
36227.0,149.87993
36228.0,161.59914
36229.0,121.96291
36230.0,133.90448
36231.0,130.93665
36232.0,138.50726
36233.0,142.53242
36234.0,155.67082
36235.0,158.88951
36236.0,118.782646
36237.0,133.37335
36238.0,132.6179
36182.0,150.86862
36213.0,155.2541
36241.0,168.13852
36251.0,132.94217
36252.0,132.8958
36253.0,140.92793
36254.0,147.40787
36255.0,163.8251
36256.0,164.10112
36257.0,122.5308
36258.0,134.88167
36259.0,131.74216
36260.0,140.09065
36261.0,143.90872
36262.0,156.66284
36263.0,159.57993
36264.0,119.18883
36265.0,133.7379
36266.0,133.5841
36267.0,139.95299
36268.0,143.26462
36269.0,156.04726
36183.0,177.09189
36214.0,128.74301
36242.0,138.64085
36184.0,143.04883
36215.0,140.14587
36243.0,145.64815
36185.0,154.85388
36216.0,169.28545
36244.0,176.64186
36186.0,183.75713
36217.0,134.56479
36245.0,146.54239
36187.0,126.95264
36218.0,127.083115
36246.0,130.06433
36188.0,145.55103
36219.0,149.31738
36247.0,109.72623
36189.0,111.11668
36220.0,120.78558
36248.0,120.12168
36190.0,139.0787
36221.0,142.9434
36249.0,151.66324
36191.0,135.74142
36222.0,139.68187
36250.0,99.67661
37080.0,27.97361
37111.0,115.33093
37139.0,114.83192
37092.0,130.25009
37093.0,131.02458
37094.0,103.859055
37095.0,118.99111
37096.0,132.6637
37097.0,138.95357
37098.0,142.49736
37099.0,151.49577
37100.0,154.06664
37101.0,118.65038
37102.0,128.06317
37103.0,130.1181
37104.0,138.99658
37105.0,141.31139
37106.0,148.06741
37107.0,148.65578
37108.0,115.43955
37109.0,129.38165
37110.0,133.54745
37081.0,147.20673
37112.0,147.5203
37140.0,155.31706
37123.0,137.09293
37124.0,138.04486
37125.0,141.97397
37126.0,141.0852
37127.0,149.72673
37128.0,161.59914
37129.0,121.96291
37130.0,133.90448
37131.0,130.93665
37132.0,138.50726
37133.0,142.53242
37134.0,155.67082
37135.0,158.88951
37136.0,118.782646
37137.0,133.37335
37138.0,132.6179
37082.0,150.86862
37113.0,155.2541
37141.0,168.13852
37151.0,132.94217
37152.0,132.8958
37153.0,140.92793
37154.0,147.40787
37155.0,163.8251
37156.0,164.10112
37157.0,122.5308
37158.0,134.88167
37159.0,131.74216
37160.0,140.09065
37161.0,143.90872
37162.0,156.66284
37163.0,159.57993
37164.0,119.18883
37165.0,133.7379
37166.0,133.5841
37167.0,139.95299
37168.0,143.26462
37169.0,156.04726
37083.0,177.09189
37114.0,128.74301
37142.0,138.64085
37084.0,143.04883
37115.0,140.14587
37143.0,145.64815
37085.0,154.85388
37116.0,169.28545
37144.0,176.64186
37086.0,183.75713
37117.0,134.56479
37145.0,146.54239
37087.0,126.95264
37118.0,127.083115
37146.0,130.06433
37088.0,145.55103
37119.0,149.31738
37147.0,109.72623
37089.0,111.11668
37120.0,120.78558
37148.0,120.12168
37090.0,139.0787
37121.0,142.9434
37149.0,151.66324
37091.0,135.74142
37122.0,139.68187
37150.0,99.67661
37980.0,38.454346
38011.0,118.96813
38039.0,114.87266
37992.0,130.12457
37993.0,130.8058
37994.0,104.62203
37995.0,119.16379
37996.0,131.76157
37997.0,136.0861
37998.0,139.67598
37999.0,147.94894
38000.0,154.20338
38001.0,115.49113
38002.0,125.03744
38003.0,129.5946
38004.0,133.89078
38005.0,138.91768
38006.0,145.80019
38007.0,148.96112
38008.0,114.72843
38009.0,126.52973
38010.0,128.48053
37981.0,147.13928
38012.0,147.45508
38040.0,155.09377
38023.0,137.09659
38024.0,137.83304
38025.0,140.82265
38026.0,140.7156
38027.0,148.45036
38028.0,161.59914
38029.0,121.96291
38030.0,133.90448
38031.0,130.93665
38032.0,138.50726
38033.0,142.53242
38034.0,155.67082
38035.0,158.88951
38036.0,118.782646
38037.0,133.37335
38038.0,132.6179
37982.0,150.86862
38013.0,155.2541
38041.0,168.13852
38051.0,132.94217
38052.0,132.8958
38053.0,140.92793
38054.0,147.40787
38055.0,163.8251
38056.0,164.10112
38057.0,122.5308
38058.0,134.88167
38059.0,131.74216
38060.0,140.09065
38061.0,143.90872
38062.0,156.66284
38063.0,159.57993
38064.0,119.18883
38065.0,133.7379
38066.0,133.5841
38067.0,139.95299
38068.0,143.26462
38069.0,156.04726
37983.0,177.09189
38014.0,128.74301
38042.0,138.64085
37984.0,143.04883
38015.0,140.14587
38043.0,145.64815
37985.0,154.85388
38016.0,169.28545
38044.0,176.66325
37986.0,183.77852
38017.0,134.56479
38045.0,146.54239
37987.0,126.95264
38018.0,127.083115
38046.0,130.06433
37988.0,145.55103
38019.0,149.30244
38047.0,109.72623
37989.0,111.11668
38020.0,120.78558
38048.0,120.12168
37990.0,139.25955
38021.0,143.12425
38049.0,151.84409
37991.0,135.74142
38022.0,139.68187
38050.0,99.67661
38880.0,20.035652
38911.0,115.81963
38939.0,112.45104
38892.0,127.04923
38893.0,130.12138
38894.0,100.81202
38895.0,118.726616
38896.0,133.57133
38897.0,139.3311
38898.0,142.1173
38899.0,149.89543
38900.0,153.76627
38901.0,118.800316
38902.0,128.05748
38903.0,131.05206
38904.0,138.15097
38905.0,140.60585
38906.0,147.37698
38907.0,147.49428
38908.0,115.20702
38909.0,128.42433
38910.0,132.50081
38881.0,149.33653
38912.0,147.6058
38940.0,154.52757
38923.0,137.54263
38924.0,137.54169
38925.0,142.13531
38926.0,141.87279
38927.0,149.0363
38928.0,161.21118
38929.0,122.04884
38930.0,133.9904
38931.0,131.02257
38932.0,138.59319
38933.0,142.61835
38934.0,155.28287
38935.0,158.41563
38936.0,118.782646
38937.0,133.37335
38938.0,132.6179
38882.0,150.95454
38913.0,155.34003
38941.0,167.74376
38951.0,133.02809
38952.0,132.98172
38953.0,141.01385
38954.0,147.49379
38955.0,163.43036
38956.0,163.70638
38957.0,122.61673
38958.0,134.96759
38959.0,131.82808
38960.0,140.17657
38961.0,143.99464
38962.0,155.86803
38963.0,158.69919
38964.0,118.78876
38965.0,133.33783
38966.0,133.18404
38967.0,139.55292
38968.0,142.86455
38969.0,155.16652
38883.0,176.69714
38914.0,128.82893
38942.0,138.72678
38884.0,143.13475
38915.0,140.2318
38943.0,145.73407
38885.0,154.9398
38916.0,168.8907
38944.0,176.26851
38886.0,183.38377
38917.0,134.65071
38945.0,146.62831
38887.0,127.03857
38918.0,127.169044
38946.0,130.15025
38888.0,145.15628
38919.0,148.9077
38947.0,109.81216
38889.0,111.14864
38920.0,120.81755
38948.0,120.15365
38890.0,139.29152
38921.0,143.15622
38949.0,151.39539
38891.0,135.77339
38922.0,139.71384
38950.0,99.70858
39780.0,57.403255
39811.0,117.32821
39839.0,125.91103
39792.0,131.83792
39793.0,139.789
39794.0,112.99341
39795.0,128.10237
39796.0,128.00887
39797.0,133.76839
39798.0,138.60925
39799.0,144.94398
39800.0,149.00742
39801.0,115.25757
39802.0,123.56195
39803.0,125.958534
39804.0,133.24255
39805.0,137.47063
39806.0,143.84325
39807.0,142.22983
39808.0,112.52523
39809.0,126.77293
39810.0,127.95328
39781.0,141.22325
39812.0,146.61014
39840.0,152.23071
39823.0,133.12054
39824.0,125.25553
39825.0,137.52142
39826.0,134.93701
39827.0,148.31479
39828.0,161.9918
39829.0,122.745445
39830.0,134.68698
39831.0,131.71915
39832.0,139.28976
39833.0,143.31493
39834.0,155.99373
39835.0,159.1265
39836.0,119.47923
39837.0,134.168
39838.0,133.41255
39782.0,151.65111
39813.0,156.03659
39841.0,168.5244
39851.0,133.72467
39852.0,133.6783
39853.0,141.71043
39854.0,148.19037
39855.0,164.21098
39856.0,164.487
39857.0,123.31332
39858.0,135.66417
39859.0,132.52466
39860.0,140.87315
39861.0,144.69122
39862.0,156.57889
39863.0,159.41005
39864.0,119.48536
39865.0,134.13248
39866.0,133.97868
39867.0,140.18906
39868.0,143.50069
39869.0,155.21931
39783.0,177.32814
39814.0,129.52551
39842.0,139.42336
39784.0,143.83133
39815.0,140.92838
39843.0,146.43065
39785.0,155.74254
39816.0,169.77748
39844.0,177.15529
39786.0,184.12093
39817.0,135.48235
39845.0,147.45995
39787.0,127.81767
39818.0,127.59388
39846.0,130.57509
39788.0,145.49243
39819.0,149.39348
39847.0,110.56335
39789.0,111.89983
39820.0,121.56874
39848.0,120.90484
39790.0,140.04271
39821.0,143.90741
39849.0,151.88116
39791.0,136.10954
39822.0,140.19962
39850.0,100.79537
40680.0,47.867294
40711.0,115.89654
40739.0,118.436005
40692.0,130.75923
40693.0,128.60182
40694.0,105.428276
40695.0,123.69504
40696.0,129.19452
40697.0,132.47061
40698.0,139.39072
40699.0,146.01399
40700.0,153.04376
40701.0,115.22499
40702.0,122.82974
40703.0,125.46976
40704.0,133.82326
40705.0,137.71036
40706.0,144.16998
40707.0,147.03203
40708.0,113.39032
40709.0,127.35793
40710.0,129.80612
40681.0,145.35515
40712.0,147.33614
40740.0,151.90413
40723.0,134.06339
40724.0,132.59657
40725.0,141.74063
40726.0,137.55551
40727.0,143.71849
40728.0,162.3604
40729.0,123.20605
40730.0,135.14757
40731.0,132.17973
40732.0,140.03105
40733.0,143.39372
40734.0,156.51707
40735.0,159.168
40736.0,120.035416
40737.0,134.72417
40738.0,133.96872
40682.0,151.71144
40713.0,155.61957
40741.0,168.29893
40751.0,134.26132
40752.0,134.21495
40753.0,142.18767
40754.0,148.19023
40755.0,164.46606
40756.0,164.79617
40757.0,123.77392
40758.0,136.12476
40759.0,132.98524
40760.0,141.55502
40761.0,144.7106
40762.0,157.04282
40763.0,159.39214
40764.0,119.986534
40765.0,134.63364
40766.0,134.47984
40767.0,140.69022
40768.0,143.57948
40769.0,156.18611
40683.0,176.64677
40714.0,129.59955
40742.0,139.49739
40684.0,143.88307
40715.0,140.98012
40743.0,146.48238
40685.0,155.00873
40716.0,169.30835
40744.0,175.72037
40686.0,182.43326
40717.0,135.6454
40745.0,147.38792
40687.0,127.093445
40718.0,126.86967
40746.0,129.5439
40688.0,145.29234
40719.0,148.39871
40747.0,110.09323
40689.0,110.848915
40720.0,120.51782
40748.0,119.85392
40690.0,138.96251
40721.0,142.52039
40749.0,150.91869
40691.0,134.27301
40722.0,137.42322
40750.0,99.192604
41580.0,17.53873
41611.0,115.02172
41639.0,111.63845
41592.0,126.894684
41593.0,127.97111
41594.0,100.93956
41595.0,117.9144
41596.0,131.30338
41597.0,137.09958
41598.0,140.09799
41599.0,148.66348
41600.0,152.95177
41601.0,118.83063
41602.0,127.489365
41603.0,128.78403
41604.0,136.64575
41605.0,137.66414
41606.0,144.42114
41607.0,146.83052
41608.0,115.668976
41609.0,128.38445
41610.0,132.18169
41581.0,148.9317
41612.0,145.41743
41640.0,152.84348
41623.0,136.22125
41624.0,136.13623
41625.0,140.32578
41626.0,140.68742
41627.0,147.0576
41628.0,161.82814
41629.0,121.50103
41630.0,133.57849
41631.0,130.61066
41632.0,138.46198
41633.0,142.29628
41634.0,155.41963
41635.0,158.63574
41636.0,118.4664
41637.0,134.04951
41638.0,133.29407
41582.0,150.84909
41613.0,154.70839
41641.0,167.38776
41651.0,132.43681
41652.0,132.39044
41653.0,140.36316
41654.0,146.97328
41655.0,163.24911
41656.0,164.26392
41657.0,121.957146
41658.0,134.44392
41659.0,131.30441
41660.0,139.87419
41661.0,143.5014
41662.0,155.83362
41663.0,158.74812
41664.0,118.30573
41665.0,133.84723
41666.0,133.69344
41667.0,140.21939
41668.0,143.58029
41669.0,156.12814
41583.0,176.57161
41614.0,128.69984
41642.0,138.59769
41584.0,142.98337
41615.0,140.08041
41643.0,145.58269
41585.0,153.94618
41616.0,168.24577
41644.0,175.35701
41586.0,182.0699
41617.0,134.63954
41645.0,146.38206
41587.0,126.59455
41618.0,126.37074
41646.0,128.9883
41588.0,144.61946
41619.0,148.42502
41647.0,109.49088
41589.0,110.24657
41620.0,119.915474
41648.0,119.25157
41590.0,139.13144
41621.0,142.61873
41649.0,151.01706
41591.0,133.82878
41622.0,137.44952
41650.0,98.628845
42480.0,39.353607
42511.0,118.70595
42539.0,114.175285
42492.0,127.54852
42493.0,128.6407
42494.0,104.83631
42495.0,122.98778
42496.0,129.83488
42497.0,132.95287
42498.0,139.2592
42499.0,147.41338
42500.0,152.69846
42501.0,117.811966
42502.0,125.55603
42503.0,126.00537
42504.0,136.34091
42505.0,137.67209
42506.0,142.25972
42507.0,144.99194
42508.0,115.99699
42509.0,127.69851
42510.0,133.05785
42481.0,145.27919
42512.0,145.39523
42540.0,149.99881
42523.0,136.38254
42524.0,134.95235
42525.0,137.40553
42526.0,137.94836
42527.0,144.38808
42528.0,161.82814
42529.0,121.50103
42530.0,133.57849
42531.0,130.61066
42532.0,138.46198
42533.0,142.29628
42534.0,155.41963
42535.0,158.63574
42536.0,118.4664
42537.0,134.04951
42538.0,133.29407
42482.0,150.84909
42513.0,154.70839
42541.0,167.38776
42551.0,132.43681
42552.0,132.39044
42553.0,140.36316
42554.0,146.97328
42555.0,163.24911
42556.0,164.26392
42557.0,121.957146
42558.0,134.44392
42559.0,131.30441
42560.0,139.87419
42561.0,143.5014
42562.0,155.83362
42563.0,158.74812
42564.0,118.30573
42565.0,133.84723
42566.0,133.69344
42567.0,140.21939
42568.0,143.58029
42569.0,156.12814
42483.0,176.57161
42514.0,128.69984
42542.0,138.59769
42484.0,142.98337
42515.0,140.08041
42543.0,145.58269
42485.0,153.94618
42516.0,168.24577
42544.0,175.35701
42486.0,182.0699
42517.0,134.63954
42545.0,146.38206
42487.0,126.59455
42518.0,126.37074
42546.0,128.9883
42488.0,144.61946
42519.0,148.42502
42547.0,109.49088
42489.0,110.24657
42520.0,119.915474
42548.0,119.25157
42490.0,139.13144
42521.0,142.61873
42549.0,151.01706
42491.0,133.82878
42522.0,137.44952
42550.0,98.628845
43380.0,21.842333
43411.0,115.23192
43439.0,111.1182
43392.0,128.10666
43393.0,128.88503
43394.0,105.00971
43395.0,117.998634
43396.0,130.71158
43397.0,136.99599
43398.0,140.09799
43399.0,147.64037
43400.0,152.95177
43401.0,117.47979
43402.0,127.90108
43403.0,128.69206
43404.0,136.7916
43405.0,137.66414
43406.0,145.33105
43407.0,146.0377
43408.0,115.762314
43409.0,128.281
43410.0,132.4712
43381.0,149.11993
43412.0,145.41743
43440.0,152.1177
43423.0,136.16324
43424.0,136.0025
43425.0,139.38663
43426.0,138.86652
43427.0,148.28853
43428.0,161.82814
43429.0,121.49473
43430.0,133.57219
43431.0,130.60435
43432.0,138.46198
43433.0,142.29628
43434.0,155.41963
43435.0,158.63574
43436.0,118.4601
43437.0,134.04321
43438.0,133.28777
43382.0,150.84909
43413.0,154.70839
43441.0,167.38776
43451.0,132.43051
43452.0,132.38414
43453.0,140.36316
43454.0,146.97328
43455.0,163.24911
43456.0,164.26392
43457.0,121.95084
43458.0,134.43762
43459.0,131.29811
43460.0,139.87419
43461.0,143.5014
43462.0,155.83362
43463.0,158.74812
43464.0,118.29943
43465.0,133.84093
43466.0,133.68713
43467.0,140.21939
43468.0,143.58029
43469.0,155.961
43383.0,176.57161
43414.0,128.69354
43442.0,138.59138
43384.0,142.97707
43415.0,140.07411
43443.0,145.58269
43385.0,153.9095
43416.0,168.13605
43444.0,175.24728
43386.0,182.50368
43417.0,134.59656
43445.0,146.33908
43387.0,126.52269
43418.0,126.30518
43446.0,128.92274
43388.0,144.61946
43419.0,148.42502
43447.0,109.48458
43389.0,110.240265
43420.0,119.90917
43448.0,119.24527
43390.0,139.13144
43421.0,142.61873
43449.0,151.01706
43391.0,133.87964
43422.0,137.44952
43450.0,98.628845
44280.0,50.01124
44311.0,120.84936
44339.0,115.47346
44292.0,129.8649
44293.0,130.3168
44294.0,98.7191
44295.0,123.21254
44296.0,125.62323
44297.0,132.05501
44298.0,137.79332
44299.0,144.76404
44300.0,151.15984
44301.0,116.55201
44302.0,123.64535
44303.0,124.34505
44304.0,131.99118
44305.0,135.13773
44306.0,141.39883
44307.0,145.98592
44308.0,112.58511
44309.0,126.81252
44310.0,129.30789
44281.0,144.75098
44312.0,143.68858
44340.0,146.93358
44323.0,134.88823
44324.0,131.28607
44325.0,135.40598
44326.0,138.16528
44327.0,142.42458
44328.0,161.49872
44329.0,121.172775
44330.0,133.25024
44331.0,130.28241
44332.0,138.14003
44333.0,141.96686
44334.0,155.09021
44335.0,158.30632
44336.0,118.138145
44337.0,133.72127
44338.0,132.96582
44282.0,150.83005
44313.0,154.68187
44341.0,167.36124
44351.0,132.10857
44352.0,132.0622
44353.0,140.04121
44354.0,146.64386
44355.0,162.9197
44356.0,163.9345
44357.0,121.62889
44358.0,134.11568
44359.0,130.97617
44360.0,139.55225
44361.0,143.17198
44362.0,155.5042
44363.0,158.4187
44364.0,117.97748
44365.0,133.51898
44366.0,133.36519
44367.0,139.89745
44368.0,143.25087
44369.0,155.63158
44283.0,176.50987
44314.0,128.63928
44342.0,138.53712
44284.0,142.9228
44315.0,140.01985
44343.0,145.52843
44285.0,153.84776
44316.0,168.07431
44344.0,174.75781
44286.0,182.3333
44317.0,134.86136
44345.0,146.60388
44287.0,126.427124
44318.0,126.20962
44346.0,128.8197
44288.0,144.61946
44319.0,148.42502
44347.0,109.492065
44289.0,110.25501
44320.0,119.92392
44348.0,119.26002
44290.0,139.14833
44321.0,142.61873
44349.0,151.01706
44291.0,133.87964
44322.0,137.44952
44350.0,98.645744
270.0,16.28217
301.0,113.03546
329.0,110.52629
282.0,121.27581
283.0,125.46417
284.0,95.303665
285.0,112.5587
286.0,124.318886
287.0,128.66196
288.0,134.37804
289.0,142.00671
290.0,145.80325
291.0,109.4322
292.0,122.107216
293.0,123.93429
294.0,131.08882
295.0,133.00934
296.0,139.07034
297.0,144.33264
298.0,109.3182
299.0,122.572105
300.0,126.38674
271.0,136.33125
302.0,138.6271
330.0,145.20015
313.0,125.82942
314.0,127.36717
315.0,130.29585
316.0,132.69405
317.0,138.74203
318.0,161.2084
319.0,116.94621
320.0,129.00287
321.0,126.914825
322.0,134.06334
323.0,135.49799
324.0,152.3842
325.0,159.02956
326.0,115.906136
327.0,130.41838
328.0,130.97778
272.0,142.1324
303.0,147.59457
331.0,163.9326
341.0,128.84071
342.0,130.61601
343.0,136.45605
344.0,139.97052
345.0,158.42204
346.0,162.64198
347.0,117.05247
348.0,129.51843
349.0,127.633255
350.0,134.78847
351.0,135.74352
352.0,152.90323
353.0,159.38359
354.0,117.18775
355.0,131.6361
356.0,132.86798
357.0,137.6435
358.0,134.66724
359.0,152.43318
273.0,174.6416
304.0,122.664536
332.0,135.1864
274.0,135.18437
305.0,136.07507
333.0,142.55717
275.0,149.05275
306.0,168.74162
334.0,175.1879
276.0,179.21074
307.0,125.939125
335.0,138.73688
277.0,119.649445
308.0,125.02702
336.0,128.73386
278.0,146.19098
309.0,152.59766
337.0,105.17889
279.0,103.80656
310.0,116.57506
338.0,118.83071
280.0,132.33159
311.0,138.28258
339.0,151.95834
281.0,133.97623
312.0,140.85448
340.0,94.59508
1170.0,40.3285
1201.0,115.99501
1229.0,117.0347
1182.0,122.782005
1183.0,126.11928
1184.0,99.0871
1185.0,116.994125
1186.0,121.468025
1187.0,127.38256
1188.0,133.1133
1189.0,140.93678
1190.0,144.27927
1191.0,109.3102
1192.0,119.97364
1193.0,119.156166
1194.0,124.0787
1195.0,131.40822
1196.0,138.52876
1197.0,143.77895
1198.0,108.56295
1199.0,121.2821
1200.0,123.07639
1171.0,133.67972
1202.0,138.10889
1230.0,144.07317
1213.0,124.42139
1214.0,127.204926
1215.0,129.58914
1216.0,130.8065
1217.0,136.17642
1218.0,161.62148
1219.0,116.68395
1220.0,128.7406
1221.0,126.652565
1222.0,133.80107
1223.0,135.23572
1224.0,152.12193
1225.0,159.00764
1226.0,115.76544
1227.0,130.2777
1228.0,130.8371
1172.0,141.87013
1203.0,147.3323
1231.0,163.67033
1241.0,128.57845
1242.0,130.35374
1243.0,136.19379
1244.0,139.70825
1245.0,158.15977
1246.0,163.05505
1247.0,116.79021
1248.0,129.25616
1249.0,127.37102
1250.0,134.5262
1251.0,135.48125
1252.0,152.64096
1253.0,159.36168
1254.0,117.04706
1255.0,131.4954
1256.0,132.7273
1257.0,137.5028
1258.0,134.64532
1259.0,152.41127
1173.0,175.05467
1204.0,122.402275
1232.0,134.92413
1174.0,134.9221
1205.0,135.8128
1233.0,142.2949
1175.0,148.79048
1206.0,168.47935
1234.0,175.60097
1176.0,179.62381
1207.0,126.00556
1235.0,138.80331
1177.0,119.79673
1208.0,125.17432
1236.0,128.88115
1178.0,146.24289
1209.0,152.9962
1237.0,105.2308
1179.0,103.85847
1210.0,116.62697
1238.0,118.88262
1180.0,132.3835
1211.0,138.33449
1239.0,152.01025
1181.0,133.97623
1212.0,140.85448
1240.0,94.59508
2070.0,26.310223
2101.0,114.91519
2129.0,111.36618
2082.0,123.10877
2083.0,126.292114
2084.0,97.7731
2085.0,116.68378
2086.0,123.14474
2087.0,127.88833
2088.0,133.89146
2089.0,141.78348
2090.0,145.18658
2091.0,109.20896
2092.0,121.88398
2093.0,123.20211
2094.0,130.05228
2095.0,132.28789
2096.0,137.90863
2097.0,144.63036
2098.0,108.68241
2099.0,121.99279
2100.0,125.43293
2071.0,134.95921
2102.0,138.18808
2130.0,144.40056
2113.0,125.44443
2114.0,126.56448
2115.0,129.53261
2116.0,131.53264
2117.0,137.42986
2118.0,160.1171
2119.0,115.31054
2120.0,127.36714
2121.0,125.27911
2122.0,132.42764
2123.0,134.51787
2124.0,151.40405
2125.0,158.15884
2126.0,115.0476
2127.0,129.55981
2128.0,130.11922
2072.0,141.77403
2103.0,147.23627
2131.0,163.67155
2141.0,127.489624
2142.0,129.26497
2143.0,135.10501
2144.0,138.61948
2145.0,157.071
2146.0,162.14171
2147.0,115.84276
2148.0,128.3087
2149.0,126.42349
2150.0,133.57874
2151.0,135.18936
2152.0,152.4894
2153.0,159.07916
2154.0,116.89547
2155.0,131.34381
2156.0,132.5757
2157.0,137.35124
2158.0,134.49373
2159.0,152.25967
2073.0,174.95734
2104.0,122.304924
2132.0,134.92409
2074.0,134.33151
2105.0,135.22221
2133.0,141.8016
2075.0,148.65123
2106.0,168.3401
2134.0,175.559
2076.0,178.42957
2107.0,124.81129
2135.0,137.70636
2077.0,119.94312
2108.0,124.59128
2136.0,128.64247
2078.0,145.90694
2109.0,152.7182
2137.0,105.61947
2079.0,103.57266
2110.0,116.19616
2138.0,118.5491
2080.0,131.84319
2111.0,138.04128
2139.0,151.81433
2081.0,133.25446
2112.0,140.19066
2140.0,94.466415
2970.0,16.760254
3001.0,112.52466
3029.0,111.1866
2982.0,120.74705
2983.0,125.108826
2984.0,95.380356
2985.0,114.18918
2986.0,123.49732
2987.0,128.70203
2988.0,133.86287
2989.0,141.78348
2990.0,145.55501
2991.0,109.97001
2992.0,121.41424
2993.0,124.18079
2994.0,130.86559
2995.0,132.7861
2996.0,138.61926
2997.0,143.93137
2998.0,109.15565
2999.0,121.99279
3000.0,125.543205
2971.0,135.57182
3002.0,138.18808
3030.0,144.68742
3013.0,125.73564
3014.0,127.10086
3015.0,129.66716
3016.0,132.60028
3017.0,137.93964
3018.0,160.1824
3019.0,115.31054
3020.0,127.36714
3021.0,125.27911
3022.0,132.42764
3023.0,134.51787
3024.0,151.40405
3025.0,158.22415
3026.0,115.0476
3027.0,129.55981
3028.0,130.11922
2972.0,141.77403
3003.0,147.23627
3031.0,163.67155
3041.0,127.489624
3042.0,129.26497
3043.0,135.10501
3044.0,138.61948
3045.0,157.071
3046.0,162.20702
3047.0,115.84276
3048.0,128.3087
3049.0,126.42349
3050.0,133.57874
3051.0,135.18936
3052.0,152.4894
3053.0,159.14447
3054.0,116.89547
3055.0,131.34381
3056.0,132.5757
3057.0,137.35124
3058.0,134.49373
3059.0,152.25967
2973.0,175.02264
3004.0,122.304924
3032.0,134.92409
2974.0,134.33151
3005.0,135.22221
3033.0,141.8016
2975.0,148.65123
3006.0,168.3401
3034.0,175.73492
2976.0,178.6055
3007.0,124.81129
3035.0,137.70636
2977.0,119.94312
3008.0,124.59128
3036.0,128.64247
2978.0,145.90694
3009.0,152.89412
3037.0,105.61947
2979.0,103.57266
3010.0,116.19616
3038.0,118.5491
2980.0,131.84319
3011.0,138.04128
3039.0,151.81433
2981.0,133.25446
3012.0,140.19951
3040.0,94.466415
3870.0,12.870752
3901.0,112.84337
3929.0,110.3374
3882.0,119.99279
3883.0,124.386185
3884.0,94.27539
3885.0,112.49005
3886.0,123.78927
3887.0,128.70203
3888.0,133.86287
3889.0,141.78348
3890.0,145.26308
3891.0,109.97001
3892.0,121.12293
3893.0,123.71104
3894.0,130.57428
3895.0,132.49417
3896.0,138.55518
3897.0,143.50053
3898.0,108.73887
3899.0,122.05692
3900.0,126.102745
3871.0,135.45644
3902.0,138.18808
3930.0,144.68742
3913.0,125.29982
3914.0,127.10086
3915.0,129.93997
3916.0,132.16446
3917.0,138.21245
3918.0,160.1824
3919.0,115.31054
3920.0,127.36714
3921.0,125.27911
3922.0,132.42764
3923.0,134.51787
3924.0,151.40405
3925.0,158.22415
3926.0,115.0476
3927.0,129.55981
3928.0,130.11922
3872.0,141.77403
3903.0,147.23627
3931.0,163.67155
3941.0,127.489624
3942.0,129.26497
3943.0,135.10501
3944.0,138.61948
3945.0,157.071
3946.0,162.20702
3947.0,115.84276
3948.0,128.3087
3949.0,126.42349
3950.0,133.57874
3951.0,135.18936
3952.0,152.4894
3953.0,159.14447
3954.0,116.89547
3955.0,131.34381
3956.0,132.5757
3957.0,137.35124
3958.0,134.49373
3959.0,152.25967
3873.0,175.02264
3904.0,122.304924
3932.0,134.92409
3874.0,134.33151
3905.0,135.22221
3933.0,141.8016
3875.0,148.65123
3906.0,168.3401
3934.0,175.73492
3876.0,178.6055
3907.0,124.81129
3935.0,137.70636
3877.0,119.94312
3908.0,124.59128
3936.0,128.64247
3878.0,145.90694
3909.0,152.89412
3937.0,105.61947
3879.0,103.57266
3910.0,116.19616
3938.0,118.5491
3880.0,131.84319
3911.0,138.04128
3939.0,151.81433
3881.0,133.25446
3912.0,140.19951
3940.0,94.466415
4770.0,40.85425
4801.0,114.26656
4829.0,111.841995
4782.0,122.04444
4783.0,124.31
4784.0,99.04791
4785.0,119.960175
4786.0,121.85165
4787.0,124.15888
4788.0,133.22911
4789.0,140.41495
4790.0,144.49414
4791.0,109.29012
4792.0,119.95356
4793.0,123.45286
4794.0,128.37888
4795.0,131.78056
4796.0,137.78185
4797.0,142.74727
4798.0,108.97184
4799.0,121.270744
4800.0,124.10583
4771.0,134.51567
4802.0,138.54507
4830.0,143.76204
4813.0,125.2285
4814.0,126.564255
4815.0,128.3849
4816.0,130.44696
4817.0,132.82755
4818.0,160.42076
4819.0,115.53061
4820.0,127.58719
4821.0,125.49917
4822.0,132.27354
4823.0,134.36377
4824.0,151.62016
4825.0,158.9105
4826.0,115.26767
4827.0,129.77988
4828.0,130.33928
4772.0,142.00389
4803.0,147.4661
4831.0,163.09557
4841.0,127.70972
4842.0,129.48503
4843.0,135.32756
4844.0,138.84203
4845.0,156.99646
4846.0,162.07288
4847.0,116.06283
4848.0,128.52876
4849.0,126.64353
4850.0,133.42464
4851.0,135.03526
4852.0,152.33301
4853.0,159.45833
4854.0,117.11554
4855.0,131.56387
4856.0,132.79576
4857.0,137.1859
4858.0,134.32838
4859.0,152.08359
4773.0,174.31914
4804.0,122.525
4832.0,135.14417
4774.0,134.55156
4805.0,135.44226
4833.0,142.03145
4775.0,148.48796
4806.0,167.37099
4834.0,175.15146
4776.0,178.29865
4807.0,125.04728
4835.0,137.94235
4777.0,120.179115
4808.0,124.85339
4836.0,128.9046
4778.0,145.65565
4809.0,152.51537
4837.0,105.85546
4779.0,103.808655
4810.0,116.43215
4838.0,118.785095
4780.0,132.1053
4811.0,138.30339
4839.0,151.59787
4781.0,133.09862
4812.0,139.9162
4840.0,94.89694
5670.0,40.832146
5701.0,115.73578
5729.0,115.983
5682.0,123.996346
5683.0,126.11384
5684.0,98.852554
5685.0,116.38394
5686.0,118.46174
5687.0,123.8785
5688.0,132.96329
5689.0,139.49738
5690.0,141.91484
5691.0,108.63282
5692.0,120.75558
5693.0,122.39031
5694.0,129.06424
5695.0,132.27405
5696.0,137.68842
5697.0,141.50624
5698.0,108.59368
5699.0,121.91213
5700.0,124.66187
5671.0,135.12592
5702.0,138.13359
5730.0,142.91705
5713.0,124.79607
5714.0,125.228546
5715.0,128.97371
5716.0,129.67911
5717.0,135.88028
5718.0,161.75362
5719.0,117.041794
5720.0,129.09843
5721.0,127.0104
5722.0,133.78474
5723.0,135.86069
5724.0,153.0287
5725.0,160.24336
5726.0,116.82915
5727.0,131.3414
5728.0,131.9008
5672.0,141.4177
5703.0,146.36801
5731.0,161.90913
5741.0,128.7015
5742.0,130.47676
5743.0,136.31932
5744.0,139.81947
5745.0,157.88556
5746.0,162.88626
5747.0,117.05455
5748.0,129.52052
5749.0,127.635315
5750.0,134.4164
5751.0,136.01274
5752.0,153.22208
5753.0,160.27171
5754.0,118.157555
5755.0,132.60593
5756.0,133.83781
5757.0,138.17763
5758.0,135.30586
5759.0,152.86221
5673.0,173.55457
5704.0,121.42827
5732.0,134.04744
5674.0,133.53674
5705.0,133.92987
5733.0,140.51906
5675.0,147.98201
5706.0,166.27908
5734.0,173.98384
5676.0,177.11113
5707.0,123.48396
5735.0,136.37909
5677.0,119.21047
5708.0,123.46294
5736.0,127.55645
5678.0,144.64096
5709.0,151.00319
5737.0,104.46502
5679.0,102.84002
5710.0,115.04172
5738.0,117.39466
5680.0,131.13667
5711.0,136.95528
5739.0,150.16138
5681.0,132.27513
5712.0,139.02197
5740.0,93.327065
6570.0,56.552383
6601.0,106.07497
6629.0,121.72795
6582.0,126.38253
6583.0,125.87638
6584.0,102.46052
6585.0,121.10152
6586.0,118.19827
6587.0,123.327484
6588.0,130.33408
6589.0,134.59618
6590.0,138.53008
6591.0,105.06492
6592.0,117.239975
6593.0,117.5831
6594.0,123.27968
6595.0,130.15532
6596.0,137.30019
6597.0,141.55592
6598.0,106.91452
6599.0,118.9083
6600.0,119.39785
6571.0,131.79749
6602.0,136.5191
6630.0,141.5458
6613.0,121.17625
6614.0,123.455925
6615.0,127.63865
6616.0,127.38224
6617.0,136.24379
6618.0,161.62442
6619.0,115.81141
6620.0,127.868
6621.0,125.92938
6622.0,132.70372
6623.0,135.20013
6624.0,152.60767
6625.0,160.15215
6626.0,115.46543
6627.0,130.36563
6628.0,131.07445
6572.0,140.84192
6603.0,146.1684
6631.0,161.95534
6641.0,128.1561
6642.0,130.14873
6643.0,135.99129
6644.0,139.8676
6645.0,158.1795
6646.0,163.51006
6647.0,116.57715
6648.0,129.04308
6649.0,127.30728
6650.0,134.08836
6651.0,136.10515
6652.0,153.48607
6653.0,160.86552
6654.0,117.48757
6655.0,132.32385
6656.0,133.70515
6657.0,138.03627
6658.0,135.71825
6659.0,153.51418
6573.0,173.68571
6604.0,120.89748
6632.0,133.33098
6574.0,132.82025
6605.0,133.36282
6633.0,139.94328
6575.0,147.9348
6606.0,166.32529
6634.0,174.11499
6576.0,176.8605
6607.0,123.02716
6635.0,135.73659
6577.0,118.71742
6608.0,122.96117
6636.0,127.20147
6578.0,143.693
6609.0,150.14017
6637.0,103.07708
6579.0,101.43429
6610.0,113.45032
6638.0,115.95269
6580.0,130.00188
6611.0,136.23952
6639.0,149.46504
6581.0,131.30519
6612.0,138.13698
6640.0,91.95495
7470.0,36.307297
7501.0,117.00739
7529.0,113.97756
7482.0,123.570786
7483.0,133.21918
7484.0,98.390816
7485.0,117.575005
7486.0,118.792656
7487.0,123.77184
7488.0,131.16095
7489.0,137.78644
7490.0,142.49832
7491.0,106.65269
7492.0,118.95635
7493.0,119.73852
7494.0,125.37885
7495.0,129.8251
7496.0,137.51746
7497.0,141.60832
7498.0,107.4266
7499.0,119.808495
7500.0,124.067726
7471.0,132.86356
7502.0,135.99185
7530.0,140.36546
7513.0,124.11485
7514.0,125.703
7515.0,125.26637
7516.0,128.50272
7517.0,134.89362
7518.0,160.48311
7519.0,116.12294
7520.0,127.31797
7521.0,125.150734
7522.0,131.6532
7523.0,134.60863
7524.0,151.93173
7525.0,159.55801
7526.0,115.964905
7527.0,130.00356
7528.0,130.82852
7472.0,140.67499
7503.0,145.50812
7531.0,161.178
7541.0,128.14166
7542.0,129.90565
7543.0,135.47635
7544.0,138.92969
7545.0,157.0382
7546.0,162.36874
7547.0,116.88868
7548.0,128.49306
7549.0,126.52855
7550.0,133.03781
7551.0,135.51367
7552.0,152.89851
7553.0,160.35977
7554.0,117.98705
7555.0,131.96178
7556.0,133.45923
7557.0,137.51848
7558.0,135.86624
7559.0,153.57768
7473.0,173.07263
7504.0,121.513176
7532.0,133.08513
7474.0,133.37161
7505.0,133.31366
7533.0,139.62228
7475.0,148.0487
7506.0,165.95027
7534.0,173.73997
7476.0,177.36397
7507.0,123.29923
7535.0,136.00868
7477.0,119.85314
7508.0,123.1016
7536.0,127.341896
7478.0,144.9524
7509.0,151.02773
7537.0,104.59029
7479.0,103.14418
7510.0,114.78838
7538.0,117.06206
7480.0,130.21318
7511.0,136.07898
7539.0,149.88579
7481.0,131.95226
7512.0,138.63287
7540.0,92.48721
8370.0,53.22789
8401.0,113.69606
8429.0,116.54862
8382.0,125.28554
8383.0,124.52467
8384.0,100.6858
8385.0,117.781334
8386.0,118.25686
8387.0,121.96618
8388.0,128.84671
8389.0,136.3376
8390.0,135.7677
8391.0,103.502335
8392.0,116.32435
8393.0,115.92381
8394.0,122.16198
8395.0,127.60368
8396.0,136.104
8397.0,140.18715
8398.0,104.23788
8399.0,117.34635
8400.0,122.10772
8371.0,132.22955
8402.0,134.37602
8430.0,140.43785
8413.0,122.451126
8414.0,124.39128
8415.0,125.28998
8416.0,125.650185
8417.0,132.33118
8418.0,160.403
8419.0,115.08353
8420.0,126.556465
8421.0,125.20742
8422.0,131.53473
8423.0,134.4904
8424.0,151.7904
8425.0,159.41669
8426.0,115.35686
8427.0,129.62817
8428.0,131.59131
8372.0,140.69537
8403.0,145.13107
8431.0,160.77785
8441.0,126.80734
8442.0,129.33098
8443.0,134.77957
8444.0,138.81415
8445.0,156.89955
8446.0,162.2301
8447.0,115.790726
8448.0,127.67304
8449.0,126.5267
8450.0,132.86084
8451.0,135.33688
8452.0,152.75719
8453.0,160.21844
8454.0,117.379005
8455.0,131.5864
8456.0,134.22202
8457.0,138.54268
8458.0,136.59558
8459.0,154.28392
8373.0,172.6725
8404.0,120.47374
8432.0,131.75082
8374.0,132.69594
8405.0,132.79752
8433.0,138.98404
8375.0,147.67168
8406.0,165.55014
8434.0,173.33984
8376.0,177.19731
8407.0,122.22181
8435.0,134.93124
8377.0,119.99563
8408.0,122.46336
8436.0,127.198326
8378.0,144.78574
8409.0,150.86107
8437.0,103.7791
8379.0,102.99162
8410.0,113.977196
8438.0,116.812164
8380.0,130.49982
8411.0,136.17859
8439.0,149.96231
8381.0,132.02878
8412.0,138.7094
8440.0,91.676025
9270.0,52.232185
9301.0,119.79822
9329.0,116.35534
9282.0,122.84839
9283.0,126.95528
9284.0,100.40543
9285.0,116.835
9286.0,116.20205
9287.0,120.50457
9288.0,129.13255
9289.0,133.8604
9290.0,138.69064
9291.0,105.56356
9292.0,115.450676
9293.0,117.289635
9294.0,120.739136
9295.0,126.416885
9296.0,131.06006
9297.0,138.8494
9298.0,104.38852
9299.0,117.46106
9300.0,119.732155
9271.0,130.5012
9302.0,133.8142
9330.0,136.91206
9313.0,122.48361
9314.0,123.277374
9315.0,123.374695
9316.0,125.28932
9317.0,131.26448
9318.0,160.30139
9319.0,114.71116
9320.0,126.18413
9321.0,124.83503
9322.0,131.21614
9323.0,134.17181
9324.0,151.47182
9325.0,159.31508
9326.0,114.984474
9327.0,129.25583
9328.0,131.21893
9272.0,141.21991
9303.0,145.65561
9331.0,160.84825
9341.0,127.82087
9342.0,130.34451
9343.0,135.30414
9344.0,138.88455
9345.0,156.96999
9346.0,162.23636
9347.0,115.526215
9348.0,127.40855
9349.0,126.26219
9350.0,132.65009
9351.0,135.12616
9352.0,152.54643
9353.0,160.2247
9354.0,116.563255
9355.0,130.77068
9356.0,133.40627
9357.0,137.78069
9358.0,135.83359
9359.0,153.62901
9273.0,172.40868
9304.0,120.32634
9332.0,131.60345
9274.0,132.54857
9305.0,132.65012
9333.0,138.95734
9275.0,147.64497
9306.0,165.06934
9334.0,173.07605
9276.0,176.93349
9307.0,122.074425
9335.0,134.78384
9277.0,118.86745
9308.0,121.455826
9336.0,125.94375
9278.0,143.11987
9309.0,149.40927
9337.0,102.31588
9279.0,101.52839
9310.0,112.139694
9338.0,114.97468
9280.0,129.31152
9311.0,135.04123
9339.0,148.82492
9281.0,130.76137
9312.0,137.59642
9340.0,90.77434
10170.0,52.190113
10201.0,112.4081
10229.0,117.34318
10182.0,121.92001
10183.0,130.31296
10184.0,105.61825
10185.0,117.075806
10186.0,117.467094
10187.0,121.93113
10188.0,128.72032
10189.0,137.19604
10190.0,140.27568
10191.0,103.672745
10192.0,114.69875
10193.0,116.357704
10194.0,124.62695
10195.0,129.15396
10196.0,133.49847
10197.0,141.06241
10198.0,106.10799
10199.0,118.977066
10200.0,123.21524
10171.0,131.6108
10202.0,134.85127
10230.0,138.52428
10213.0,124.03645
10214.0,123.885666
10215.0,124.41102
10216.0,126.36895
10217.0,132.82028
10218.0,160.73721
10219.0,115.17527
10220.0,126.648224
10221.0,125.29915
10222.0,131.68028
10223.0,134.63593
10224.0,151.90764
10225.0,159.7509
10226.0,115.448586
10227.0,129.71997
10228.0,131.68304
10172.0,142.15211
10203.0,146.58781
10231.0,161.6507
10241.0,127.9394
10242.0,130.46301
10243.0,135.53076
10244.0,139.1112
10245.0,157.4058
10246.0,162.67218
10247.0,116.06399
10248.0,127.94631
10249.0,126.79997
10250.0,133.18787
10251.0,135.66394
10252.0,153.05592
10253.0,160.73416
10254.0,117.10103
10255.0,131.30846
10256.0,133.94405
10257.0,138.87254
10258.0,136.92545
10259.0,154.61891
10173.0,172.52702
10204.0,120.62186
10232.0,132.10574
10174.0,132.84407
10205.0,132.94565
10233.0,139.45963
10175.0,148.14726
10206.0,165.44186
10234.0,173.19437
10176.0,177.51245
10207.0,123.03394
10235.0,135.95018
10177.0,119.04699
10208.0,121.63537
10236.0,126.12328
10178.0,143.66003
10209.0,149.49039
10237.0,102.39731
10179.0,101.7358
10210.0,112.34711
10238.0,115.18209
10180.0,129.51895
10211.0,135.24866
10239.0,149.28387
10181.0,131.32097
10212.0,137.69704
10240.0,91.08243
11070.0,59.67529
11101.0,111.44649
11129.0,120.59475
11082.0,123.85717
11083.0,129.46672
11084.0,108.62404
11085.0,125.47271
11086.0,119.189186
11087.0,119.80952
11088.0,129.19028
11089.0,133.51279
11090.0,134.98938
11091.0,104.19504
11092.0,115.36612
11093.0,116.969406
11094.0,123.078735
11095.0,127.42804
11096.0,135.78018
11097.0,135.06499
11098.0,105.68179
11099.0,119.13877
11100.0,116.87078
11071.0,135.08826
11102.0,136.4834
11130.0,140.00023
11113.0,122.22987
11114.0,123.7522
11115.0,125.95416
11116.0,124.76227
11117.0,139.99893
11118.0,160.49338
11119.0,117.171425
11120.0,128.64444
11121.0,125.864586
11122.0,132.09425
11123.0,135.31676
11124.0,152.57974
11125.0,159.44421
11126.0,117.450905
11127.0,131.91379
11128.0,132.15518
11072.0,143.01271
11103.0,147.36787
11131.0,162.42209
11141.0,130.1294
11142.0,130.93555
11143.0,135.84052
11144.0,139.97641
11145.0,158.26228
11146.0,162.48993
11147.0,117.69282
11148.0,129.57512
11149.0,126.99807
11150.0,133.66342
11151.0,136.40636
11152.0,153.78961
11153.0,160.48906
11154.0,118.736
11155.0,133.13496
11156.0,134.04881
11157.0,138.90689
11158.0,137.24492
11159.0,155.32242
11073.0,172.69006
11104.0,122.14431
11132.0,132.98639
11074.0,135.40073
11105.0,133.40608
11133.0,139.82207
11075.0,149.82388
11106.0,165.7798
11134.0,173.78574
11076.0,180.70944
11107.0,126.391075
11135.0,139.06694
11077.0,123.65497
11108.0,124.66611
11136.0,128.82726
11078.0,145.46881
11109.0,151.5623
11137.0,104.12007
11079.0,104.71937
11110.0,115.806
11138.0,118.72678
11080.0,132.41223
11111.0,137.4548
11139.0,151.20117
11081.0,133.41518
11112.0,140.05432
11140.0,93.739944
11970.0,41.77529
12001.0,116.103745
12029.0,117.28875
11982.0,129.41716
11983.0,130.3917
11984.0,99.98567
11985.0,115.637085
11986.0,123.58577
11987.0,126.033485
11988.0,133.54926
11989.0,141.8137
11990.0,146.87813
11991.0,109.52948
11992.0,122.06311
11993.0,121.880226
11994.0,128.14857
11995.0,131.73196
11996.0,141.50562
11997.0,145.13821
11998.0,109.78499
11999.0,120.721214
12000.0,124.78798
11971.0,138.07962
12002.0,138.9357
12030.0,145.43935
12013.0,127.26939
12014.0,127.591736
12015.0,130.89566
12016.0,131.93414
12017.0,140.0691
12018.0,163.36887
12019.0,121.104805
12020.0,132.57791
12021.0,128.68935
12022.0,134.18571
12023.0,136.72281
12024.0,154.92998
12025.0,162.28326
12026.0,121.28493
12027.0,135.22289
12028.0,134.32458
11972.0,144.88127
12003.0,148.1129
12031.0,164.09918
12041.0,132.36102
12042.0,132.29916
12043.0,136.66518
12044.0,141.21037
12045.0,160.70001
12046.0,165.07895
12047.0,121.18132
12048.0,133.06374
12049.0,129.61871
12050.0,135.70918
12051.0,137.81046
12052.0,156.13786
12053.0,163.32616
12054.0,122.31042
12055.0,136.18442
12056.0,135.9586
12057.0,139.75502
12058.0,137.96356
12059.0,155.93286
11973.0,173.50073
12004.0,123.57289
12032.0,134.41501
11974.0,136.8249
12005.0,134.08818
12033.0,139.95647
11975.0,150.30132
12006.0,166.63173
12034.0,174.49817
11976.0,181.65617
12007.0,129.04164
12035.0,141.7175
11977.0,124.45049
12008.0,125.51473
12036.0,129.28682
11978.0,146.51562
12009.0,152.11035
12037.0,106.92803
11979.0,106.487595
12010.0,117.57423
12038.0,119.62695
11980.0,133.34488
12011.0,138.38963
12039.0,152.33815
11981.0,134.83974
12012.0,140.4721
12040.0,95.76948
12870.0,63.492035
12901.0,108.8952
12929.0,122.74907
12882.0,122.3628
12883.0,143.48082
12884.0,112.12057
12885.0,129.01454
12886.0,123.45159
12887.0,124.19207
12888.0,132.35486
12889.0,139.44315
12890.0,142.95908
12891.0,105.9385
12892.0,120.36708
12893.0,119.840866
12894.0,124.904236
12895.0,130.47662
12896.0,138.33818
12897.0,142.50252
12898.0,108.01521
12899.0,121.82609
12900.0,122.63882
12871.0,139.69159
12902.0,138.8342
12930.0,146.47098
12913.0,127.12186
12914.0,128.43936
12915.0,125.450806
12916.0,131.73987
12917.0,139.69049
12918.0,164.49971
12919.0,121.68426
12920.0,133.15735
12921.0,129.26878
12922.0,134.76515
12923.0,137.30225
12924.0,156.10487
12925.0,163.3828
12926.0,121.83307
12927.0,135.77101
12928.0,134.87271
12872.0,145.46071
12903.0,148.69234
12931.0,165.27408
12941.0,132.94046
12942.0,132.8786
12943.0,137.24461
12944.0,141.78981
12945.0,161.87491
12946.0,166.2098
12947.0,121.76077
12948.0,133.64317
12949.0,130.19815
12950.0,136.28862
12951.0,138.3899
12952.0,157.31276
12953.0,164.42569
12954.0,122.85856
12955.0,136.73254
12956.0,136.50673
12957.0,140.30315
12958.0,138.51169
12959.0,157.07645
12873.0,174.63158
12904.0,124.152336
12932.0,134.99445
12874.0,137.51414
12905.0,134.77742
12933.0,140.6457
12875.0,151.00941
12906.0,167.93529
12934.0,175.82541
12876.0,182.98341
12907.0,129.73088
12935.0,142.40674
12877.0,125.139755
12908.0,126.20397
12936.0,129.99492
12878.0,147.22897
12909.0,152.84738
12937.0,107.617294
12879.0,106.93847
12910.0,118.0251
12938.0,120.07784
12880.0,133.43477
12911.0,138.49838
12939.0,152.45218
12881.0,134.86359
12912.0,140.5196
12940.0,95.904
13770.0,17.320505
13801.0,114.94931
13829.0,113.41797
13782.0,126.08175
13783.0,129.88396
13784.0,97.712845
13785.0,116.53052
13786.0,126.357086
13787.0,131.4441
13788.0,136.67743
13789.0,145.6904
13790.0,148.44907
13791.0,111.73012
13792.0,122.1328
13793.0,124.423744
13794.0,131.42953
13795.0,133.19841
13796.0,143.49948
13797.0,145.18764
13798.0,109.52547
13799.0,123.32128
13800.0,127.165085
13771.0,140.57573
13802.0,141.21228
13830.0,149.20775
13813.0,129.42422
13814.0,130.83867
13815.0,133.0071
13816.0,135.10031
13817.0,143.48969
13818.0,165.22437
13819.0,123.091484
13820.0,134.92754
13821.0,130.71564
13822.0,136.03162
13823.0,139.2619
13824.0,157.49602
13825.0,164.35313
13826.0,122.80269
13827.0,136.89369
13828.0,135.56454
13772.0,147.1626
13803.0,151.14407
13831.0,166.86485
13841.0,134.74857
13842.0,134.57127
13843.0,138.53517
13844.0,143.3557
13845.0,162.87233
13846.0,166.52094
13847.0,122.7837
13848.0,135.02907
13849.0,131.26073
13850.0,137.1708
13851.0,139.96524
13852.0,158.31964
13853.0,165.01172
13854.0,123.478325
13855.0,137.37856
13856.0,136.7219
13857.0,140.18925
13858.0,140.60515
13859.0,158.03906
13773.0,175.73322
13804.0,125.3258
13832.0,136.5647
13774.0,139.30649
13805.0,136.67737
13833.0,142.35718
13775.0,151.76056
13806.0,168.32431
13834.0,176.34344
13776.0,182.77946
13807.0,127.86456
13835.0,140.93724
13777.0,123.45391
13808.0,123.728294
13836.0,128.23099
13778.0,144.3934
13809.0,151.94206
13837.0,105.65444
13779.0,105.475
13810.0,117.3101
13838.0,119.36282
13780.0,131.9228
13811.0,137.86914
13839.0,151.57478
13781.0,132.97289
13812.0,140.55919
13840.0,95.358154
14670.0,21.703186
14701.0,114.78417
14729.0,114.35178
14682.0,127.10358
14683.0,132.8022
14684.0,98.51411
14685.0,116.40522
14686.0,126.357086
14687.0,131.4441
14688.0,136.4141
14689.0,145.98233
14690.0,148.08597
14691.0,110.96906
14692.0,122.53296
14693.0,124.220276
14694.0,131.69205
14695.0,133.9601
14696.0,143.49948
14697.0,145.44792
14698.0,109.52547
14699.0,123.45058
14700.0,127.254715
14671.0,140.24004
14702.0,141.21228
14730.0,149.64357
14713.0,129.96304
14714.0,130.67836
14715.0,133.28836
14716.0,135.26062
14717.0,143.48969
14718.0,165.22437
14719.0,123.091484
14720.0,134.92754
14721.0,130.71564
14722.0,136.03162
14723.0,139.2619
14724.0,157.49602
14725.0,164.35313
14726.0,122.80269
14727.0,136.89369
14728.0,135.56454
14672.0,147.1626
14703.0,151.14407
14731.0,166.86485
14741.0,134.74857
14742.0,134.57127
14743.0,138.53517
14744.0,143.3557
14745.0,162.87233
14746.0,166.52094
14747.0,122.7837
14748.0,135.02907
14749.0,131.26073
14750.0,137.1708
14751.0,139.96524
14752.0,158.31964
14753.0,165.01172
14754.0,123.478325
14755.0,137.37856
14756.0,136.7219
14757.0,140.18925
14758.0,140.60515
14759.0,158.03906
14673.0,175.73322
14704.0,125.3258
14732.0,136.5647
14674.0,139.30649
14705.0,136.67737
14733.0,142.35718
14675.0,151.76056
14706.0,168.32431
14734.0,176.34344
14676.0,182.77946
14707.0,127.86456
14735.0,140.93724
14677.0,123.45391
14708.0,123.728294
14736.0,128.23099
14678.0,144.3934
14709.0,151.94206
14737.0,105.65444
14679.0,105.475
14710.0,117.3101
14738.0,119.36282
14680.0,131.9228
14711.0,137.86914
14739.0,151.57478
14681.0,132.97289
14712.0,140.55919
14740.0,95.358154
15570.0,57.763638
15601.0,116.483635
15629.0,123.44866
15582.0,131.35489
15583.0,129.56422
15584.0,116.57752
15585.0,124.579346
15586.0,124.411476
15587.0,128.80537
15588.0,133.01772
15589.0,141.54065
15590.0,146.74222
15591.0,109.47007
15592.0,120.622665
15593.0,122.330734
15594.0,124.86168
15595.0,132.22224
15596.0,140.21571
15597.0,145.12332
15598.0,108.8746
15599.0,122.509514
15600.0,125.07889
15571.0,141.0668
15602.0,141.26752
15630.0,146.30115
15613.0,128.99536
15614.0,129.39857
15615.0,130.34239
15616.0,133.99146
15617.0,140.74644
15618.0,165.20625
15619.0,123.07339
15620.0,134.90942
15621.0,130.69753
15622.0,136.0135
15623.0,139.24379
15624.0,157.4779
15625.0,164.33502
15626.0,122.78458
15627.0,136.87558
15628.0,135.54643
15572.0,147.1445
15603.0,151.12595
15631.0,166.84676
15641.0,134.73045
15642.0,134.55316
15643.0,138.51706
15644.0,143.33759
15645.0,162.85422
15646.0,166.50282
15647.0,122.76559
15648.0,135.01096
15649.0,131.24261
15650.0,137.1527
15651.0,139.94713
15652.0,158.30153
15653.0,164.9936
15654.0,123.46021
15655.0,137.36044
15656.0,136.70378
15657.0,140.17114
15658.0,140.58704
15659.0,158.02095
15573.0,175.7151
15604.0,125.307686
15632.0,136.54659
15574.0,139.28838
15605.0,136.65926
15633.0,142.33907
15575.0,151.74245
15606.0,168.3062
15634.0,176.32533
15576.0,182.76134
15607.0,127.846436
15635.0,140.91911
15577.0,123.4358
15608.0,123.71018
15636.0,128.21289
15578.0,144.37529
15609.0,151.92395
15637.0,105.63633
15579.0,105.45689
15610.0,117.291985
15638.0,119.34471
15580.0,131.90471
15611.0,137.85104
15639.0,151.55667
15581.0,132.95477
15612.0,140.54108
15640.0,95.34004
16470.0,28.927103
16501.0,117.806274
16529.0,116.69698
16482.0,128.75974
16483.0,131.89748
16484.0,102.58309
16485.0,119.00395
16486.0,125.83219
16487.0,131.21588
16488.0,135.44748
16489.0,144.68889
16490.0,147.8548
16491.0,109.595825
16492.0,121.682945
16493.0,121.75257
16494.0,130.63126
16495.0,132.7839
16496.0,142.36157
16497.0,144.31895
16498.0,108.491066
16499.0,123.16049
16500.0,126.910805
16471.0,140.27779
16502.0,140.89969
16530.0,148.47592
16513.0,128.98697
16514.0,130.66844
16515.0,133.02667
16516.0,133.70305
16517.0,142.60352
16518.0,164.17323
16519.0,120.00659
16520.0,132.08391
16521.0,127.87201
16522.0,133.6994
16523.0,137.25305
16524.0,156.13051
16525.0,163.29355
16526.0,119.71778
16527.0,133.97737
16528.0,132.41971
16472.0,145.16249
16503.0,149.4369
16531.0,164.78192
16541.0,131.76794
16542.0,131.89186
16543.0,136.33582
16544.0,141.4797
16545.0,161.64813
16546.0,165.51549
16547.0,119.7445
16548.0,132.23112
16549.0,128.46278
16550.0,134.88428
16551.0,138.00208
16552.0,156.99982
16553.0,163.99783
16554.0,120.43165
16555.0,134.50046
16556.0,133.61528
16557.0,137.61797
16558.0,138.2308
16559.0,156.70847
16473.0,175.00705
16504.0,123.15223
16532.0,133.22296
16474.0,137.87477
16505.0,134.28966
16533.0,139.51958
16475.0,150.22838
16506.0,166.63293
16534.0,174.57704
16476.0,182.99039
16507.0,127.39288
16535.0,139.57516
16477.0,122.649994
16508.0,122.1353
16536.0,127.79508
16478.0,144.2755
16509.0,151.47292
16537.0,103.783516
16479.0,104.92536
16510.0,115.68732
16538.0,117.167
16480.0,131.46916
16511.0,137.01279
16539.0,150.72357
16481.0,132.50223
16512.0,139.45598
16540.0,93.42443
17370.0,30.670317
17401.0,117.13403
17429.0,115.42886
17382.0,128.95274
17383.0,131.99806
17384.0,102.53099
17385.0,122.30088
17386.0,125.90039
17387.0,130.57584
17388.0,135.37622
17389.0,144.6154
17390.0,147.14896
17391.0,109.595825
17392.0,121.02065
17393.0,121.75257
17394.0,130.63126
17395.0,132.65619
17396.0,142.32346
17397.0,144.47069
17398.0,107.826195
17399.0,122.47606
17400.0,126.302475
17371.0,139.63164
17402.0,140.53949
17430.0,148.15381
17413.0,129.0588
17414.0,130.46443
17415.0,132.92871
17416.0,133.70305
17417.0,141.73648
17418.0,164.17323
17419.0,120.00659
17420.0,132.08391
17421.0,127.87201
17422.0,133.6994
17423.0,137.25305
17424.0,156.13051
17425.0,163.29355
17426.0,119.71778
17427.0,133.97737
17428.0,132.41971
17372.0,145.16249
17403.0,149.4369
17431.0,164.78192
17441.0,131.76794
17442.0,131.89186
17443.0,136.33582
17444.0,141.4797
17445.0,161.64813
17446.0,165.51549
17447.0,119.7445
17448.0,132.23112
17449.0,128.46278
17450.0,134.88428
17451.0,138.00208
17452.0,156.99982
17453.0,163.99783
17454.0,120.367195
17455.0,134.50046
17456.0,133.61528
17457.0,137.61797
17458.0,138.2308
17459.0,156.70847
17373.0,175.00705
17404.0,123.15223
17432.0,133.22296
17374.0,137.87477
17405.0,134.28966
17433.0,139.51958
17375.0,150.22838
17406.0,166.63293
17434.0,174.57704
17376.0,182.99039
17407.0,127.39288
17435.0,139.57516
17377.0,122.649994
17408.0,122.1353
17436.0,127.79508
17378.0,144.2755
17409.0,151.47292
17437.0,103.783516
17379.0,104.92536
17410.0,115.68732
17438.0,117.167
17380.0,131.46916
17411.0,137.01279
17439.0,150.72357
17381.0,132.50223
17412.0,139.45598
17440.0,93.42443
18270.0,26.745052
18301.0,117.87245
18329.0,115.59952
18282.0,129.0897
18283.0,133.31787
18284.0,100.387314
18285.0,119.80749
18286.0,125.86965
18287.0,131.1719
18288.0,135.14682
18289.0,144.63347
18290.0,147.23108
18291.0,110.17662
18292.0,121.90814
18293.0,123.99099
18294.0,131.00185
18295.0,133.07245
18296.0,142.06284
18297.0,145.13608
18298.0,108.512215
18299.0,122.6994
18300.0,126.710075
18271.0,139.63164
18302.0,140.5922
18330.0,148.8183
18313.0,129.0588
18314.0,130.55705
18315.0,133.08466
18316.0,134.24373
18317.0,142.38916
18318.0,164.17323
18319.0,120.00659
18320.0,132.08391
18321.0,127.87201
18322.0,133.6994
18323.0,137.25305
18324.0,156.13051
18325.0,163.29355
18326.0,119.71778
18327.0,133.97737
18328.0,132.41971
18272.0,145.16249
18303.0,149.4369
18331.0,164.78192
18341.0,131.76794
18342.0,131.89186
18343.0,136.33582
18344.0,141.4797
18345.0,161.64813
18346.0,165.51549
18347.0,119.7445
18348.0,132.23112
18349.0,128.46278
18350.0,134.88428
18351.0,138.00208
18352.0,156.99982
18353.0,163.99783
18354.0,120.367195
18355.0,134.50046
18356.0,133.61528
18357.0,137.61797
18358.0,138.2308
18359.0,156.70847
18273.0,175.00705
18304.0,123.15223
18332.0,133.22296
18274.0,137.87477
18305.0,134.28966
18333.0,139.51958
18275.0,150.22838
18306.0,166.63293
18334.0,174.57704
18276.0,182.99039
18307.0,127.39288
18335.0,139.57516
18277.0,122.649994
18308.0,122.1353
18336.0,127.79508
18278.0,144.2755
18309.0,151.47292
18337.0,103.783516
18279.0,104.92536
18310.0,115.68732
18338.0,117.167
18280.0,131.46916
18311.0,137.01279
18339.0,150.72357
18281.0,132.50223
18312.0,139.45598
18340.0,93.46947
19170.0,57.547134
19201.0,108.67359
19229.0,124.23478
19182.0,126.22188
19183.0,132.47807
19184.0,108.8988
19185.0,125.96596
19186.0,122.93911
19187.0,123.77969
19188.0,135.09781
19189.0,140.55814
19190.0,143.84393
19191.0,107.880554
19192.0,120.333755
19193.0,122.00339
19194.0,126.41188
19195.0,130.98827
19196.0,140.73524
19197.0,143.40924
19198.0,107.80868
19199.0,120.20263
19200.0,122.73049
19171.0,137.55988
19202.0,141.58972
19230.0,147.26254
19213.0,127.47773
19214.0,128.75551
19215.0,129.98782
19216.0,131.43059
19217.0,141.94208
19218.0,164.45012
19219.0,120.28348
19220.0,132.3608
19221.0,128.14888
19222.0,133.97629
19223.0,137.52994
19224.0,156.4074
19225.0,163.57043
19226.0,119.99467
19227.0,134.25426
19228.0,132.6966
19172.0,145.43938
19203.0,149.71379
19231.0,165.0588
19241.0,132.04483
19242.0,132.16875
19243.0,136.6127
19244.0,141.75659
19245.0,161.92502
19246.0,165.79237
19247.0,120.021385
19248.0,132.50801
19249.0,128.73967
19250.0,135.16116
19251.0,138.27896
19252.0,157.2767
19253.0,164.27472
19254.0,120.64408
19255.0,134.77734
19256.0,133.89217
19257.0,137.89485
19258.0,138.50769
19259.0,156.98535
19173.0,175.28394
19204.0,123.42913
19232.0,133.49985
19174.0,138.15166
19205.0,134.56654
19233.0,139.79646
19175.0,150.50526
19206.0,166.90982
19234.0,174.85393
19176.0,183.26727
19207.0,127.66976
19235.0,139.85205
19177.0,122.92689
19208.0,122.412186
19236.0,128.07202
19178.0,144.55238
19209.0,151.7498
19237.0,104.0604
19179.0,105.20225
19210.0,115.9642
19238.0,117.443886
19180.0,131.74605
19211.0,137.28967
19239.0,151.00046
19181.0,132.77911
19212.0,139.73286
19240.0,93.74635
20070.0,19.961882
20101.0,116.2635
20129.0,113.82181
20082.0,126.70187
20083.0,128.11478
20084.0,99.50154
20085.0,117.21003
20086.0,124.12251
20087.0,130.5773
20088.0,135.00893
20089.0,144.53009
20090.0,147.65321
20091.0,111.29279
20092.0,122.68373
20093.0,124.106834
20094.0,131.4092
20095.0,132.49387
20096.0,143.37216
20097.0,144.09074
20098.0,108.75661
20099.0,122.99531
20100.0,126.73824
20071.0,139.52364
20102.0,139.67676
20130.0,147.34744
20113.0,128.26645
20114.0,129.07893
20115.0,132.07556
20116.0,133.76399
20117.0,142.69559
20118.0,163.16617
20119.0,119.287155
20120.0,131.36449
20121.0,127.20527
20122.0,133.08527
20123.0,136.2068
20124.0,155.4563
20125.0,162.79189
20126.0,120.01501
20127.0,134.37602
20128.0,131.52829
20072.0,145.06068
20103.0,148.67744
20131.0,164.01553
20141.0,131.86809
20142.0,131.34328
20143.0,135.5246
20144.0,140.45761
20145.0,160.99806
20146.0,165.23383
20147.0,119.96974
20148.0,132.45638
20149.0,128.46263
20150.0,134.9367
20151.0,137.62242
20152.0,156.99217
20153.0,164.16273
20154.0,121.33099
20155.0,135.65036
20156.0,133.47514
20157.0,136.7524
20158.0,137.29865
20159.0,156.14833
20073.0,174.48398
20104.0,123.13929
20132.0,132.97655
20074.0,137.86182
20105.0,134.2767
20133.0,139.18431
20075.0,149.46892
20106.0,166.38203
20134.0,174.55655
20076.0,182.9445
20107.0,127.53132
20135.0,139.48018
20077.0,122.79849
20108.0,122.534775
20136.0,127.34724
20078.0,146.11131
20109.0,152.22899
20137.0,104.1251
20079.0,105.314285
20110.0,115.83668
20138.0,117.08294
20080.0,132.88815
20111.0,137.29626
20139.0,151.13072
20081.0,133.3808
20112.0,140.03291
20140.0,93.395805
20970.0,46.329758
21001.0,121.16812
21029.0,115.699455
20982.0,130.94778
20983.0,130.63858
20984.0,99.68437
20985.0,122.895515
20986.0,122.21119
20987.0,126.506996
20988.0,134.1044
20989.0,144.0212
20990.0,146.56226
20991.0,109.441505
20992.0,121.16404
20993.0,121.46115
20994.0,127.525475
20995.0,131.09624
20996.0,141.86275
20997.0,142.41437
20998.0,108.23614
20999.0,122.46455
21000.0,124.912704
20971.0,138.07863
21002.0,139.93701
21030.0,145.61795
21013.0,127.63188
21014.0,126.98498
21015.0,128.65361
21016.0,132.0683
21017.0,141.38776
21018.0,163.16617
21019.0,119.287155
21020.0,131.36449
21021.0,127.20527
21022.0,133.08527
21023.0,136.2068
21024.0,155.4563
21025.0,162.79189
21026.0,120.01501
21027.0,134.37602
21028.0,131.52829
20972.0,145.06068
21003.0,148.67744
21031.0,164.01553
21041.0,131.86809
21042.0,131.34328
21043.0,135.5246
21044.0,140.45761
21045.0,160.99806
21046.0,165.23383
21047.0,119.96974
21048.0,132.45638
21049.0,128.46263
21050.0,134.9367
21051.0,137.62242
21052.0,156.99217
21053.0,164.16273
21054.0,121.33099
21055.0,135.65036
21056.0,133.47514
21057.0,136.7524
21058.0,137.29865
21059.0,156.14833
20973.0,174.48398
21004.0,123.13929
21032.0,132.97655
20974.0,137.86182
21005.0,134.2767
21033.0,139.18431
20975.0,149.46892
21006.0,166.38203
21034.0,174.55655
20976.0,182.9445
21007.0,127.53132
21035.0,139.48018
20977.0,122.79849
21008.0,122.534775
21036.0,127.34724
20978.0,146.11131
21009.0,152.22899
21037.0,104.1251
20979.0,105.314285
21010.0,115.83668
21038.0,117.08294
20980.0,132.88815
21011.0,137.29626
21039.0,151.13072
20981.0,133.34462
21012.0,140.03291
21040.0,93.395805
21870.0,59.577698
21901.0,118.094185
21929.0,119.254135
21882.0,129.26404
21883.0,131.54936
21884.0,108.157265
21885.0,130.80286
21886.0,122.73456
21887.0,126.86282
21888.0,133.17653
21889.0,143.77748
21890.0,147.01292
21891.0,109.02687
21892.0,121.92527
21893.0,120.739204
21894.0,126.53695
21895.0,131.72545
21896.0,139.088
21897.0,142.44391
21898.0,107.3134
21899.0,122.511856
21900.0,123.396706
21871.0,139.98383
21902.0,140.62766
21930.0,144.05597
21913.0,128.11946
21914.0,126.40006
21915.0,129.57338
21916.0,130.80525
21917.0,143.5694
21918.0,163.66495
21919.0,119.81317
21920.0,131.89049
21921.0,127.64471
21922.0,133.52469
21923.0,136.64622
21924.0,155.89572
21925.0,163.29066
21926.0,120.54101
21927.0,134.90202
21928.0,131.96771
21872.0,145.5001
21903.0,149.11687
21931.0,164.45496
21941.0,132.32047
21942.0,131.7827
21943.0,135.96402
21944.0,140.89703
21945.0,161.43748
21946.0,165.7326
21947.0,120.49574
21948.0,132.98238
21949.0,128.90205
21950.0,135.37613
21951.0,138.06184
21952.0,157.4316
21953.0,164.66151
21954.0,121.85701
21955.0,136.17636
21956.0,133.91457
21957.0,137.19182
21958.0,137.73807
21959.0,156.1958
21873.0,174.98276
21904.0,123.57872
21932.0,133.41597
21874.0,138.30124
21905.0,134.71613
21933.0,139.62373
21875.0,149.90834
21906.0,166.82146
21934.0,175.05533
21876.0,183.44328
21907.0,127.970795
21935.0,139.9196
21877.0,123.23793
21908.0,122.97421
21936.0,127.78666
21878.0,146.57994
21909.0,152.75697
21937.0,104.56454
21879.0,106.05571
21910.0,116.5781
21938.0,117.82436
21880.0,133.41565
21911.0,137.86432
21939.0,151.55597
21881.0,133.72932
21912.0,140.47697
21940.0,93.78052
22770.0,31.567589
22801.0,119.636604
22829.0,120.14121
22782.0,131.27449
22783.0,132.23817
22784.0,102.94392
22785.0,119.14086
22786.0,123.80615
22787.0,131.42726
22788.0,136.70216
22789.0,147.36266
22790.0,150.23499
22791.0,112.99289
22792.0,124.444916
22793.0,123.35403
22794.0,134.06293
22795.0,135.09
22796.0,146.22739
22797.0,148.30428
22798.0,109.91905
22799.0,123.642654
22800.0,126.12741
22771.0,140.37436
22802.0,142.53163
22830.0,150.07097
22813.0,128.60352
22814.0,130.92068
22815.0,133.90248
22816.0,135.94037
22817.0,145.58754
22818.0,165.79166
22819.0,120.63874
22820.0,133.5974
22821.0,129.9595
22822.0,136.78673
22823.0,140.52002
22824.0,159.98038
22825.0,165.00002
22826.0,120.54143
22827.0,134.90247
22828.0,132.98492
22772.0,147.743
22803.0,151.91078
22831.0,168.57217
22841.0,133.07874
22842.0,132.80429
22843.0,137.52107
22844.0,143.0051
22845.0,165.43118
22846.0,167.74017
22847.0,121.2022
22848.0,134.57014
22849.0,130.83144
22850.0,138.63817
22851.0,141.93562
22852.0,161.51625
22853.0,166.37086
22854.0,121.857445
22855.0,136.17679
22856.0,134.93176
22857.0,138.87991
22858.0,140.2613
22859.0,160.4834
22773.0,178.28677
22804.0,125.174034
22832.0,135.18239
22774.0,141.94775
22805.0,138.36264
22833.0,143.43826
22775.0,152.92229
22806.0,171.15874
22834.0,178.80606
22776.0,185.14851
22807.0,128.79105
22835.0,140.73985
22777.0,122.78694
22808.0,122.38059
22836.0,127.25939
22778.0,147.00395
22809.0,153.14174
22837.0,104.39942
22779.0,105.15348
22810.0,116.02712
22838.0,117.27341
22780.0,132.90172
22811.0,138.02525
22839.0,152.11371
22781.0,133.46234
22812.0,140.67595
22840.0,93.27596
23670.0,15.602758
23701.0,118.52617
23729.0,114.99515
23682.0,129.09935
23683.0,130.83385
23684.0,100.45553
23685.0,118.16528
23686.0,125.9532
23687.0,132.67749
23688.0,137.03943
23689.0,147.7892
23690.0,150.86063
23691.0,113.05071
23692.0,124.28939
23693.0,125.245514
23694.0,133.8557
23695.0,135.38754
23696.0,147.00192
23697.0,147.49716
23698.0,109.80388
23699.0,123.815
23700.0,127.305466
23671.0,141.61432
23702.0,143.25517
23730.0,150.37575
23713.0,129.31766
23714.0,130.57727
23715.0,133.90343
23716.0,136.38617
23717.0,146.06294
23718.0,165.9412
23719.0,120.769135
23720.0,133.7278
23721.0,130.0899
23722.0,136.91713
23723.0,140.64722
23724.0,160.10757
23725.0,165.12721
23726.0,120.64948
23727.0,135.01053
23728.0,133.09299
23672.0,147.74825
23703.0,151.93517
23731.0,168.59656
23741.0,133.08398
23742.0,132.80954
23743.0,137.59532
23744.0,143.09848
23745.0,165.52457
23746.0,167.88971
23747.0,121.332596
23748.0,134.70055
23749.0,130.96184
23750.0,138.76857
23751.0,142.06282
23752.0,161.64345
23753.0,166.49806
23754.0,121.9655
23755.0,136.28485
23756.0,135.03983
23757.0,138.73395
23758.0,140.13448
23759.0,160.35657
23673.0,178.31116
23704.0,125.179276
23732.0,135.18764
23674.0,141.953
23705.0,138.36789
23733.0,143.44351
23675.0,152.94667
23706.0,171.18312
23734.0,178.83044
23676.0,185.1729
23707.0,128.7963
23735.0,140.7451
23677.0,122.79218
23708.0,122.38583
23736.0,127.283775
23678.0,147.02834
23709.0,153.16612
23737.0,104.40466
23679.0,105.15872
23710.0,116.032364
23738.0,117.27865
23680.0,132.90697
23711.0,138.04964
23739.0,152.13809
23681.0,133.46759
23712.0,140.6812
23740.0,93.281204
24570.0,65.10361
24601.0,113.00062
24629.0,123.61995
24582.0,131.0531
24583.0,132.80005
24584.0,110.25546
24585.0,134.80049
24586.0,124.8093
24587.0,127.267265
24588.0,132.15262
24589.0,141.97165
24590.0,144.17073
24591.0,112.21299
24592.0,123.65859
24593.0,122.426765
24594.0,128.56589
24595.0,133.57915
24596.0,145.42949
24597.0,141.35474
24598.0,102.97663
24599.0,122.992584
24600.0,123.94956
24571.0,139.6793
24602.0,142.26823
24630.0,146.96796
24613.0,128.85378
24614.0,128.4792
24615.0,129.93481
24616.0,134.04932
24617.0,147.56612
24618.0,166.56264
24619.0,121.39059
24620.0,134.34924
24621.0,130.71135
24622.0,137.53857
24623.0,141.26866
24624.0,160.72902
24625.0,165.74866
24626.0,121.270935
24627.0,135.63197
24628.0,133.71443
24572.0,148.36969
24603.0,152.55661
24631.0,169.218
24641.0,133.70543
24642.0,133.43098
24643.0,138.21677
24644.0,143.71992
24645.0,166.14601
24646.0,168.51115
24647.0,121.95405
24648.0,135.32199
24649.0,131.58328
24650.0,139.39001
24651.0,142.68427
24652.0,162.2649
24653.0,167.1195
24654.0,122.58695
24655.0,136.9063
24656.0,135.66127
24657.0,139.3554
24658.0,140.75592
24659.0,160.97801
24573.0,178.9326
24604.0,125.80073
24632.0,135.80908
24574.0,142.57445
24605.0,138.98933
24633.0,144.06496
24575.0,153.56812
24606.0,171.80457
24634.0,179.45189
24576.0,185.79434
24607.0,129.41774
24635.0,141.36655
24577.0,123.113014
24608.0,122.706665
24636.0,127.60461
24578.0,147.34917
24609.0,153.48695
24637.0,104.725494
24579.0,105.47955
24610.0,116.353195
24638.0,117.59948
24580.0,133.2278
24611.0,138.37047
24639.0,152.45892
24581.0,133.78842
24612.0,141.00203
24640.0,93.602036
25470.0,50.00081
25501.0,119.2267
25529.0,115.59508
25482.0,126.015656
25483.0,134.64165
25484.0,100.73798
25485.0,125.620476
25486.0,122.12771
25487.0,126.79945
25488.0,135.04042
25489.0,143.74866
25490.0,149.5948
25491.0,109.436386
25492.0,120.55938
25493.0,121.47652
25494.0,127.93772
25495.0,133.1328
25496.0,143.54848
25497.0,146.15205
25498.0,107.48328
25499.0,121.924484
25500.0,125.261116
25471.0,138.769
25502.0,140.98799
25530.0,147.27452
25513.0,129.34036
25514.0,128.62315
25515.0,129.80136
25516.0,133.3097
25517.0,140.78537
25518.0,164.2031
25519.0,117.805214
25520.0,131.16147
25521.0,128.69351
25522.0,135.02986
25523.0,138.12103
25524.0,157.13864
25525.0,163.93826
25526.0,116.842926
25527.0,132.2902
25528.0,131.9738
25472.0,145.11633
25503.0,150.05963
25531.0,166.18102
25541.0,129.7156
25542.0,130.11606
25543.0,135.28989
25544.0,140.94206
25545.0,162.45335
25546.0,165.67944
25547.0,117.56501
25548.0,131.33055
25549.0,128.76178
25550.0,136.07764
25551.0,138.96172
25552.0,158.09737
25553.0,164.75964
25554.0,117.581764
25555.0,132.98738
25556.0,133.34349
25557.0,136.55629
25558.0,137.7749
25559.0,157.48886
25473.0,176.32263
25504.0,122.54612
25532.0,133.40315
25474.0,138.68753
25505.0,135.36716
25533.0,140.89651
25475.0,150.1606
25506.0,167.61166
25534.0,176.05344
25476.0,181.89127
25507.0,125.185486
25535.0,137.98303
25477.0,119.856346
25508.0,119.6871
25536.0,123.329834
25478.0,144.0525
25509.0,151.21297
25537.0,102.26596
25479.0,104.03025
25510.0,114.80538
25538.0,114.76877
25480.0,132.587
25511.0,136.15605
25539.0,149.45036
25481.0,131.257
25512.0,138.5819
25540.0,91.70495
26370.0,27.556425
26401.0,116.86537
26429.0,113.78388
26382.0,128.74007
26383.0,132.1635
26384.0,98.83964
26385.0,119.019485
26386.0,127.9633
26387.0,133.57433
26388.0,136.76672
26389.0,145.93175
26390.0,152.04337
26391.0,114.23634
26392.0,123.922295
26393.0,126.98896
26394.0,133.69463
26395.0,135.79251
26396.0,145.04245
26397.0,147.97171
26398.0,110.50303
26399.0,125.38758
26400.0,129.89937
26371.0,142.2717
26402.0,143.20699
26430.0,149.78831
26413.0,131.37962
26414.0,132.9258
26415.0,135.76024
26416.0,137.0592
26417.0,144.41554
26418.0,164.62521
26419.0,118.32966
26420.0,131.68591
26421.0,129.21796
26422.0,135.5543
26423.0,138.64548
26424.0,157.66309
26425.0,164.36038
26426.0,117.36736
26427.0,133.248
26428.0,132.9316
26372.0,145.64078
26403.0,150.58408
26431.0,166.70546
26441.0,130.24005
26442.0,130.6405
26443.0,135.81433
26444.0,141.4665
26445.0,162.9778
26446.0,166.10156
26447.0,118.089455
26448.0,131.855
26449.0,129.28622
26450.0,136.60208
26451.0,139.48616
26452.0,158.62181
26453.0,165.18176
26454.0,118.1062
26455.0,133.94518
26456.0,134.30128
26457.0,137.75032
26458.0,138.96893
26459.0,158.68289
26373.0,177.10394
26404.0,123.07058
26432.0,133.9276
26374.0,139.21198
26405.0,135.8916
26433.0,141.42096
26375.0,150.50653
26406.0,167.9576
26434.0,176.65623
26376.0,182.96956
26407.0,126.006935
26435.0,138.80446
26377.0,120.4271
26408.0,120.25785
26436.0,123.90059
26378.0,144.20619
26409.0,151.65729
26437.0,103.39776
26379.0,105.162056
26410.0,114.95906
26438.0,114.56532
26380.0,132.78217
26411.0,136.35121
26439.0,149.28839
26381.0,131.44142
26412.0,138.90181
26440.0,92.86747
27270.0,42.95123
27301.0,115.807945
27329.0,115.33527
27282.0,128.92902
27283.0,133.32979
27284.0,102.355934
27285.0,122.192696
27286.0,123.68852
27287.0,130.26865
27288.0,135.5834
27289.0,144.39812
27290.0,151.30295
27291.0,112.98718
27292.0,122.88942
27293.0,123.77859
27294.0,131.73668
27295.0,133.8049
27296.0,144.28342
27297.0,146.78885
27298.0,108.03311
27299.0,124.93851
27300.0,126.925285
27271.0,138.94801
27302.0,142.99397
27330.0,148.54665
27313.0,132.08324
27314.0,131.91066
27315.0,132.52914
27316.0,133.32365
27317.0,141.86615
27318.0,164.62521
27319.0,118.32966
27320.0,131.68591
27321.0,129.21796
27322.0,135.5543
27323.0,138.64548
27324.0,157.66309
27325.0,164.36038
27326.0,117.36736
27327.0,133.248
27328.0,132.9316
27272.0,145.64078
27303.0,150.58408
27331.0,166.70546
27341.0,130.24005
27342.0,130.6405
27343.0,135.81433
27344.0,141.4665
27345.0,162.9778
27346.0,166.10156
27347.0,118.089455
27348.0,131.855
27349.0,129.28622
27350.0,136.60208
27351.0,139.48616
27352.0,158.62181
27353.0,165.18176
27354.0,118.1062
27355.0,133.94518
27356.0,134.30128
27357.0,137.75032
27358.0,138.96893
27359.0,158.68289
27273.0,177.10394
27304.0,123.07058
27332.0,133.9276
27274.0,139.24211
27305.0,135.8916
27333.0,141.42096
27275.0,150.50653
27306.0,167.9576
27334.0,176.65623
27276.0,182.96956
27307.0,126.006935
27335.0,138.80446
27277.0,120.4271
27308.0,120.25785
27336.0,123.90059
27278.0,144.20619
27309.0,151.65729
27337.0,103.39776
27279.0,105.162056
27310.0,114.95906
27338.0,114.56532
27280.0,132.78217
27311.0,136.35121
27339.0,149.28839
27281.0,131.5506
27312.0,139.01099
27340.0,92.97664
28170.0,29.619629
28201.0,118.0715
28229.0,115.28843
28182.0,127.961975
28183.0,131.67807
28184.0,101.08704
28185.0,117.72275
28186.0,128.49493
28187.0,132.6834
28188.0,136.89404
28189.0,146.10176
28190.0,152.06857
28191.0,114.53682
28192.0,125.90367
28193.0,127.51883
28194.0,134.16441
28195.0,135.64136
28196.0,145.44754
28197.0,147.93082
28198.0,110.31273
28199.0,125.75832
28200.0,130.42924
28171.0,141.66861
28202.0,143.3343
28230.0,149.59111
28213.0,132.481
28214.0,133.3199
28215.0,136.6038
28216.0,136.27792
28217.0,145.37965
28218.0,164.65042
28219.0,118.35487
28220.0,131.71112
28221.0,129.24316
28222.0,136.03065
28223.0,139.12183
28224.0,158.13943
28225.0,164.38559
28226.0,117.39258
28227.0,133.27321
28228.0,132.9568
28172.0,146.27374
28203.0,151.21704
28231.0,167.33842
28241.0,130.28609
28242.0,130.68654
28243.0,136.44728
28244.0,142.09946
28245.0,163.61075
28246.0,166.28337
28247.0,118.271255
28248.0,132.0368
28249.0,129.46803
28250.0,137.23503
28251.0,140.11911
28252.0,159.25476
28253.0,165.36357
28254.0,118.288
28255.0,134.12698
28256.0,134.4831
28257.0,138.38327
28258.0,139.60188
28259.0,159.31584
28173.0,177.28577
28204.0,123.252396
28232.0,134.1094
28174.0,139.26732
28205.0,135.91681
28233.0,141.89731
28175.0,150.98288
28206.0,168.43394
28234.0,176.68144
28176.0,182.99477
28207.0,126.03215
28235.0,138.82967
28177.0,120.560646
28208.0,120.73419
28236.0,124.37691
28178.0,144.68254
28209.0,151.6825
28237.0,103.14249
28179.0,104.88157
28210.0,114.67859
28238.0,114.284836
28180.0,132.84735
28211.0,136.69688
28239.0,149.63406
28181.0,132.00174
28212.0,139.01099
28240.0,92.69617
29070.0,50.30406
29101.0,115.867424
29129.0,116.46486
29082.0,130.12364
29083.0,132.97557
29084.0,105.11308
29085.0,122.31711
29086.0,123.198074
29087.0,130.28214
29088.0,136.80963
29089.0,144.95082
29090.0,150.29889
29091.0,110.13169
29092.0,122.70842
29093.0,124.70609
29094.0,130.12428
29095.0,133.71582
29096.0,144.35895
29097.0,148.44815
29098.0,109.78719
29099.0,123.17775
29100.0,127.73604
29071.0,138.9029
29102.0,142.59612
29130.0,148.68886
29113.0,129.71706
29114.0,130.12874
29115.0,132.93906
29116.0,132.6476
29117.0,140.80469
29118.0,164.49016
29119.0,118.16818
29120.0,131.52444
29121.0,129.05649
29122.0,135.84398
29123.0,138.55406
29124.0,157.57167
29125.0,163.81783
29126.0,116.798386
29127.0,132.67903
29128.0,132.36263
29072.0,146.07062
29103.0,151.04033
29131.0,167.16168
29141.0,130.08295
29142.0,130.4834
29143.0,136.2606
29144.0,141.9392
29145.0,163.45049
29146.0,166.12311
29147.0,118.084564
29148.0,131.85013
29149.0,129.28136
29150.0,137.04836
29151.0,139.55135
29152.0,158.687
29153.0,164.7958
29154.0,117.69381
29155.0,133.5328
29156.0,133.88892
29157.0,137.7891
29158.0,139.03412
29159.0,158.74808
29073.0,177.10904
29104.0,122.873604
29132.0,133.73064
29074.0,138.88855
29105.0,135.53804
29133.0,141.51854
29075.0,150.517
29106.0,167.96806
29134.0,176.21556
29076.0,182.53586
29107.0,125.65341
29135.0,138.45091
29077.0,120.15613
29108.0,120.32967
29136.0,123.89227
29078.0,144.4687
29109.0,151.22302
29137.0,102.73797
29079.0,104.47705
29110.0,114.27407
29138.0,113.88032
29080.0,132.44284
29111.0,136.08238
29139.0,149.42023
29081.0,131.9979
29112.0,138.7615
29140.0,92.29165
29970.0,18.876032
30001.0,116.47618
30029.0,112.80091
29982.0,126.60966
29983.0,129.24725
29984.0,98.88493
29985.0,116.89563
29986.0,128.17941
29987.0,134.37358
29988.0,137.22241
29989.0,146.65892
29990.0,151.69138
29991.0,113.70372
29992.0,125.888084
29993.0,127.51488
29994.0,135.2931
29995.0,136.28806
29996.0,145.91794
29997.0,148.2507
29998.0,111.199684
29999.0,125.40815
30000.0,130.20314
29971.0,142.15869
30002.0,143.20915
30030.0,149.5692
30013.0,131.78462
30014.0,132.80107
30015.0,135.87254
30016.0,137.018
30017.0,145.16759
30018.0,164.16217
30019.0,118.018036
30020.0,131.37427
30021.0,128.90631
30022.0,135.54936
30023.0,138.25945
30024.0,157.10327
30025.0,163.10022
30026.0,116.258606
30027.0,132.13924
30028.0,131.82283
29972.0,146.06961
30003.0,151.03932
30031.0,166.98694
30041.0,130.08195
30042.0,130.4824
30043.0,136.25961
30044.0,141.9382
30045.0,163.27571
30046.0,165.9443
30047.0,118.08359
30048.0,131.84914
30049.0,129.28036
30050.0,136.7013
30051.0,139.20428
30052.0,158.16615
30053.0,164.02576
30054.0,117.101585
30055.0,132.94057
30056.0,133.29668
30057.0,137.50351
30058.0,138.74854
30059.0,158.28871
29973.0,176.9314
30004.0,123.32877
30032.0,134.1858
29974.0,138.82321
30005.0,135.33601
30033.0,141.06989
29975.0,150.20389
30006.0,167.48119
30034.0,175.72466
29976.0,182.04492
30007.0,125.48006
30035.0,138.27756
29977.0,119.6776
30008.0,120.010994
30036.0,123.57358
29978.0,144.03062
30009.0,150.78091
30037.0,102.25945
29979.0,104.1054
30010.0,113.902405
30038.0,113.50865
29980.0,132.12973
30011.0,135.76927
30039.0,149.0162
29981.0,131.59387
30012.0,138.29153
30040.0,92.019196
30870.0,46.074707
30901.0,115.98492
30929.0,119.308014
30882.0,126.57674
30883.0,132.35033
30884.0,101.08413
30885.0,117.253716
30886.0,124.539665
30887.0,128.7215
30888.0,136.63242
30889.0,145.81725
30890.0,149.93716
30891.0,111.01489
30892.0,122.513
30893.0,122.883316
30894.0,129.4622
30895.0,134.24036
30896.0,143.81
30897.0,148.59238
30898.0,110.50211
30899.0,125.00514
30900.0,127.45044
30871.0,138.95453
30902.0,142.91017
30930.0,148.36491
30913.0,129.07588
30914.0,130.54897
30915.0,131.36008
30916.0,134.28232
30917.0,143.59312
30918.0,164.16217
30919.0,118.018036
30920.0,131.37427
30921.0,128.90631
30922.0,135.54936
30923.0,138.25945
30924.0,157.10327
30925.0,163.10022
30926.0,116.258606
30927.0,132.13924
30928.0,131.82283
30872.0,146.06961
30903.0,151.03932
30931.0,166.98694
30941.0,130.08195
30942.0,130.4824
30943.0,136.25961
30944.0,141.9382
30945.0,163.27571
30946.0,165.9443
30947.0,118.08359
30948.0,131.84914
30949.0,129.28036
30950.0,136.7013
30951.0,139.20428
30952.0,158.16615
30953.0,164.02576
30954.0,117.101585
30955.0,132.94057
30956.0,133.29668
30957.0,137.50351
30958.0,138.74854
30959.0,158.28871
30873.0,176.9314
30904.0,123.32877
30932.0,134.1858
30874.0,138.82321
30905.0,135.33601
30933.0,141.06989
30875.0,150.20389
30906.0,167.48119
30934.0,175.72466
30876.0,182.04492
30907.0,125.48006
30935.0,138.27756
30877.0,119.6776
30908.0,120.010994
30936.0,123.57358
30878.0,144.03062
30909.0,150.78091
30937.0,102.25945
30879.0,104.1054
30910.0,113.902405
30938.0,113.50865
30880.0,132.12973
30911.0,135.76927
30939.0,149.0162
30881.0,131.59387
30912.0,138.29153
30940.0,92.019196
31770.0,55.83216
31801.0,117.171104
31829.0,117.22248
31782.0,132.12209
31783.0,133.39664
31784.0,108.22854
31785.0,124.8502
31786.0,123.35101
31787.0,128.76135
31788.0,135.35292
31789.0,146.7686
31790.0,143.15907
31791.0,111.35606
31792.0,123.25094
31793.0,123.58405
31794.0,129.08086
31795.0,134.73984
31796.0,141.25919
31797.0,148.5828
31798.0,108.595985
31799.0,124.13649
31800.0,124.92721
31771.0,140.04277
31802.0,141.72841
31830.0,147.62334
31813.0,129.18762
31814.0,128.16418
31815.0,131.10016
31816.0,133.79033
31817.0,143.92812
31818.0,164.02864
31819.0,117.88446
31820.0,131.24074
31821.0,128.77278
31822.0,135.60558
31823.0,138.91469
31824.0,156.96974
31825.0,162.96669
31826.0,116.12506
31827.0,132.0057
31828.0,131.6893
31772.0,145.86261
31803.0,150.6887
31831.0,166.59018
31841.0,129.99857
31842.0,130.39902
31843.0,136.31583
31844.0,142.59344
31845.0,163.14218
31846.0,165.81078
31847.0,117.95001
31848.0,131.7156
31849.0,129.14684
31850.0,136.7575
31851.0,139.85953
31852.0,158.03262
31853.0,163.89223
31854.0,116.96804
31855.0,132.80704
31856.0,133.16315
31857.0,137.55971
31858.0,139.40378
31859.0,158.15518
31773.0,176.53464
31804.0,122.98286
31832.0,133.83989
31774.0,138.4773
31805.0,134.9901
31833.0,140.91371
31775.0,149.9041
31806.0,167.13525
31834.0,175.37872
31776.0,181.46344
31807.0,124.99432
31835.0,137.69604
31777.0,119.00795
31808.0,119.5311
31836.0,123.45329
31778.0,143.54602
31809.0,150.29631
31837.0,101.87059
31779.0,103.71654
31810.0,113.41778
31838.0,113.024025
31780.0,131.83487
31811.0,135.83405
31839.0,148.5316
31781.0,131.30852
31812.0,137.75896
31840.0,91.682625
32670.0,20.003838
32701.0,118.546906
32729.0,114.86524
32682.0,129.40625
32683.0,132.04276
32684.0,100.92391
32685.0,118.23317
32686.0,128.79468
32687.0,134.8396
32688.0,138.8456
32689.0,148.60744
32690.0,153.08499
32691.0,116.3097
32692.0,125.658066
32693.0,128.09508
32694.0,136.48499
32695.0,136.9822
32696.0,146.4657
32697.0,149.5752
32698.0,113.4514
32699.0,127.48859
32700.0,131.72235
32671.0,142.30928
32702.0,142.76248
32730.0,149.81953
32713.0,132.71683
32714.0,133.82559
32715.0,137.56137
32716.0,138.74998
32717.0,146.4941
32718.0,164.09566
32719.0,118.98085
32720.0,131.37042
32721.0,128.90247
32722.0,136.92137
32723.0,140.13249
32724.0,157.6155
32725.0,163.41022
32726.0,117.46188
32727.0,132.05618
32728.0,131.73978
32672.0,146.12854
32703.0,150.50911
32731.0,166.36374
32741.0,130.12825
32742.0,130.5287
32743.0,137.63545
32744.0,143.82481
32745.0,163.8015
32746.0,166.29991
32747.0,119.0464
32748.0,131.84529
32749.0,129.27652
32750.0,138.0733
32751.0,141.07733
32752.0,158.67838
32753.0,164.30522
32754.0,117.868065
32755.0,132.42073
32756.0,132.77684
32757.0,138.4794
32758.0,140.22548
32759.0,158.40483
32673.0,176.13803
32704.0,124.83076
32732.0,134.72105
32674.0,139.58078
32705.0,136.09358
32733.0,141.402
32675.0,150.06883
32706.0,167.25317
32734.0,175.32645
32676.0,181.20851
32707.0,127.05722
32735.0,138.7923
32677.0,120.853546
32708.0,121.03156
32736.0,124.85136
32678.0,144.1134
32709.0,150.96349
32737.0,104.56407
32679.0,105.894844
32710.0,115.47898
32738.0,115.33043
32680.0,133.48692
32711.0,137.37357
32739.0,150.02043
32681.0,132.05885
32712.0,139.083
32740.0,94.85215
33570.0,54.211433
33601.0,119.92878
33629.0,113.39725
33582.0,131.67596
33583.0,133.32661
33584.0,112.854904
33585.0,120.93242
33586.0,124.088905
33587.0,128.78262
33588.0,133.86357
33589.0,144.53699
33590.0,150.67375
33591.0,112.92463
33592.0,121.56212
33593.0,123.868805
33594.0,128.87529
33595.0,134.70108
33596.0,144.5188
33597.0,145.72223
33598.0,110.23858
33599.0,125.0294
33600.0,125.69782
33571.0,140.06702
33602.0,139.56569
33630.0,147.61621
33613.0,131.02293
33614.0,130.2515
33615.0,132.57584
33616.0,135.69139
33617.0,142.71902
33618.0,164.18587
33619.0,119.071075
33620.0,131.45964
33621.0,128.99168
33622.0,137.01059
33623.0,140.22171
33624.0,157.70471
33625.0,163.3899
33626.0,117.44155
33627.0,132.03586
33628.0,131.71945
33572.0,146.21875
33603.0,150.59932
33631.0,166.45395
33641.0,130.21846
33642.0,130.61891
33643.0,137.72566
33644.0,143.91502
33645.0,163.89171
33646.0,166.39012
33647.0,119.13663
33648.0,131.93451
33649.0,129.36574
33650.0,138.16252
33651.0,141.16655
33652.0,158.7676
33653.0,164.2849
33654.0,117.84773
33655.0,132.4004
33656.0,132.75652
33657.0,138.45908
33658.0,140.20515
33659.0,158.3845
33573.0,176.22824
33604.0,124.92098
33632.0,134.81126
33574.0,139.67099
33605.0,136.18379
33633.0,141.4922
33575.0,150.15904
33606.0,167.34338
33634.0,175.41666
33576.0,181.29872
33607.0,127.147446
33635.0,138.8825
33577.0,120.94377
33608.0,121.12179
33636.0,124.94158
33578.0,144.20361
33609.0,151.0537
33637.0,104.6543
33579.0,105.98507
33610.0,115.56921
33638.0,115.420654
33580.0,133.57713
33611.0,137.46378
33639.0,150.11064
33581.0,132.14906
33612.0,139.1732
33640.0,94.85215
34470.0,30.45434
34501.0,118.23084
34529.0,116.00728
34482.0,130.65755
34483.0,132.20139
34484.0,104.09683
34485.0,119.047905
34486.0,130.7409
34487.0,134.9167
34488.0,140.03903
34489.0,149.79495
34490.0,154.74072
34491.0,117.30656
34492.0,126.340294
34493.0,130.06908
34494.0,138.24692
34495.0,138.74791
34496.0,148.23047
34497.0,150.46277
34498.0,115.675
34499.0,128.80713
34500.0,131.69608
34471.0,142.34157
34502.0,144.97157
34530.0,151.8794
34513.0,136.37607
34514.0,137.20169
34515.0,140.31613
34516.0,139.80792
34517.0,148.5356
34518.0,163.761
34519.0,121.11483
34520.0,133.05644
34521.0,130.01775
34522.0,137.537
34523.0,141.66217
34524.0,157.5127
34525.0,163.15381
34526.0,118.77865
34527.0,133.34042
34528.0,132.76833
34472.0,148.42819
34503.0,153.041
34531.0,166.76086
34541.0,132.47702
34542.0,132.42203
34543.0,139.74773
34544.0,146.09528
34545.0,164.01323
34546.0,165.9468
34547.0,121.682686
34548.0,134.03363
34549.0,130.89412
34550.0,139.19125
34551.0,143.10933
34552.0,158.57558
34553.0,163.52803
34554.0,119.184845
34555.0,133.70497
34556.0,133.80539
34557.0,139.50795
34558.0,142.30763
34559.0,158.35219
34473.0,175.54707
34504.0,127.09645
34532.0,136.99431
34474.0,140.31064
34505.0,137.35297
34533.0,142.79506
34475.0,151.2219
34506.0,166.97102
34534.0,174.555
34476.0,179.82137
34507.0,129.3038
34535.0,141.04631
34477.0,122.51298
34508.0,122.260315
34536.0,125.14743
34478.0,142.86049
34509.0,148.7225
34537.0,105.58915
34479.0,106.91992
34510.0,116.511566
34538.0,116.00826
34480.0,134.81995
34511.0,138.20016
34539.0,148.91885
34481.0,132.61467
34512.0,138.65077
34540.0,95.65453
35370.0,20.203924
35401.0,117.558754
35429.0,114.74723
35382.0,129.5012
35383.0,130.97714
35384.0,101.02157
35385.0,117.67139
35386.0,131.84024
35387.0,137.7874
35388.0,140.44174
35389.0,149.03062
35390.0,154.04417
35391.0,118.58659
35392.0,127.72994
35393.0,129.93904
35394.0,137.97585
35395.0,138.80658
35396.0,147.06902
35397.0,149.65862
35398.0,114.861595
35399.0,128.1944
35400.0,132.33195
35371.0,146.15474
35402.0,145.10074
35430.0,152.1768
35413.0,136.34303
35414.0,136.46767
35415.0,139.77168
35416.0,140.84268
35417.0,148.33789
35418.0,163.09549
35419.0,121.11483
35420.0,133.05644
35421.0,130.01775
35422.0,137.537
35423.0,141.66217
35424.0,156.11333
35425.0,161.4842
35426.0,118.77865
35427.0,133.34042
35428.0,132.76833
35372.0,148.42819
35403.0,153.041
35431.0,166.30792
35441.0,132.47702
35442.0,132.42203
35443.0,139.74773
35444.0,146.09528
35445.0,162.9002
35446.0,165.28128
35447.0,121.682686
35448.0,134.03363
35449.0,130.89412
35450.0,139.19125
35451.0,143.10933
35452.0,157.17621
35453.0,161.85843
35454.0,119.184845
35455.0,133.70497
35456.0,133.80539
35457.0,139.50795
35458.0,142.30763
35459.0,156.95282
35373.0,175.13036
35404.0,127.09645
35432.0,136.99431
35374.0,140.31064
35405.0,137.35297
35433.0,142.79506
35375.0,151.24371
35406.0,166.53993
35434.0,174.1601
35376.0,179.42647
35407.0,129.09055
35435.0,141.06813
35377.0,122.5348
35408.0,122.282135
35436.0,125.16925
35378.0,142.40755
35409.0,148.30579
35437.0,105.58915
35379.0,106.91992
35410.0,116.511566
35438.0,116.00826
35380.0,134.81995
35411.0,138.20016
35439.0,148.46591
35381.0,132.16173
35412.0,138.23405
35440.0,95.65453
36270.0,16.637918
36301.0,116.4472
36329.0,113.54566
36282.0,128.46735
36283.0,130.91434
36284.0,100.27912
36285.0,117.265945
36286.0,131.33499
36287.0,138.67831
36288.0,140.6182
36289.0,149.74896
36290.0,154.5048
36291.0,118.612045
36292.0,127.66423
36293.0,129.87491
36294.0,138.11183
36295.0,139.11908
36296.0,147.06902
36297.0,149.32295
36298.0,115.049706
36299.0,128.21985
36300.0,133.02574
36271.0,146.25099
36302.0,145.10074
36330.0,152.07774
36313.0,135.52727
36314.0,136.3409
36315.0,140.02013
36316.0,140.91339
36317.0,148.0651
36318.0,163.09549
36319.0,121.117546
36320.0,133.05914
36321.0,130.02045
36322.0,137.5397
36323.0,141.66217
36324.0,156.11333
36325.0,161.4842
36326.0,118.781364
36327.0,133.34312
36328.0,132.77103
36272.0,148.43088
36303.0,153.041
36331.0,166.30792
36341.0,132.47972
36342.0,132.42473
36343.0,139.75043
36344.0,146.09528
36345.0,162.9002
36346.0,165.28128
36347.0,121.6854
36348.0,134.03633
36349.0,130.89682
36350.0,139.19395
36351.0,143.10933
36352.0,157.17621
36353.0,161.85843
36354.0,119.18756
36355.0,133.70767
36356.0,133.80809
36357.0,139.51065
36358.0,142.30763
36359.0,156.95282
36273.0,175.13036
36304.0,127.09915
36332.0,136.99701
36274.0,140.0476
36305.0,137.35567
36333.0,142.79774
36275.0,151.24371
36306.0,166.53993
36334.0,174.1601
36276.0,179.42647
36307.0,129.32547
36335.0,141.30305
36277.0,122.60912
36308.0,122.35646
36336.0,125.16925
36278.0,142.40755
36309.0,148.30579
36337.0,105.82409
36279.0,107.15486
36310.0,116.746506
36338.0,116.08259
36280.0,134.89426
36311.0,138.20016
36339.0,148.46591
36281.0,132.16173
36312.0,138.23405
36340.0,95.88947
37170.0,24.38698
37201.0,116.89114
37229.0,114.38581
37182.0,129.28299
37183.0,130.83528
37184.0,100.592
37185.0,119.93038
37186.0,131.33499
37187.0,138.06876
37188.0,140.5805
37189.0,149.28648
37190.0,153.86342
37191.0,117.85099
37192.0,127.755394
37193.0,129.87491
37194.0,138.44104
37195.0,139.58884
37196.0,146.43513
37197.0,149.8282
37198.0,115.49891
37199.0,127.94005
37200.0,133.04344
37171.0,146.2029
37202.0,145.10074
37230.0,152.07774
37213.0,136.06612
37214.0,136.44151
37215.0,139.85036
37216.0,140.74362
37217.0,147.34991
37218.0,163.09549
37219.0,121.117546
37220.0,133.05914
37221.0,130.02045
37222.0,137.5397
37223.0,141.66217
37224.0,156.11333
37225.0,161.4842
37226.0,118.781364
37227.0,133.34312
37228.0,132.77103
37172.0,148.43088
37203.0,153.041
37231.0,166.30792
37241.0,132.47972
37242.0,132.42473
37243.0,139.75043
37244.0,146.09528
37245.0,162.9002
37246.0,165.28128
37247.0,121.6854
37248.0,134.03633
37249.0,130.89682
37250.0,139.19395
37251.0,143.10933
37252.0,157.17621
37253.0,161.85843
37254.0,119.18756
37255.0,133.70767
37256.0,133.80809
37257.0,139.51065
37258.0,142.30763
37259.0,156.95282
37173.0,175.13036
37204.0,127.09915
37232.0,136.99701
37174.0,140.0476
37205.0,137.35567
37233.0,142.79774
37175.0,151.24371
37206.0,166.53993
37234.0,174.1601
37176.0,179.42647
37207.0,129.32547
37235.0,141.30305
37177.0,122.60912
37208.0,122.35646
37236.0,125.16925
37178.0,142.40755
37209.0,148.30579
37237.0,105.82409
37179.0,107.15486
37210.0,116.746506
37238.0,116.08259
37180.0,134.89426
37211.0,138.20016
37239.0,148.46591
37181.0,132.16173
37212.0,138.23405
37240.0,95.88947
38070.0,35.812473
38101.0,119.703545
38129.0,115.73243
38082.0,130.09137
38083.0,131.76984
38084.0,103.09634
38085.0,119.00332
38086.0,131.2747
38087.0,137.7891
38088.0,140.44128
38089.0,148.9694
38090.0,153.43231
38091.0,114.69271
38092.0,126.75372
38093.0,126.63084
38094.0,134.59563
38095.0,138.46075
38096.0,146.08185
38097.0,150.49573
38098.0,115.19448
38099.0,127.565
38100.0,131.34532
38071.0,142.78033
38102.0,144.87524
38130.0,150.1197
38113.0,135.59164
38114.0,135.4141
38115.0,140.14655
38116.0,139.81688
38117.0,146.1217
38118.0,163.09549
38119.0,121.117546
38120.0,133.05914
38121.0,130.02045
38122.0,137.5397
38123.0,141.66217
38124.0,156.11333
38125.0,161.4842
38126.0,118.781364
38127.0,133.34312
38128.0,132.77103
38072.0,148.43088
38103.0,153.041
38131.0,166.30792
38141.0,132.47972
38142.0,132.42473
38143.0,139.75043
38144.0,146.09528
38145.0,162.9002
38146.0,165.28128
38147.0,121.6854
38148.0,134.03633
38149.0,130.89682
38150.0,139.19395
38151.0,143.10933
38152.0,157.17621
38153.0,161.85843
38154.0,119.18756
38155.0,133.70767
38156.0,133.80809
38157.0,139.51065
38158.0,142.30763
38159.0,156.95282
38073.0,175.13036
38104.0,127.09915
38132.0,136.99701
38074.0,140.0476
38105.0,137.35567
38133.0,142.79774
38075.0,151.24371
38106.0,166.53993
38134.0,174.18149
38076.0,179.44786
38107.0,129.32547
38135.0,141.30305
38077.0,122.60912
38108.0,122.35646
38136.0,125.16925
38078.0,142.40755
38109.0,148.29085
38137.0,105.82409
38079.0,107.15486
38110.0,116.746506
38138.0,116.08259
38080.0,135.0751
38111.0,138.38101
38139.0,148.64676
38081.0,132.16173
38112.0,138.23405
38140.0,95.88947
38970.0,20.187675
39001.0,116.56574
39029.0,113.13643
38982.0,128.39229
38983.0,129.3699
38984.0,100.93433
38985.0,117.87761
38986.0,131.4939
38987.0,137.88417
38988.0,140.3742
38989.0,149.05853
38990.0,153.45128
38991.0,117.562004
38992.0,127.845
38993.0,129.70361
38994.0,138.12202
38995.0,138.41354
38996.0,146.02303
38997.0,149.02888
38998.0,114.8214
38999.0,127.87018
39000.0,131.9507
38971.0,146.43916
39002.0,144.49417
39030.0,151.58131
39013.0,135.90694
39014.0,136.60286
39015.0,140.28209
39016.0,140.48172
39017.0,147.22147
39018.0,162.70753
39019.0,121.203476
39020.0,133.14507
39021.0,130.10637
39022.0,137.62563
39023.0,141.7481
39024.0,155.72537
39025.0,161.01033
39026.0,118.781364
39027.0,133.34312
39028.0,132.77103
38972.0,148.5168
39003.0,153.12692
39031.0,165.91316
39041.0,132.56564
39042.0,132.51065
39043.0,139.83635
39044.0,146.1812
39045.0,162.50546
39046.0,164.88654
39047.0,121.77133
39048.0,134.12225
39049.0,130.98274
39050.0,139.27988
39051.0,143.19525
39052.0,156.3814
39053.0,160.97769
39054.0,118.78749
39055.0,133.3076
39056.0,133.40802
39057.0,139.11058
39058.0,141.90756
39059.0,156.07208
38973.0,174.73561
39004.0,127.18508
39032.0,137.08293
38974.0,140.13353
39005.0,137.44159
39033.0,142.88367
38975.0,151.32964
39006.0,166.14519
39034.0,173.78674
38976.0,179.05312
39007.0,129.41139
39035.0,141.38898
38977.0,122.69505
39008.0,122.44239
39036.0,125.25518
38978.0,142.0128
39009.0,147.8961
39037.0,105.91002
38979.0,107.18683
39010.0,116.77847
39038.0,116.114555
38980.0,135.10707
39011.0,138.41298
39039.0,148.19806
38981.0,132.1937
39012.0,138.26602
39040.0,95.92144
39870.0,56.810795
39901.0,120.88194
39929.0,120.701324
39882.0,126.26587
39883.0,130.28152
39884.0,109.25624
39885.0,118.07829
39886.0,125.58771
39887.0,131.5091
39888.0,137.25996
39889.0,146.21638
39890.0,151.23929
39891.0,117.139755
39892.0,123.84935
39893.0,119.5255
39894.0,133.25148
39895.0,135.91663
39896.0,143.39236
39897.0,145.70612
39898.0,113.10805
39899.0,124.732994
39900.0,128.37012
39871.0,133.86356
39902.0,144.36293
39930.0,146.03015
39913.0,131.87473
39914.0,132.2831
39915.0,137.1558
39916.0,136.38719
39917.0,144.23445
39918.0,163.48816
39919.0,121.90006
39920.0,133.84164
39921.0,130.80295
39922.0,138.3222
39923.0,142.44467
39924.0,156.43623
39925.0,161.72119
39926.0,119.47797
39927.0,134.13777
39928.0,133.56567
39872.0,149.2134
39903.0,153.82349
39931.0,166.6938
39941.0,133.26222
39942.0,133.20723
39943.0,140.53293
39944.0,146.87778
39945.0,163.28609
39946.0,165.66716
39947.0,122.46793
39948.0,134.81883
39949.0,131.67932
39950.0,139.97646
39951.0,143.89183
39952.0,157.09225
39953.0,161.68855
39954.0,119.48408
39955.0,134.10225
39956.0,134.20267
39957.0,140.00665
39958.0,142.80363
39959.0,156.38481
39873.0,175.36661
39904.0,127.881615
39932.0,137.77951
39874.0,140.83011
39905.0,138.13817
39933.0,143.58025
39875.0,152.13237
39906.0,167.03197
39934.0,174.67352
39876.0,179.79027
39907.0,130.24303
39935.0,142.22061
39877.0,123.4742
39908.0,122.86723
39936.0,125.680016
39878.0,142.34895
39909.0,148.38188
39937.0,106.66121
39879.0,107.93802
39910.0,117.52966
39938.0,116.865746
39880.0,135.85826
39911.0,139.16417
39939.0,148.68384
39881.0,132.52985
39912.0,138.7518
39940.0,97.00823
40770.0,42.359833
40801.0,121.04564
40829.0,114.73727
40782.0,128.1893
40783.0,128.55162
40784.0,103.15035
40785.0,117.80346
40786.0,126.6267
40787.0,132.55988
40788.0,137.36256
40789.0,147.25275
40790.0,151.36812
40791.0,117.45694
40792.0,126.737274
40793.0,128.69528
40794.0,134.9851
40795.0,137.82387
40796.0,144.36269
40797.0,149.49501
40798.0,114.80022
40799.0,126.36975
40800.0,129.92715
40771.0,142.87424
40802.0,143.96136
40830.0,148.13326
40813.0,135.1493
40814.0,134.67888
40815.0,139.02925
40816.0,135.4453
40817.0,144.43741
40818.0,163.85675
40819.0,122.36062
40820.0,134.30223
40821.0,131.26353
40822.0,139.06349
40823.0,142.52347
40824.0,156.95958
40825.0,161.7627
40826.0,120.03415
40827.0,134.69394
40828.0,134.12184
40772.0,149.27373
40803.0,153.4065
40831.0,166.46837
40841.0,133.79887
40842.0,133.74388
40843.0,141.01016
40844.0,146.87764
40845.0,163.54117
40846.0,165.97633
40847.0,122.92846
40848.0,135.27942
40849.0,132.13991
40850.0,140.65833
40851.0,143.91121
40852.0,157.55618
40853.0,161.67064
40854.0,119.98525
40855.0,134.60341
40856.0,134.70383
40857.0,140.50781
40858.0,142.88243
40859.0,157.35161
40773.0,174.68524
40804.0,127.9557
40832.0,137.85355
40774.0,140.88185
40805.0,138.18991
40833.0,143.632
40775.0,151.48717
40806.0,166.65138
40834.0,173.32718
40776.0,178.19118
40807.0,130.49466
40835.0,142.23717
40777.0,122.83843
40808.0,122.23142
40836.0,124.737404
40778.0,142.23747
40809.0,147.4757
40837.0,106.27967
40779.0,106.97568
40810.0,116.56732
40838.0,115.90339
40780.0,134.86664
40811.0,137.86569
40839.0,147.80997
40781.0,130.78189
40812.0,136.06398
40840.0,95.49404
41670.0,16.345327
41701.0,116.6892
41729.0,112.48294
41682.0,127.04251
41683.0,129.49594
41684.0,100.74873
41685.0,117.27539
41686.0,129.69826
41687.0,136.31813
41688.0,138.42778
41689.0,146.98955
41690.0,152.68039
41691.0,117.70843
41692.0,126.57548
41693.0,127.87019
41694.0,135.97112
41695.0,135.71457
41696.0,144.1056
41697.0,147.88124
41698.0,114.57336
41699.0,127.68277
41700.0,131.451
41671.0,145.30606
41702.0,142.51479
41730.0,149.3804
41713.0,134.79451
41714.0,134.70085
41715.0,137.97273
41716.0,139.10501
41717.0,146.15088
41718.0,163.3245
41719.0,120.65566
41720.0,132.73315
41721.0,129.69446
41722.0,137.49442
41723.0,141.42603
41724.0,155.86214
41725.0,161.23044
41726.0,118.46512
41727.0,134.01929
41728.0,133.44719
41672.0,148.41138
41703.0,152.49529
41731.0,165.55716
41741.0,131.97437
41742.0,131.91937
41743.0,139.18565
41744.0,145.66069
41745.0,162.32422
41746.0,165.44408
41747.0,121.11176
41748.0,133.59859
41749.0,130.45908
41750.0,138.9775
41751.0,142.70201
41752.0,156.34698
41753.0,161.02663
41754.0,118.30447
41755.0,133.817
41756.0,133.91742
41757.0,139.77705
41758.0,142.6233
41759.0,157.0337
41673.0,174.61008
41704.0,127.056
41732.0,136.95384
41674.0,139.98215
41705.0,137.2902
41733.0,142.73228
41675.0,150.42459
41706.0,165.58884
41734.0,172.96382
41676.0,177.8278
41707.0,129.4888
41735.0,141.23131
41677.0,122.33958
41708.0,121.73256
41736.0,124.18182
41678.0,141.56456
41709.0,147.502
41737.0,105.67732
41679.0,106.37333
41710.0,115.96497
41738.0,115.301056
41680.0,135.03557
41711.0,137.96407
41739.0,147.90831
41681.0,130.33769
41712.0,136.09029
41740.0,94.93028
42570.0,35.69147
42601.0,118.33777
42629.0,114.22585
42582.0,128.57559
42583.0,129.36444
42584.0,102.80879
42585.0,118.20021
42586.0,129.18552
42587.0,133.17339
42588.0,137.02898
42589.0,146.64389
42590.0,152.9571
42591.0,117.68192
42592.0,124.56367
42593.0,125.98899
42594.0,133.78932
42595.0,135.90411
42596.0,143.6078
42597.0,147.83324
42598.0,113.50862
42599.0,125.56126
42600.0,132.08897
42571.0,144.99974
42602.0,143.29332
42630.0,147.79037
42613.0,135.20003
42614.0,132.24155
42615.0,136.37881
42616.0,137.74498
42617.0,145.60208
42618.0,163.3245
42619.0,120.65566
42620.0,132.73315
42621.0,129.69446
42622.0,137.49442
42623.0,141.42603
42624.0,155.86214
42625.0,161.23044
42626.0,118.46512
42627.0,134.01929
42628.0,133.44719
42572.0,148.41138
42603.0,152.49529
42631.0,165.55716
42641.0,131.97437
42642.0,131.91937
42643.0,139.18565
42644.0,145.66069
42645.0,162.32422
42646.0,165.44408
42647.0,121.11176
42648.0,133.59859
42649.0,130.45908
42650.0,138.9775
42651.0,142.70201
42652.0,156.34698
42653.0,161.02663
42654.0,118.30447
42655.0,133.817
42656.0,133.91742
42657.0,139.77705
42658.0,142.6233
42659.0,157.0337
42573.0,174.61008
42604.0,127.056
42632.0,136.95384
42574.0,139.98215
42605.0,137.2902
42633.0,142.73228
42575.0,150.42459
42606.0,165.58884
42634.0,172.96382
42576.0,177.8278
42607.0,129.4888
42635.0,141.23131
42577.0,122.33958
42608.0,121.73256
42636.0,124.18182
42578.0,141.56456
42609.0,147.502
42637.0,105.67732
42579.0,106.37333
42610.0,115.96497
42638.0,115.301056
42580.0,135.03557
42611.0,137.96407
42639.0,147.90831
42581.0,130.33769
42612.0,136.09029
42640.0,94.93028
43470.0,19.349182
43501.0,115.36793
43529.0,111.37837
43482.0,126.968155
43483.0,127.809204
43484.0,100.92652
43485.0,117.03664
43486.0,129.22987
43487.0,136.72003
43488.0,138.56383
43489.0,146.74748
43490.0,153.20883
43491.0,117.6504
43492.0,126.22615
43493.0,127.5209
43494.0,135.90547
43495.0,135.71457
43496.0,143.92421
43497.0,148.00264
43498.0,114.25082
43499.0,127.640045
43500.0,132.01588
43471.0,145.04272
43502.0,142.51479
43530.0,149.3804
43513.0,134.7365
43514.0,134.3795
43515.0,138.38008
43516.0,138.59558
43517.0,145.44226
43518.0,163.3245
43519.0,120.64936
43520.0,132.72685
43521.0,129.68816
43522.0,137.49442
43523.0,141.42603
43524.0,155.86214
43525.0,161.23044
43526.0,118.45882
43527.0,134.01299
43528.0,133.44089
43472.0,148.41138
43503.0,152.49529
43531.0,165.55716
43541.0,131.96806
43542.0,131.91307
43543.0,139.18565
43544.0,145.66069
43545.0,162.32422
43546.0,165.44408
43547.0,121.10546
43548.0,133.59229
43549.0,130.45277
43550.0,138.9775
43551.0,142.70201
43552.0,156.34698
43553.0,161.02663
43554.0,118.298164
43555.0,133.8107
43556.0,133.91112
43557.0,139.77705
43558.0,142.6233
43559.0,156.86656
43473.0,174.61008
43504.0,127.0497
43532.0,136.94754
43474.0,139.97585
43505.0,137.2839
43533.0,142.73228
43475.0,150.38791
43506.0,165.47911
43534.0,172.8541
43476.0,178.26158
43507.0,129.4458
43535.0,141.18834
43477.0,122.26772
43508.0,121.66701
43536.0,124.11628
43478.0,141.56456
43509.0,147.502
43537.0,105.67102
43479.0,106.36703
43510.0,115.95867
43538.0,115.294754
43480.0,135.03557
43511.0,137.96407
43539.0,147.90831
43481.0,130.38855
43512.0,136.09029
43540.0,94.93028
44370.0,46.016365
44401.0,114.20754
44429.0,115.57885
44382.0,130.242
44383.0,128.44713
44384.0,103.68434
44385.0,124.61747
44386.0,124.580864
44387.0,128.81258
44388.0,137.98929
44389.0,145.60353
44390.0,152.82016
44391.0,114.97323
44392.0,125.845566
44393.0,123.12972
44394.0,133.16273
44395.0,136.31717
44396.0,143.74593
44397.0,145.58916
44398.0,112.36765
44399.0,126.26051
44400.0,129.43639
44371.0,141.96883
44402.0,143.22604
44430.0,147.7231
44413.0,133.47537
44414.0,131.31104
44415.0,135.40811
44416.0,136.36485
44417.0,140.2813
44418.0,162.99507
44419.0,120.32741
44420.0,132.4049
44421.0,129.36621
44422.0,137.17247
44423.0,141.0966
44424.0,155.53271
44425.0,160.90102
44426.0,118.13686
44427.0,133.69104
44428.0,133.11894
44372.0,148.39233
44403.0,152.46877
44431.0,165.53064
44441.0,131.64612
44442.0,131.59113
44443.0,138.86371
44444.0,145.33127
44445.0,161.9948
44446.0,165.11465
44447.0,120.78351
44448.0,133.27034
44449.0,130.13083
44450.0,138.65555
44451.0,142.37259
44452.0,156.01756
44453.0,160.6972
44454.0,117.97621
44455.0,133.48875
44456.0,133.58917
44457.0,139.45511
44458.0,142.29388
44459.0,156.53714
44373.0,174.54834
44404.0,126.995445
44432.0,136.89328
44374.0,139.92159
44405.0,137.22964
44433.0,142.67802
44375.0,150.32617
44406.0,165.41737
44434.0,172.79236
44376.0,178.5189
44407.0,129.7106
44435.0,141.45314
44377.0,122.17216
44408.0,121.57144
44436.0,124.01323
44378.0,141.56456
44409.0,147.502
44437.0,105.678505
44379.0,106.381775
44410.0,115.97342
44438.0,115.3095
44380.0,135.05246
44411.0,137.96407
44439.0,147.90831
44381.0,130.38855
44412.0,136.09029
44440.0,94.94718
360.0,11.905945
391.0,114.886116
419.0,112.36921
372.0,121.988464
373.0,127.19604
374.0,96.249916
375.0,114.48879
376.0,126.016014
377.0,130.26508
378.0,136.11862
379.0,143.19957
380.0,147.87619
381.0,111.56217
382.0,123.0064
383.0,125.17696
384.0,132.14786
385.0,135.18748
386.0,141.12114
387.0,146.50504
388.0,110.82662
389.0,124.08053
390.0,128.19423
361.0,136.23753
392.0,140.0477
420.0,147.17041
403.0,126.72137
404.0,128.3962
405.0,131.3446
406.0,134.1142
407.0,140.15756
408.0,162.36456
409.0,118.645874
410.0,130.05765
411.0,127.961395
412.0,135.21066
413.0,136.72942
414.0,153.6772
415.0,159.75502
416.0,116.84035
417.0,130.76917
418.0,131.20232
362.0,142.21983
393.0,148.2023
421.0,164.88911
431.0,129.4699
432.0,131.11891
433.0,137.41338
434.0,141.1562
435.0,159.4229
436.0,163.69365
437.0,118.75211
438.0,130.57321
439.0,128.67981
440.0,135.83127
441.0,136.87045
442.0,154.13684
443.0,160.04964
444.0,118.12196
445.0,131.98685
446.0,133.09248
447.0,138.4715
448.0,136.11263
449.0,153.76506
363.0,176.05434
394.0,122.829254
422.0,135.35104
364.0,135.6578
395.0,136.42229
423.0,142.78473
365.0,150.68478
396.0,170.24026
424.0,176.36534
366.0,180.18112
397.0,126.42942
425.0,139.22717
367.0,120.15925
398.0,125.720406
426.0,129.89967
368.0,146.93486
399.0,152.29295
427.0,106.33267
369.0,104.96036
400.0,117.39979
428.0,119.529175
370.0,132.96411
401.0,138.94534
429.0,151.47238
371.0,133.23047
402.0,139.77046
430.0,95.55749
1260.0,29.919298
1291.0,118.16068
1319.0,114.06945
1272.0,124.64032
1273.0,128.57495
1274.0,96.02775
1275.0,120.18511
1276.0,124.60508
1277.0,130.13838
1278.0,136.4063
1279.0,143.11183
1280.0,147.91696
1281.0,111.11518
1282.0,121.87321
1283.0,125.18911
1284.0,129.57791
1285.0,136.118
1286.0,141.22853
1287.0,147.33948
1288.0,111.51292
1289.0,124.715004
1290.0,127.49566
1261.0,136.6255
1292.0,141.01263
1320.0,147.4497
1303.0,127.71546
1304.0,128.70932
1305.0,131.88332
1306.0,134.69089
1307.0,138.82115
1308.0,162.77763
1309.0,118.383606
1310.0,129.79538
1311.0,127.69911
1312.0,134.9484
1313.0,136.46715
1314.0,153.41493
1315.0,159.73311
1316.0,116.699646
1317.0,130.62848
1318.0,131.06163
1262.0,141.95757
1293.0,147.94003
1321.0,164.62685
1331.0,129.20763
1332.0,130.85664
1333.0,137.15111
1334.0,140.89394
1335.0,159.16063
1336.0,164.10672
1337.0,118.489845
1338.0,130.31094
1339.0,128.41754
1340.0,135.569
1341.0,136.60818
1342.0,153.87457
1343.0,160.02773
1344.0,117.98126
1345.0,131.84616
1346.0,132.9518
1347.0,138.33081
1348.0,136.09071
1349.0,153.74315
1263.0,176.4674
1294.0,122.56699
1322.0,135.08878
1264.0,135.39554
1295.0,136.16002
1323.0,142.52246
1265.0,150.42252
1296.0,169.978
1324.0,176.77841
1266.0,180.5942
1297.0,126.49586
1325.0,139.29361
1267.0,120.30653
1298.0,125.8677
1326.0,130.047
1268.0,146.98677
1299.0,152.6915
1327.0,106.38458
1269.0,105.01227
1300.0,117.4517
1328.0,119.581085
1270.0,133.01602
1301.0,138.99725
1329.0,151.52429
1271.0,133.23047
1302.0,139.77046
1330.0,95.55749
2160.0,18.617493
2191.0,113.24387
2219.0,112.35003
2172.0,122.563126
2173.0,126.95124
2174.0,96.06109
2175.0,115.33376
2176.0,125.86901
2177.0,130.52785
2178.0,135.89539
2179.0,143.99841
2180.0,148.46555
2181.0,111.53301
2182.0,122.97724
2183.0,124.95374
2184.0,132.88039
2185.0,135.45026
2186.0,141.5477
2187.0,147.52522
2188.0,111.15011
2189.0,124.54359
2190.0,128.17125
2161.0,135.9926
2192.0,139.60867
2220.0,147.2096
2203.0,126.385826
2204.0,128.35365
2205.0,131.39171
2206.0,134.1613
2207.0,139.49521
2208.0,161.20985
2209.0,117.01019
2210.0,128.4219
2211.0,126.32568
2212.0,133.57497
2213.0,135.7493
2214.0,152.63365
2215.0,158.8209
2216.0,115.98181
2217.0,129.9106
2218.0,130.34375
2162.0,141.86153
2193.0,147.844
2221.0,164.56468
2231.0,128.11884
2232.0,129.76787
2233.0,136.06233
2234.0,139.80516
2235.0,158.10934
2236.0,163.23083
2237.0,117.5424
2238.0,129.36348
2239.0,127.47005
2240.0,134.62154
2241.0,136.3163
2242.0,153.76047
2243.0,159.7827
2244.0,117.82968
2245.0,131.69456
2246.0,132.8002
2247.0,138.17924
2248.0,135.93912
2249.0,153.62907
2163.0,176.40753
2194.0,122.46966
2222.0,135.0887
2164.0,134.80495
2195.0,135.56943
2223.0,142.02916
2165.0,150.28326
2196.0,169.87624
2224.0,176.77394
2166.0,179.43748
2197.0,125.3016
2225.0,138.19666
2167.0,120.45293
2198.0,125.28467
2226.0,129.8083
2168.0,146.68831
2199.0,152.45099
2227.0,106.773254
2169.0,104.72646
2200.0,117.02089
2228.0,119.24757
2170.0,132.47571
2201.0,138.70404
2229.0,151.36586
2171.0,132.54619
2202.0,139.14413
2230.0,95.428825
3060.0,11.361455
3091.0,114.690315
3119.0,112.38303
3072.0,122.33894
3073.0,125.48437
3074.0,95.81272
3075.0,114.099205
3076.0,125.00036
3077.0,130.04184
3078.0,136.18732
3079.0,143.3342
3080.0,147.40195
3081.0,111.338936
3082.0,122.783165
3083.0,124.6618
3084.0,132.21655
3085.0,134.96425
3086.0,141.25577
3087.0,146.75356
3088.0,110.89533
3089.0,124.14924
3090.0,128.17125
3061.0,135.79854
3092.0,139.60867
3120.0,147.01553
3103.0,126.19175
3104.0,127.866554
3105.0,130.81502
3106.0,133.58461
3107.0,139.3705
3108.0,161.27516
3109.0,117.01019
3110.0,128.4219
3111.0,126.32568
3112.0,133.57497
3113.0,135.7493
3114.0,152.63365
3115.0,158.88622
3116.0,115.98181
3117.0,129.9106
3118.0,130.34375
3062.0,141.86153
3093.0,147.844
3121.0,164.56468
3131.0,128.11884
3132.0,129.76787
3133.0,136.06233
3134.0,139.80516
3135.0,158.10934
3136.0,163.29614
3137.0,117.5424
3138.0,129.36348
3139.0,127.47005
3140.0,134.62154
3141.0,136.3163
3142.0,153.76047
3143.0,159.848
3144.0,117.82968
3145.0,131.69456
3146.0,132.8002
3147.0,138.17924
3148.0,135.93912
3149.0,153.62907
3063.0,176.47284
3094.0,122.46966
3122.0,135.0887
3064.0,134.80495
3095.0,135.56943
3123.0,142.02916
3065.0,150.28326
3096.0,169.87624
3124.0,176.94986
3066.0,179.61339
3097.0,125.3016
3125.0,138.19666
3067.0,120.45293
3098.0,125.28467
3126.0,129.8083
3068.0,146.68831
3099.0,152.6269
3127.0,106.773254
3069.0,104.72646
3100.0,117.02089
3128.0,119.24757
3070.0,132.47571
3101.0,138.70404
3129.0,151.36586
3071.0,132.54619
3102.0,139.15298
3130.0,95.428825
3960.0,10.1649475
3991.0,114.99862
4019.0,112.18032
3972.0,121.541306
3973.0,125.28683
3974.0,96.13792
3975.0,113.71726
3976.0,125.00036
3977.0,130.04184
3978.0,135.89539
3979.0,143.3342
3980.0,147.40195
3981.0,111.04699
3982.0,122.49122
3983.0,124.6618
3984.0,131.92462
3985.0,134.96425
3986.0,141.25577
3987.0,146.32272
3988.0,110.603386
3989.0,123.85729
3990.0,127.77691
3961.0,135.79854
3992.0,139.60867
4020.0,147.01553
4003.0,126.19175
4004.0,127.866554
4005.0,130.81502
4006.0,133.58461
4007.0,139.3705
4008.0,161.27516
4009.0,117.01019
4010.0,128.4219
4011.0,126.32568
4012.0,133.57497
4013.0,135.7493
4014.0,152.63365
4015.0,158.88622
4016.0,115.98181
4017.0,129.9106
4018.0,130.34375
3962.0,141.86153
3993.0,147.844
4021.0,164.56468
4031.0,128.11884
4032.0,129.76787
4033.0,136.06233
4034.0,139.80516
4035.0,158.10934
4036.0,163.29614
4037.0,117.5424
4038.0,129.36348
4039.0,127.47005
4040.0,134.62154
4041.0,136.3163
4042.0,153.76047
4043.0,159.848
4044.0,117.82968
4045.0,131.69456
4046.0,132.8002
4047.0,138.17924
4048.0,135.93912
4049.0,153.62907
3963.0,176.47284
3994.0,122.46966
4022.0,135.0887
3964.0,134.80495
3995.0,135.56943
4023.0,142.02916
3965.0,150.28326
3996.0,169.87624
4024.0,176.94986
3966.0,179.61339
3997.0,125.3016
4025.0,138.19666
3967.0,120.45293
3998.0,125.28467
4026.0,129.8083
3968.0,146.68831
3999.0,152.6269
4027.0,106.773254
3969.0,104.72646
4000.0,117.02089
4028.0,119.24757
3970.0,132.47571
4001.0,138.70404
4029.0,151.36586
3971.0,132.54619
4002.0,139.15298
4030.0,95.428825
4860.0,28.626667
4891.0,114.807945
4919.0,113.353355
4872.0,124.421616
4873.0,128.48505
4874.0,96.75738
4875.0,116.39355
4876.0,125.233574
4877.0,130.26149
4878.0,136.21039
4879.0,142.65674
4880.0,147.00551
4881.0,111.0951
4882.0,123.14547
4883.0,124.68116
4884.0,131.99113
4885.0,135.36198
4886.0,141.98453
4887.0,146.50522
4888.0,111.441
4889.0,124.67617
4890.0,127.86643
4861.0,136.87025
4892.0,141.20538
4920.0,148.21008
4903.0,126.88203
4904.0,128.50464
4905.0,131.34067
4906.0,133.94861
4907.0,140.05385
4908.0,161.51352
4909.0,117.23027
4910.0,128.64198
4911.0,126.545746
4912.0,133.42087
4913.0,135.5952
4914.0,152.84976
4915.0,159.57254
4916.0,116.20187
4917.0,130.13066
4918.0,130.56381
4862.0,142.09135
4893.0,148.07382
4921.0,163.98866
4931.0,128.33891
4932.0,129.98793
4933.0,136.28488
4934.0,140.02771
4935.0,158.0348
4936.0,163.16203
4937.0,117.762474
4938.0,129.58354
4939.0,127.690155
4940.0,134.46744
4941.0,136.1622
4942.0,153.60408
4943.0,160.16187
4944.0,118.04974
4945.0,131.91463
4946.0,133.02026
4947.0,138.0139
4948.0,135.77377
4949.0,153.45299
4863.0,175.76936
4894.0,122.68972
4922.0,135.30875
4864.0,135.02502
4895.0,135.7895
4923.0,142.259
4865.0,150.12
4896.0,168.90715
4924.0,176.36642
4866.0,179.3065
4897.0,125.53759
4925.0,138.43265
4867.0,120.68892
4898.0,125.54678
4926.0,130.07043
4868.0,146.43706
4899.0,152.24815
4927.0,107.00925
4869.0,104.962456
4900.0,117.25688
4928.0,119.48356
4870.0,132.73782
4901.0,138.96616
4929.0,151.1494
4871.0,132.39035
4902.0,138.86967
4930.0,95.85935
5760.0,29.394749
5791.0,115.84936
5819.0,116.58335
5772.0,124.113495
5773.0,128.44014
5774.0,98.80491
5775.0,117.30932
5776.0,125.87357
5777.0,129.47327
5778.0,136.39589
5779.0,142.91005
5780.0,146.84998
5781.0,111.468864
5782.0,123.09368
5783.0,124.30073
5784.0,131.09708
5785.0,135.67096
5786.0,141.99377
5787.0,146.22752
5788.0,111.68577
5789.0,124.835945
5790.0,128.28282
5761.0,136.13922
5792.0,140.1841
5820.0,147.5685
5803.0,127.14846
5804.0,128.64569
5805.0,131.42854
5806.0,133.81102
5807.0,139.48485
5808.0,162.84637
5809.0,118.741455
5810.0,130.15321
5811.0,128.05696
5812.0,134.93207
5813.0,137.09212
5814.0,154.2583
5815.0,160.9054
5816.0,117.76335
5817.0,131.69218
5818.0,132.12534
5762.0,141.50513
5793.0,146.97574
5821.0,162.8022
5831.0,129.33067
5832.0,130.97966
5833.0,137.27661
5834.0,141.00519
5835.0,158.92387
5836.0,163.97542
5837.0,118.75419
5838.0,130.5753
5839.0,128.6819
5840.0,135.4592
5841.0,137.13968
5842.0,154.49318
5843.0,160.97525
5844.0,119.09177
5845.0,132.95668
5846.0,134.06232
5847.0,139.00563
5848.0,136.75125
5849.0,154.23161
5763.0,175.00479
5794.0,121.59299
5822.0,134.21205
5764.0,134.01021
5795.0,134.27711
5823.0,140.74661
5765.0,149.61404
5796.0,167.81525
5824.0,175.1988
5766.0,178.11905
5797.0,123.97432
5825.0,136.86938
5767.0,119.720276
5798.0,124.15633
5826.0,128.72227
5768.0,145.42236
5799.0,150.73595
5827.0,105.618805
5769.0,103.99382
5800.0,115.86645
5828.0,118.093124
5770.0,131.7692
5801.0,137.61804
5829.0,149.7129
5771.0,131.56686
5802.0,137.97545
5830.0,94.289474
6660.0,38.071095
6691.0,117.19317
6719.0,116.41097
6672.0,126.13843
6673.0,129.61978
6674.0,103.83878
6675.0,121.15131
6676.0,123.95592
6677.0,126.298645
6678.0,134.3553
6679.0,140.58957
6680.0,145.59767
6681.0,108.475784
6682.0,120.71156
6683.0,123.40849
6684.0,130.5049
6685.0,134.12927
6686.0,141.87816
6687.0,146.27821
6688.0,110.667404
6689.0,123.92502
6690.0,125.9619
6661.0,134.73366
6692.0,139.4266
6720.0,146.87433
6703.0,126.43434
6704.0,126.81642
6705.0,129.65245
6706.0,129.70596
6707.0,135.59238
6708.0,162.71718
6709.0,117.511055
6710.0,128.92278
6711.0,126.97596
6712.0,133.85104
6713.0,136.43156
6714.0,153.83727
6715.0,160.81421
6716.0,116.399635
6717.0,130.71638
6718.0,131.29895
6662.0,140.92935
6693.0,146.77612
6721.0,162.8484
6731.0,128.78526
6732.0,130.65163
6733.0,136.94858
6734.0,141.05328
6735.0,159.21782
6736.0,164.59918
6737.0,118.276794
6738.0,130.09785
6739.0,128.35387
6740.0,135.13116
6741.0,137.23206
6742.0,154.75714
6743.0,161.56906
6744.0,118.421776
6745.0,132.6746
6746.0,133.92966
6747.0,138.86427
6748.0,137.16367
6749.0,154.88354
6663.0,175.13594
6694.0,121.062164
6722.0,133.49556
6664.0,133.29375
6695.0,133.71004
6723.0,140.17084
6665.0,149.56683
6696.0,167.86145
6724.0,175.32996
6666.0,177.86842
6697.0,123.5175
6725.0,136.22688
6667.0,119.22723
6698.0,123.65456
6726.0,128.36726
6668.0,144.4744
6699.0,149.87292
6727.0,104.23085
6669.0,102.58807
6700.0,114.27505
6728.0,116.65115
6670.0,130.6344
6701.0,136.90228
6729.0,149.01657
6671.0,130.59692
6702.0,137.09045
6730.0,92.91734
7560.0,25.933153
7591.0,115.614456
7619.0,112.79491
7572.0,123.478096
7573.0,131.02333
7574.0,100.225174
7575.0,117.48306
7576.0,123.423805
7577.0,128.22581
7578.0,134.0867
7579.0,140.70454
7580.0,144.64447
7581.0,109.64362
7582.0,121.574776
7583.0,123.20698
7584.0,128.78012
7585.0,133.22203
7586.0,140.90327
7587.0,145.24693
7588.0,110.1706
7589.0,122.930565
7590.0,126.58332
7561.0,134.967
7592.0,137.29703
7620.0,145.45529
7603.0,125.27227
7604.0,126.43256
7605.0,129.7292
7606.0,130.28633
7607.0,137.27077
7608.0,161.1617
7609.0,117.82258
7610.0,128.37277
7611.0,126.1973
7612.0,132.80052
7613.0,135.84009
7614.0,152.74713
7615.0,159.80588
7616.0,116.89912
7617.0,130.35434
7618.0,131.05302
7562.0,140.76245
7593.0,146.11584
7621.0,161.65688
7631.0,128.77087
7632.0,130.40855
7633.0,136.43367
7634.0,140.1154
7635.0,157.66234
7636.0,163.0437
7637.0,118.58832
7638.0,129.54784
7639.0,127.57515
7640.0,134.08061
7641.0,136.64061
7642.0,153.75539
7643.0,160.64911
7644.0,118.92126
7645.0,132.31256
7646.0,133.68373
7647.0,138.34648
7648.0,137.31163
7649.0,154.53288
7563.0,174.10864
7594.0,121.677864
7622.0,133.24977
7564.0,133.84511
7595.0,133.66087
7623.0,139.84984
7565.0,149.68074
7596.0,167.07225
7624.0,174.54073
7566.0,177.95764
7597.0,123.78953
7625.0,136.49898
7567.0,120.362946
7598.0,123.79499
7626.0,128.5077
7568.0,145.87086
7599.0,150.89755
7627.0,105.74407
7569.0,104.29795
7600.0,115.61311
7628.0,117.760506
7570.0,130.8457
7601.0,136.74174
7629.0,149.57439
7571.0,131.48479
7602.0,137.72342
7630.0,93.44961
8460.0,36.17167
8491.0,118.077835
8519.0,119.05803
8472.0,125.17504
8473.0,131.69708
8474.0,102.21982
8475.0,117.57349
8476.0,121.70449
8477.0,127.998985
8478.0,131.65588
8479.0,139.92545
8480.0,143.82426
8481.0,109.28304
8482.0,120.25556
8483.0,123.463234
8484.0,127.67217
8485.0,133.03412
8486.0,139.70346
8487.0,145.42563
8488.0,109.48301
8489.0,121.97103
8490.0,126.68476
8461.0,132.3422
8492.0,137.82745
8520.0,143.57288
8503.0,124.921776
8504.0,127.411766
8505.0,129.26308
8506.0,129.71825
8507.0,136.24428
8508.0,161.08159
8509.0,116.783165
8510.0,127.61125
8511.0,126.25396
8512.0,132.68205
8513.0,135.72186
8514.0,152.6058
8515.0,159.66455
8516.0,116.29107
8517.0,129.97896
8518.0,131.81581
8462.0,140.78284
8493.0,145.7388
8521.0,161.25676
8531.0,127.43651
8532.0,129.83388
8533.0,135.7369
8534.0,139.99983
8535.0,157.5237
8536.0,162.90506
8537.0,117.49037
8538.0,128.72784
8539.0,127.573265
8540.0,133.90364
8541.0,136.46382
8542.0,153.61406
8543.0,160.50778
8544.0,118.31321
8545.0,131.93718
8546.0,134.44652
8547.0,139.37068
8548.0,138.04097
8549.0,155.23912
8463.0,173.70851
8494.0,120.63846
8522.0,131.91547
8464.0,133.16943
8495.0,133.14473
8523.0,139.2116
8465.0,149.30371
8496.0,166.67212
8524.0,174.1406
8466.0,177.79099
8497.0,122.71209
8525.0,135.42154
8467.0,120.50543
8498.0,123.15674
8526.0,128.36414
8468.0,145.70421
8499.0,150.7309
8527.0,104.932884
8469.0,104.14539
8500.0,114.801926
8528.0,117.51061
8470.0,131.13234
8501.0,136.84135
8529.0,149.65091
8471.0,131.56131
8502.0,137.79994
8530.0,92.63842
9360.0,35.60128
9391.0,116.62924
9419.0,115.40358
9372.0,124.65714
9373.0,130.16357
9374.0,99.03151
9375.0,115.863235
9376.0,122.038475
9377.0,125.46653
9378.0,131.84248
9379.0,138.85983
9380.0,142.48354
9381.0,108.182
9382.0,118.81574
9383.0,120.68459
9384.0,125.19932
9385.0,131.1003
9386.0,138.84247
9387.0,142.87505
9388.0,109.34745
9389.0,121.55706
9390.0,125.18699
9361.0,133.06796
9392.0,137.16031
9420.0,142.66928
9403.0,124.94851
9404.0,126.6495
9405.0,128.81364
9406.0,128.5843
9407.0,136.28708
9408.0,160.97998
9409.0,116.41079
9410.0,127.238914
9411.0,125.881615
9412.0,132.36346
9413.0,135.40324
9414.0,152.28722
9415.0,159.56294
9416.0,115.91868
9417.0,129.60658
9418.0,131.44347
9362.0,141.3074
9393.0,146.26337
9421.0,161.3272
9431.0,128.45007
9432.0,130.84741
9433.0,136.26143
9434.0,140.07027
9435.0,157.5941
9436.0,162.91132
9437.0,117.225876
9438.0,128.46333
9439.0,127.30879
9440.0,133.69289
9441.0,136.25307
9442.0,153.40334
9443.0,160.51404
9444.0,117.49746
9445.0,131.12143
9446.0,133.6308
9447.0,138.60869
9448.0,137.279
9449.0,154.58418
9363.0,173.44469
9394.0,120.49106
9422.0,131.76807
9364.0,133.02203
9395.0,132.99736
9423.0,139.18489
9365.0,149.27701
9396.0,166.19131
9424.0,173.8768
9366.0,177.52716
9397.0,122.564705
9425.0,135.27414
9367.0,119.37721
9398.0,122.149216
9426.0,127.10953
9368.0,144.03835
9399.0,149.2791
9427.0,103.469666
9369.0,102.68219
9400.0,112.964424
9428.0,115.67316
9370.0,129.94405
9401.0,135.704
9429.0,148.51352
9371.0,130.2939
9402.0,136.68697
9430.0,91.73675
10260.0,32.02928
10291.0,115.48071
10319.0,114.25986
10272.0,124.532036
10273.0,130.18282
10274.0,98.89049
10275.0,116.19426
10276.0,124.05268
10277.0,127.9078
10278.0,133.02386
10279.0,139.30325
10280.0,143.8068
10281.0,108.90203
10282.0,121.09771
10283.0,122.58315
10284.0,128.25928
10285.0,131.7802
10286.0,138.81659
10287.0,144.55453
10288.0,109.26078
10289.0,122.94738
10290.0,126.03358
10261.0,134.02928
10292.0,137.64381
10320.0,144.40239
10303.0,126.52187
10304.0,126.49413
10305.0,130.48781
10306.0,130.7705
10307.0,137.22551
10308.0,161.21495
10309.0,116.67405
10310.0,127.502174
10311.0,126.144875
10312.0,132.62675
10313.0,135.6665
10314.0,152.52219
10315.0,159.79791
10316.0,116.18195
10317.0,129.86987
10318.0,131.70673
10262.0,142.27618
10293.0,147.23218
10321.0,162.16624
10331.0,128.60524
10332.0,131.00255
10333.0,136.52472
10334.0,140.33353
10335.0,157.82907
10336.0,163.14629
10337.0,117.562805
10338.0,128.80026
10339.0,127.64571
10340.0,134.02982
10341.0,136.59
10342.0,153.71194
10343.0,160.82265
10344.0,117.83439
10345.0,131.45836
10346.0,133.96773
10347.0,139.4997
10348.0,138.17001
10349.0,155.37323
10263.0,173.59964
10294.0,120.8232
10322.0,132.30699
10264.0,133.3542
10295.0,133.3295
10323.0,139.72382
10265.0,149.81593
10296.0,166.60048
10324.0,174.03175
10266.0,178.14279
10297.0,123.560875
10325.0,136.47711
10267.0,119.556755
10298.0,122.32876
10326.0,127.28909
10268.0,144.57848
10299.0,149.36024
10327.0,103.55108
10269.0,102.88959
10300.0,113.17184
10328.0,115.880554
10270.0,130.15147
10301.0,135.91142
10329.0,148.97247
10271.0,130.8535
10302.0,136.78758
10330.0,92.04484
11160.0,41.65732
11191.0,116.98026
11219.0,116.59078
11172.0,123.37033
11173.0,130.06987
11174.0,101.15052
11175.0,116.75704
11176.0,121.23114
11177.0,127.76827
11178.0,133.0642
11179.0,139.95103
11180.0,143.07112
11181.0,107.5275
11182.0,118.659874
11183.0,121.09504
11184.0,124.45705
11185.0,132.76591
11186.0,138.21532
11187.0,143.36612
11188.0,108.50652
11189.0,121.276245
11190.0,125.814865
11161.0,137.21579
11192.0,139.75131
11220.0,143.99051
11203.0,126.486176
11204.0,127.521545
11205.0,129.98373
11206.0,130.87389
11207.0,136.52367
11208.0,160.9532
11209.0,118.80958
11210.0,129.6377
11211.0,126.99389
11212.0,133.32431
11213.0,136.47374
11214.0,153.32066
11215.0,159.6176
11216.0,118.46788
11217.0,132.34734
11218.0,132.46245
11162.0,143.42041
11193.0,148.13867
11221.0,163.06401
11231.0,131.07877
11232.0,131.7587
11233.0,137.11806
11234.0,141.18085
11235.0,158.66766
11236.0,162.94612
11237.0,119.33092
11238.0,130.56837
11239.0,128.12741
11240.0,134.78896
11241.0,137.45882
11242.0,154.57204
11243.0,160.70392
11244.0,119.75299
11245.0,133.56848
11246.0,134.35611
11247.0,139.81763
11248.0,138.61589
11249.0,156.20314
11163.0,173.88908
11194.0,122.62924
11222.0,133.47125
11164.0,136.19444
11195.0,134.07355
11223.0,140.36987
11165.0,151.7203
11196.0,167.16614
11224.0,174.85088
11166.0,181.56754
11197.0,127.20161
11225.0,139.87749
11167.0,124.44843
11198.0,125.64302
11226.0,130.22081
11168.0,146.61504
11199.0,151.65988
11227.0,105.557465
11169.0,106.15676
11200.0,116.91435
11228.0,119.708855
11170.0,133.32835
11201.0,138.8913
11229.0,151.6635
11171.0,133.14633
11202.0,139.34349
11230.0,94.98596
12060.0,30.278524
12091.0,119.92132
12119.0,115.94745
12072.0,127.70431
12073.0,132.08844
12074.0,101.65593
12075.0,121.95815
12076.0,127.875374
12077.0,131.48831
12078.0,135.35118
12079.0,144.23128
12080.0,148.33508
12081.0,111.727875
12082.0,124.19035
12083.0,125.55238
12084.0,132.32922
12085.0,133.22842
12086.0,143.88676
12087.0,147.51965
12088.0,111.67444
12089.0,125.05177
12090.0,127.89651
12061.0,139.60692
12092.0,140.63795
12120.0,147.65523
12103.0,129.66476
12104.0,130.76967
12105.0,132.84079
12106.0,133.16176
12107.0,141.15628
12108.0,163.93765
12109.0,122.74297
12110.0,133.57117
12111.0,129.81865
12112.0,135.4158
12113.0,137.11139
12114.0,155.77986
12115.0,162.56561
12116.0,122.3019
12117.0,135.6564
12118.0,134.63182
12062.0,145.28897
12093.0,148.11523
12121.0,164.85005
12131.0,133.31042
12132.0,133.12228
12133.0,137.94272
12134.0,141.64638
12135.0,161.21439
12136.0,165.64413
12137.0,122.81947
12138.0,134.05699
12139.0,130.74802
12140.0,136.83475
12141.0,138.09448
12142.0,157.02925
12143.0,163.64998
12144.0,123.32741
12145.0,136.61794
12146.0,136.2659
12147.0,140.66576
12148.0,138.56607
12149.0,156.92255
12063.0,174.80872
12094.0,124.05778
12122.0,134.89986
12064.0,137.6186
12095.0,134.75563
12123.0,140.50427
12065.0,151.4293
12096.0,168.12706
12124.0,175.67227
12066.0,182.62321
12097.0,129.85216
12125.0,142.52805
12067.0,125.24395
12098.0,126.49167
12126.0,129.91193
12068.0,147.77078
12099.0,152.3169
12127.0,108.36544
12069.0,107.92499
12100.0,118.68256
12128.0,120.609055
12070.0,134.261
12101.0,139.0577
12129.0,152.90944
12071.0,134.67986
12102.0,139.87024
12130.0,97.015495
12960.0,47.58826
12991.0,119.74327
13019.0,121.93655
12972.0,125.436066
12973.0,132.07306
12974.0,109.40924
12975.0,124.52128
12976.0,125.94937
12977.0,128.38803
12978.0,134.52153
12979.0,143.30548
12980.0,147.02643
12981.0,110.96086
12982.0,122.024734
12983.0,123.80687
12984.0,128.64127
12985.0,133.07195
12986.0,143.08939
12987.0,146.7273
12988.0,111.43368
12989.0,124.294266
12990.0,125.64561
12961.0,138.62946
12992.0,140.13303
13020.0,148.80513
13003.0,129.78783
13004.0,131.6383
13005.0,131.68248
13006.0,131.16997
13007.0,139.73941
13008.0,165.0685
13009.0,123.322426
13010.0,134.1506
13011.0,130.39809
13012.0,135.99524
13013.0,137.69083
13014.0,156.95476
13015.0,163.66515
13016.0,122.850044
13017.0,136.20453
13018.0,135.17995
12962.0,145.86841
12993.0,148.69467
13021.0,166.02495
13031.0,133.88986
13032.0,133.70172
13033.0,138.52216
13034.0,142.22581
13035.0,162.38928
13036.0,166.77498
13037.0,123.398926
13038.0,134.63643
13039.0,131.32745
13040.0,137.41418
13041.0,138.67392
13042.0,158.20415
13043.0,164.74951
13044.0,123.87555
13045.0,137.16606
13046.0,136.81403
13047.0,141.21388
13048.0,139.1142
13049.0,158.06613
12963.0,175.93956
12994.0,124.63724
13022.0,135.4793
12964.0,138.30785
12995.0,135.44487
13023.0,141.19351
12965.0,152.1374
12996.0,169.43062
13024.0,176.99951
12966.0,183.95045
12997.0,130.5414
13025.0,143.21729
12967.0,125.93313
12998.0,127.18094
13026.0,130.62003
12968.0,148.48416
12999.0,153.05396
13027.0,109.0547
12969.0,108.37588
13000.0,119.13344
13028.0,121.059944
12970.0,134.35089
13001.0,139.16644
13029.0,153.02347
12971.0,134.7037
13002.0,139.91774
13030.0,97.15002
13860.0,12.858637
13891.0,116.44434
13919.0,114.67443
13872.0,127.03642
13873.0,131.57698
13874.0,98.18404
13875.0,116.76156
13876.0,127.503204
13877.0,133.01509
13878.0,136.59798
13879.0,146.81776
13880.0,150.01692
13881.0,112.871025
13882.0,123.56501
13883.0,125.92378
13884.0,132.84377
13885.0,133.99268
13886.0,145.33714
13887.0,147.43881
13888.0,110.74516
13889.0,125.18561
13890.0,128.77385
13861.0,141.78604
13892.0,141.24629
13920.0,151.25404
13903.0,130.32564
13904.0,131.6138
13905.0,133.8916
13906.0,135.09822
13907.0,144.68288
13908.0,165.83395
13909.0,124.92164
13910.0,136.11282
13911.0,132.03697
13912.0,137.4537
13913.0,139.84248
13914.0,158.38672
13915.0,164.67627
13916.0,124.011665
13917.0,137.51924
13918.0,136.06384
13862.0,147.87068
13893.0,151.39015
13921.0,167.70828
13931.0,135.88998
13932.0,135.58644
13933.0,140.00475
13934.0,143.98375
13935.0,163.42749
13936.0,167.12689
13937.0,124.613846
13938.0,136.21436
13939.0,132.58206
13940.0,138.48837
13941.0,140.4413
13942.0,159.25183
13943.0,165.37636
13944.0,124.6873
13945.0,138.0041
13946.0,137.22119
13947.0,141.29202
13948.0,141.02283
13949.0,158.69269
13863.0,177.19038
13894.0,126.05448
13922.0,137.2933
13864.0,140.40056
13895.0,137.58858
13923.0,143.14873
13865.0,153.18893
13896.0,169.91216
13924.0,177.61006
13866.0,184.06468
13897.0,129.08798
13925.0,142.16063
13867.0,124.56771
13898.0,125.02557
13926.0,129.17645
13868.0,145.64859
13899.0,152.14864
13927.0,107.24308
13869.0,107.06362
13900.0,118.569664
13928.0,120.49617
13870.0,132.99017
13901.0,138.68846
13929.0,152.14607
13871.0,132.813
13902.0,139.95732
13930.0,96.7554
14760.0,15.952823
14791.0,116.390236
14819.0,114.9228
14772.0,127.46929
14773.0,130.81224
14774.0,98.74128
14775.0,116.04021
14776.0,127.989204
14777.0,133.50111
14778.0,136.59798
14779.0,147.1097
14780.0,150.21101
14781.0,113.0651
14782.0,123.75909
14783.0,126.393524
14784.0,133.39247
14785.0,135.21625
14786.0,145.88383
14787.0,147.43881
14788.0,111.568436
14789.0,125.18561
14790.0,128.9679
14761.0,140.91217
14792.0,141.24629
14820.0,151.25404
14803.0,130.32564
14804.0,131.80789
14805.0,134.0857
14806.0,135.09822
14807.0,144.38988
14808.0,165.83395
14809.0,124.92164
14810.0,136.11282
14811.0,132.03697
14812.0,137.4537
14813.0,139.84248
14814.0,158.38672
14815.0,164.67627
14816.0,124.011665
14817.0,137.51924
14818.0,136.06384
14762.0,147.87068
14793.0,151.39015
14821.0,167.70828
14831.0,135.88998
14832.0,135.58644
14833.0,140.00475
14834.0,143.98375
14835.0,163.42749
14836.0,167.12689
14837.0,124.613846
14838.0,136.21436
14839.0,132.58206
14840.0,138.48837
14841.0,140.4413
14842.0,159.25183
14843.0,165.37636
14844.0,124.6873
14845.0,138.0041
14846.0,137.22119
14847.0,141.29202
14848.0,141.02283
14849.0,158.69269
14763.0,177.19038
14794.0,126.05448
14822.0,137.2933
14764.0,140.40056
14795.0,137.58858
14823.0,143.14873
14765.0,153.18893
14796.0,169.91216
14824.0,177.61006
14766.0,184.06468
14797.0,129.08798
14825.0,142.16063
14767.0,124.56771
14798.0,125.02557
14826.0,129.17645
14768.0,145.64859
14799.0,152.14864
14827.0,107.24308
14769.0,107.06362
14800.0,118.569664
14828.0,120.49617
14770.0,132.99017
14801.0,138.68846
14829.0,152.14607
14771.0,132.813
14802.0,139.95732
14830.0,96.7554
15660.0,46.509544
15691.0,119.46023
15719.0,122.21409
15672.0,130.3724
15673.0,134.68558
15674.0,102.702354
15675.0,123.324036
15676.0,127.43886
15677.0,130.85327
15678.0,136.3017
15679.0,146.54552
15680.0,149.01521
15681.0,111.54296
15682.0,122.939354
15683.0,125.01022
15684.0,129.52744
15685.0,135.09334
15686.0,145.50789
15687.0,148.62167
15688.0,111.54463
15689.0,125.17239
15690.0,129.32645
15661.0,139.77946
15692.0,142.85422
15720.0,151.99446
15703.0,131.68573
15704.0,132.51375
15705.0,133.31253
15706.0,135.19055
15707.0,141.74696
15708.0,165.81584
15709.0,124.90353
15710.0,136.09471
15711.0,132.01886
15712.0,137.4356
15713.0,139.82437
15714.0,158.3686
15715.0,164.65816
15716.0,123.99355
15717.0,137.50113
15718.0,136.04573
15662.0,147.85255
15693.0,151.37206
15721.0,167.69019
15731.0,135.87187
15732.0,135.56833
15733.0,139.98663
15734.0,143.96564
15735.0,163.40938
15736.0,167.10878
15737.0,124.59573
15738.0,136.19624
15739.0,132.56395
15740.0,138.47026
15741.0,140.42319
15742.0,159.23372
15743.0,165.35825
15744.0,124.66919
15745.0,137.986
15746.0,137.20308
15747.0,141.27391
15748.0,141.00471
15749.0,158.67458
15663.0,177.17227
15694.0,126.03637
15722.0,137.27519
15664.0,140.38245
15695.0,137.57047
15723.0,143.13062
15665.0,153.17082
15696.0,169.89404
15724.0,177.59195
15666.0,184.04659
15697.0,129.06985
15725.0,142.1425
15667.0,124.5496
15698.0,125.00746
15726.0,129.15836
15668.0,145.63048
15699.0,152.13052
15727.0,107.22497
15669.0,107.04551
15700.0,118.55155
15728.0,120.47806
15670.0,132.97205
15701.0,138.67033
15729.0,152.12796
15671.0,132.79489
15702.0,139.93921
15730.0,96.73729
16560.0,19.564734
16591.0,118.06524
16619.0,116.14121
16572.0,128.68687
16573.0,131.88716
16574.0,100.32023
16575.0,117.78434
16576.0,127.64533
16577.0,133.12141
16578.0,136.22095
16579.0,146.31383
16580.0,149.61671
16581.0,111.691864
16582.0,123.16994
16583.0,125.476295
16584.0,132.58212
16585.0,133.39699
16586.0,145.06337
16587.0,146.85522
16588.0,109.811714
16589.0,124.79888
16590.0,128.37943
16561.0,140.51874
16592.0,140.9806
16620.0,151.4454
16603.0,129.43398
16604.0,131.65201
16605.0,133.46996
16606.0,134.76547
16607.0,143.97417
16608.0,164.78284
16609.0,121.83673
16610.0,133.2692
16611.0,129.19334
16612.0,135.12149
16613.0,137.83363
16614.0,157.02121
16615.0,163.6167
16616.0,120.92677
16617.0,134.60292
16618.0,132.919
16562.0,145.70013
16593.0,149.68301
16621.0,165.62535
16631.0,132.90936
16632.0,132.90703
16633.0,137.80539
16634.0,142.10776
16635.0,162.2033
16636.0,166.12146
16637.0,121.57463
16638.0,133.41641
16639.0,129.78412
16640.0,136.20184
16641.0,138.47813
16642.0,157.932
16643.0,164.36247
16644.0,121.64064
16645.0,135.126
16646.0,134.11458
16647.0,138.72073
16648.0,138.64848
16649.0,157.36209
16563.0,176.29376
16594.0,123.88088
16622.0,133.95157
16564.0,138.7984
16595.0,135.20087
16623.0,140.31113
16565.0,151.48631
16596.0,168.22078
16624.0,175.84367
16566.0,184.1052
16597.0,128.61629
16625.0,140.79855
16567.0,123.763794
16598.0,123.4326
16626.0,128.74059
16568.0,145.53069
16599.0,151.67949
16627.0,105.372154
16569.0,106.514
16600.0,116.946884
16628.0,118.3003
16570.0,132.5365
16601.0,138.29646
16629.0,151.75923
16571.0,132.80672
16602.0,139.31848
16630.0,94.82168
17460.0,24.265085
17491.0,117.59214
17519.0,117.93253
17472.0,128.53648
17473.0,131.56627
17474.0,101.75345
17475.0,118.63496
17476.0,127.592155
17477.0,133.28531
17478.0,136.22095
17479.0,146.50789
17480.0,149.46724
17481.0,111.48717
17482.0,123.52467
17483.0,125.472084
17484.0,133.03876
17485.0,134.32863
17486.0,145.0381
17487.0,146.79453
17488.0,110.84022
17489.0,125.196045
17490.0,128.01677
17461.0,140.99658
17492.0,141.37666
17520.0,151.4454
17503.0,130.69191
17504.0,131.74161
17505.0,134.06007
17506.0,134.8978
17507.0,143.82716
17508.0,164.78284
17509.0,121.83673
17510.0,133.2692
17511.0,129.19334
17512.0,135.12149
17513.0,137.83363
17514.0,157.02121
17515.0,163.6167
17516.0,120.92677
17517.0,134.60292
17518.0,132.919
17462.0,145.70013
17493.0,149.68301
17521.0,165.62535
17531.0,132.90936
17532.0,132.90703
17533.0,137.80539
17534.0,142.10776
17535.0,162.2033
17536.0,166.12146
17537.0,121.57463
17538.0,133.41641
17539.0,129.78412
17540.0,136.20184
17541.0,138.47813
17542.0,157.932
17543.0,164.36247
17544.0,121.57619
17545.0,135.126
17546.0,134.11458
17547.0,138.72073
17548.0,138.64848
17549.0,157.36209
17463.0,176.29376
17494.0,123.88088
17522.0,133.95157
17464.0,138.7984
17495.0,135.20087
17523.0,140.31113
17465.0,151.48631
17496.0,168.22078
17524.0,175.84367
17466.0,184.1052
17497.0,128.61629
17525.0,140.79855
17467.0,123.763794
17498.0,123.4326
17526.0,128.74059
17468.0,145.53069
17499.0,151.67949
17527.0,105.372154
17469.0,106.514
17500.0,116.946884
17528.0,118.3003
17470.0,132.5365
17501.0,138.29646
17529.0,151.75923
17471.0,132.80672
17502.0,139.31848
17530.0,94.82168
18360.0,19.402205
18391.0,117.631516
18419.0,115.41575
18372.0,128.06462
18373.0,131.56627
18374.0,100.898865
18375.0,118.63496
18376.0,127.106476
18377.0,133.12141
18378.0,136.51395
18379.0,146.50789
18380.0,149.61671
18381.0,111.48717
18382.0,123.7995
18383.0,125.472084
18384.0,133.26816
18385.0,134.32863
18386.0,145.00267
18387.0,146.46155
18388.0,109.87241
18389.0,124.2111
18390.0,128.0464
18361.0,140.66156
18392.0,140.9806
18420.0,150.4805
18403.0,130.0241
18404.0,131.65201
18405.0,134.2029
18406.0,134.32236
18407.0,143.82716
18408.0,164.78284
18409.0,121.83673
18410.0,133.2692
18411.0,129.19334
18412.0,135.12149
18413.0,137.83363
18414.0,157.02121
18415.0,163.6167
18416.0,120.92677
18417.0,134.60292
18418.0,132.919
18362.0,145.70013
18393.0,149.68301
18421.0,165.62535
18431.0,132.90936
18432.0,132.90703
18433.0,137.80539
18434.0,142.10776
18435.0,162.2033
18436.0,166.12146
18437.0,121.57463
18438.0,133.41641
18439.0,129.78412
18440.0,136.20184
18441.0,138.47813
18442.0,157.932
18443.0,164.36247
18444.0,121.57619
18445.0,135.126
18446.0,134.11458
18447.0,138.72073
18448.0,138.64848
18449.0,157.36209
18363.0,176.29376
18394.0,123.88088
18422.0,133.95157
18364.0,138.7984
18395.0,135.20087
18423.0,140.31113
18365.0,151.48631
18396.0,168.22078
18424.0,175.84367
18366.0,184.1052
18397.0,128.61629
18425.0,140.79855
18367.0,123.763794
18398.0,123.4326
18426.0,128.74059
18368.0,145.53069
18399.0,151.67949
18427.0,105.372154
18369.0,106.514
18400.0,116.946884
18428.0,118.3003
18370.0,132.5365
18401.0,138.29646
18429.0,151.75923
18371.0,132.80672
18402.0,139.31848
18430.0,94.82168
19260.0,42.070396
19291.0,119.94968
19319.0,119.97289
19272.0,131.0234
19273.0,135.44307
19274.0,105.36638
19275.0,121.00711
19276.0,125.661255
19277.0,129.12047
19278.0,136.3806
19279.0,144.61101
19280.0,148.08534
19281.0,111.25812
19282.0,123.596794
19283.0,123.32731
19284.0,130.36453
19285.0,133.70964
19286.0,143.81151
19287.0,146.42859
19288.0,110.59336
19289.0,125.13714
19290.0,127.022354
19261.0,141.13135
19292.0,142.0601
19320.0,150.03674
19303.0,130.2194
19304.0,130.90096
19305.0,132.99825
19306.0,133.76794
19307.0,143.64409
19308.0,165.05972
19309.0,122.11362
19310.0,133.54608
19311.0,129.47023
19312.0,135.39838
19313.0,138.11052
19314.0,157.2981
19315.0,163.89359
19316.0,121.20366
19317.0,134.8798
19318.0,133.19589
19262.0,145.97702
19293.0,149.9599
19321.0,165.90224
19331.0,133.18625
19332.0,133.18391
19333.0,138.08228
19334.0,142.38464
19335.0,162.48018
19336.0,166.39835
19337.0,121.85152
19338.0,133.6933
19339.0,130.061
19340.0,136.47873
19341.0,138.75502
19342.0,158.2089
19343.0,164.63936
19344.0,121.85306
19345.0,135.4029
19346.0,134.39146
19347.0,138.99762
19348.0,138.92537
19349.0,157.63898
19263.0,176.57065
19294.0,124.15777
19322.0,134.22845
19264.0,139.07529
19295.0,135.47775
19323.0,140.58801
19265.0,151.7632
19296.0,168.49767
19324.0,176.12056
19266.0,184.38208
19297.0,128.89317
19325.0,141.07544
19267.0,124.04066
19298.0,123.70948
19326.0,129.01747
19268.0,145.80757
19299.0,151.95638
19327.0,105.64904
19269.0,106.790886
19300.0,117.22377
19328.0,118.57719
19270.0,132.81339
19301.0,138.57335
19329.0,152.03612
19271.0,133.0836
19302.0,139.59537
19330.0,95.098564
20160.0,15.138848
20191.0,115.8569
20219.0,114.00108
20172.0,125.6693
20173.0,128.71704
20174.0,99.37725
20175.0,117.19976
20176.0,126.41706
20177.0,132.52727
20178.0,135.56589
20179.0,146.22487
20180.0,150.14917
20181.0,112.674866
20182.0,124.06627
20183.0,125.23974
20184.0,133.41086
20185.0,133.49123
20186.0,145.84624
20187.0,146.48685
20188.0,110.612755
20189.0,124.74441
20190.0,128.1643
20161.0,139.96548
20192.0,140.24193
20220.0,149.76456
20203.0,129.60396
20204.0,130.29562
20205.0,133.13683
20206.0,133.77835
20207.0,143.31511
20208.0,163.77577
20209.0,121.11732
20210.0,132.54977
20211.0,128.52661
20212.0,134.50739
20213.0,136.78738
20214.0,156.347
20215.0,163.11504
20216.0,121.22401
20217.0,135.00157
20218.0,132.02759
20162.0,145.59833
20193.0,148.92355
20221.0,164.85893
20231.0,133.0095
20232.0,132.35844
20233.0,136.99417
20234.0,141.08566
20235.0,161.55322
20236.0,165.8398
20237.0,121.799866
20238.0,133.64166
20239.0,129.78397
20240.0,136.2543
20241.0,138.09848
20242.0,157.92436
20243.0,164.52737
20244.0,122.53998
20245.0,136.27591
20246.0,133.97444
20247.0,137.85516
20248.0,137.71632
20249.0,156.80196
20163.0,175.77066
20194.0,123.86793
20222.0,133.70515
20164.0,138.78545
20195.0,135.18791
20223.0,139.97586
20165.0,150.72685
20196.0,167.96988
20224.0,175.82318
20166.0,184.05934
20197.0,128.75476
20225.0,140.70357
20167.0,123.91227
20198.0,123.83208
20226.0,128.29276
20168.0,147.3665
20199.0,152.43556
20227.0,105.71374
20169.0,106.90292
20200.0,117.09626
20228.0,118.216255
20170.0,133.95549
20201.0,138.57994
20229.0,152.16638
20171.0,133.68529
20202.0,139.89542
20230.0,94.74802
21060.0,31.176245
21091.0,118.86956
21119.0,115.875145
21072.0,128.64899
21073.0,131.65292
21074.0,102.78158
21075.0,120.92645
21076.0,126.528145
21077.0,132.66953
21078.0,135.78163
21079.0,146.0892
21080.0,150.37115
21081.0,112.168945
21082.0,124.18863
21083.0,126.18145
21084.0,131.0376
21085.0,133.87166
21086.0,145.77519
21087.0,147.60184
21088.0,111.15801
21089.0,125.940605
21090.0,128.90878
21061.0,138.53333
21092.0,141.0421
21120.0,150.80411
21103.0,130.90135
21104.0,130.57416
21105.0,134.335
21106.0,133.84613
21107.0,143.42049
21108.0,163.77577
21109.0,121.11732
21110.0,132.54977
21111.0,128.52661
21112.0,134.50739
21113.0,136.78738
21114.0,156.347
21115.0,163.11504
21116.0,121.22401
21117.0,135.00157
21118.0,132.02759
21062.0,145.59833
21093.0,148.92355
21121.0,164.85893
21131.0,133.0095
21132.0,132.35844
21133.0,136.99417
21134.0,141.08566
21135.0,161.55322
21136.0,165.8398
21137.0,121.799866
21138.0,133.64166
21139.0,129.78397
21140.0,136.2543
21141.0,138.09848
21142.0,157.92436
21143.0,164.52737
21144.0,122.53998
21145.0,136.27591
21146.0,133.97444
21147.0,137.85516
21148.0,137.71632
21149.0,156.80196
21063.0,175.77066
21094.0,123.86793
21122.0,133.70515
21064.0,138.78545
21095.0,135.18791
21123.0,139.97586
21065.0,150.72685
21096.0,167.96988
21124.0,175.82318
21066.0,184.05934
21097.0,128.75476
21125.0,140.70357
21067.0,123.91227
21098.0,123.83208
21126.0,128.29276
21068.0,147.3665
21099.0,152.43556
21127.0,105.71374
21069.0,106.90292
21100.0,117.09626
21128.0,118.216255
21070.0,133.95549
21101.0,138.57994
21129.0,152.16638
21071.0,133.64911
21102.0,139.89542
21130.0,94.74802
21960.0,39.31661
21991.0,119.05352
22019.0,116.156136
21972.0,128.76321
21973.0,132.14792
21974.0,102.49543
21975.0,123.623375
21976.0,124.72583
21977.0,128.67342
21978.0,136.19475
21979.0,146.95285
21980.0,149.40463
21981.0,112.88818
21982.0,125.19018
21983.0,124.0029
21984.0,131.1666
21985.0,134.46483
21986.0,146.35286
21987.0,148.50772
21988.0,110.0075
21989.0,125.64132
21990.0,127.495804
21961.0,138.86058
21992.0,141.9781
22020.0,149.8852
22003.0,131.12738
22004.0,131.87106
22005.0,132.82349
22006.0,133.61336
22007.0,142.45198
22008.0,164.27455
22009.0,121.64333
22010.0,133.07578
22011.0,128.96605
22012.0,134.94681
22013.0,137.2268
22014.0,156.78642
22015.0,163.61382
22016.0,121.75001
22017.0,135.52757
22018.0,132.46701
21962.0,146.03775
21993.0,149.36298
22021.0,165.29836
22031.0,133.46188
22032.0,132.79787
22033.0,137.4336
22034.0,141.52509
22035.0,161.99265
22036.0,166.33858
22037.0,122.32587
22038.0,134.16766
22039.0,130.22339
22040.0,136.69373
22041.0,138.5379
22042.0,158.36378
22043.0,165.02615
22044.0,123.06598
22045.0,136.80191
22046.0,134.41386
22047.0,138.29459
22048.0,138.15575
22049.0,156.84943
21963.0,176.26944
21994.0,124.30736
22022.0,134.14458
21964.0,139.22487
21995.0,135.62733
22023.0,140.41528
21965.0,151.16628
21996.0,168.4093
22024.0,176.32196
21966.0,184.55812
21997.0,129.19418
22025.0,141.14299
21967.0,124.35171
21998.0,124.271515
22026.0,128.73218
21968.0,147.83513
21999.0,152.96355
22027.0,106.153175
21969.0,107.64435
22000.0,117.837685
22028.0,118.95768
21970.0,134.48299
22001.0,139.148
22029.0,152.59163
21971.0,134.03381
22002.0,140.33948
22030.0,95.13273
22860.0,22.031633
22891.0,119.888885
22919.0,117.61747
22872.0,127.89814
22873.0,130.62895
22874.0,100.54398
22875.0,120.6129
22876.0,128.14354
22877.0,134.81787
22878.0,137.88664
22879.0,149.8164
22880.0,153.16753
22881.0,115.32686
22882.0,126.235565
22883.0,127.26712
22884.0,136.26636
22885.0,137.17265
22886.0,149.59273
22887.0,150.87166
22888.0,112.25364
22889.0,126.995415
22890.0,130.33496
22861.0,143.40907
22892.0,144.23657
22920.0,153.47017
22903.0,131.34862
22904.0,131.9839
22905.0,135.3504
22906.0,137.30595
22907.0,147.76385
22908.0,166.5163
22909.0,122.76228
22910.0,135.07605
22911.0,131.5742
22912.0,138.5022
22913.0,141.39397
22914.0,161.16444
22915.0,165.4382
22916.0,122.04376
22917.0,136.00835
22918.0,133.96455
22862.0,148.57397
22893.0,152.45023
22921.0,169.70894
22931.0,134.51352
22932.0,134.11282
22933.0,139.28401
22934.0,143.92651
22935.0,166.27971
22936.0,168.46118
22937.0,123.32574
22938.0,136.0488
22939.0,132.44614
22940.0,140.24911
22941.0,142.70505
22942.0,162.7418
22943.0,166.85054
22944.0,123.359764
22945.0,137.28267
22946.0,135.91139
22947.0,140.46303
22948.0,140.89334
22949.0,161.35138
22863.0,179.68852
22894.0,126.196
22922.0,136.20436
22864.0,143.16475
22895.0,139.56721
22923.0,144.52318
22865.0,154.47359
22896.0,173.03996
22924.0,180.18773
22866.0,186.37836
22897.0,130.3078
22925.0,142.2566
22867.0,124.194084
22898.0,123.97124
22926.0,128.49832
22868.0,148.5525
22899.0,153.46332
22927.0,106.2814
22869.0,107.03548
22900.0,117.58006
22928.0,118.70005
22870.0,134.26245
22901.0,139.6023
22929.0,153.44273
22871.0,134.0602
22902.0,140.65349
22930.0,94.92154
23760.0,11.53385
23791.0,119.70874
23819.0,116.17766
23772.0,129.10637
23773.0,130.67863
23774.0,100.62589
23775.0,117.80307
23776.0,127.52656
23777.0,134.41719
23778.0,137.69453
23779.0,149.58212
23780.0,152.87968
23781.0,114.63425
23782.0,125.872955
23783.0,126.90454
23784.0,135.28519
23785.0,136.48842
23786.0,149.43806
23787.0,149.84056
23788.0,111.68278
23789.0,125.69384
23790.0,129.33032
23761.0,143.0793
23792.0,143.193
23820.0,152.86467
23803.0,130.6617
23804.0,131.79506
23805.0,135.23059
23806.0,136.6664
23807.0,147.2117
23808.0,166.66583
23809.0,122.89266
23810.0,135.20645
23811.0,131.7046
23812.0,138.6326
23813.0,141.52116
23814.0,161.29164
23815.0,165.5654
23816.0,122.15182
23817.0,136.11641
23818.0,134.07262
23762.0,148.57922
23793.0,152.47461
23821.0,169.73332
23831.0,134.51877
23832.0,134.11807
23833.0,139.35826
23834.0,144.0199
23835.0,166.3731
23836.0,168.61072
23837.0,123.456116
23838.0,136.1792
23839.0,132.57654
23840.0,140.37952
23841.0,142.83224
23842.0,162.869
23843.0,166.97774
23844.0,123.46782
23845.0,137.39073
23846.0,136.01945
23847.0,140.31706
23848.0,140.76651
23849.0,161.22455
23763.0,179.7129
23794.0,126.20124
23822.0,136.20961
23764.0,143.17
23795.0,139.57246
23823.0,144.52843
23765.0,154.49797
23796.0,173.06435
23824.0,180.21211
23766.0,186.40274
23797.0,130.31305
23825.0,142.26186
23767.0,124.199326
23798.0,123.97648
23826.0,128.5227
23768.0,148.57689
23799.0,153.4877
23827.0,106.286644
23769.0,107.04072
23800.0,117.585304
23828.0,118.70529
23770.0,134.2677
23801.0,139.62668
23829.0,153.46712
23771.0,134.06544
23802.0,140.65874
23830.0,94.92678
24660.0,46.6068
24691.0,120.70718
24719.0,119.6485
24672.0,131.60437
24673.0,135.50534
24674.0,113.30784
24675.0,128.16289
24676.0,125.80714
24677.0,132.3214
24678.0,136.65242
24679.0,148.82639
24680.0,151.3337
24681.0,112.624115
24682.0,124.10617
24683.0,124.047455
24684.0,130.64365
24685.0,136.56688
24686.0,147.43553
24687.0,150.69926
24688.0,111.58257
24689.0,125.271324
24690.0,128.17316
24661.0,140.7371
24692.0,144.29343
24720.0,151.59602
24703.0,131.14012
24704.0,130.49745
24705.0,132.31291
24706.0,133.94417
24707.0,143.94324
24708.0,167.28728
24709.0,123.514114
24710.0,135.8279
24711.0,132.32605
24712.0,139.25404
24713.0,142.14261
24714.0,161.91309
24715.0,166.18684
24716.0,122.77327
24717.0,136.73785
24718.0,134.69406
24662.0,149.20067
24693.0,153.09605
24721.0,170.35477
24731.0,135.14021
24732.0,134.73952
24733.0,139.9797
24734.0,144.64134
24735.0,166.99454
24736.0,169.23216
24737.0,124.07757
24738.0,136.80064
24739.0,133.19798
24740.0,141.00096
24741.0,143.45369
24742.0,163.49045
24743.0,167.59918
24744.0,124.08927
24745.0,138.01218
24746.0,136.6409
24747.0,140.9385
24748.0,141.38795
24749.0,161.846
24663.0,180.33435
24694.0,126.82269
24722.0,136.83105
24664.0,143.79144
24695.0,140.19391
24723.0,145.14987
24665.0,155.11942
24696.0,173.68579
24724.0,180.83356
24666.0,187.02419
24697.0,130.9345
24725.0,142.8833
24667.0,124.52016
24698.0,124.29731
24726.0,128.84354
24668.0,148.89772
24699.0,153.80853
24727.0,106.607475
24669.0,107.36155
24700.0,117.906136
24728.0,119.02612
24670.0,134.58853
24701.0,139.94751
24729.0,153.78795
24671.0,134.38628
24702.0,140.97957
24730.0,95.24761
25560.0,33.094112
25591.0,121.20439
25619.0,116.2296
25572.0,129.61491
25573.0,133.7325
25574.0,100.1097
25575.0,121.740166
25576.0,126.2347
25577.0,134.01259
25578.0,138.17606
25579.0,148.50876
25580.0,153.60689
25581.0,115.365585
25582.0,126.754425
25583.0,128.32256
25584.0,135.52988
25585.0,137.56633
25586.0,148.74232
25587.0,150.98497
25588.0,112.88841
25589.0,127.27554
25590.0,128.89561
25561.0,140.39604
25592.0,144.16647
25620.0,151.17842
25603.0,132.73863
25604.0,134.01414
25605.0,137.55551
25606.0,136.95534
25607.0,145.27371
25608.0,164.92773
25609.0,119.5881
25610.0,132.29951
25611.0,130.09386
25612.0,136.53098
25613.0,138.78062
25614.0,158.10835
25615.0,164.37645
25616.0,118.28971
25617.0,132.7878
25618.0,132.47139
25562.0,145.73299
25593.0,150.38475
25621.0,167.10345
25631.0,130.80978
25632.0,131.21024
25633.0,136.83847
25634.0,141.64912
25635.0,163.08752
25636.0,166.40045
25637.0,119.3479
25638.0,132.4686
25639.0,130.16212
25640.0,137.47423
25641.0,139.51678
25642.0,159.10857
25643.0,165.23932
25644.0,119.028564
25645.0,133.48497
25646.0,133.84108
25647.0,137.65736
25648.0,137.9249
25649.0,157.8748
25563.0,177.72438
25594.0,123.22757
25622.0,134.08452
25564.0,139.56392
25595.0,136.35738
25623.0,141.76707
25565.0,151.49754
25596.0,169.27853
25624.0,177.4351
25566.0,183.12111
25597.0,126.36166
25625.0,139.15918
25567.0,121.0491
25598.0,121.06347
25626.0,124.35429
25568.0,145.38667
25599.0,151.53455
25627.0,103.807335
25569.0,105.57164
25600.0,116.0177
25628.0,115.9811
25570.0,133.73337
25601.0,137.51874
25629.0,150.56503
25571.0,131.6405
25602.0,138.55943
25630.0,93.0099
26460.0,19.493448
26491.0,116.46996
26519.0,114.207985
26472.0,126.57229
26473.0,132.2394
26474.0,98.496086
26475.0,118.02564
26476.0,130.5161
26477.0,136.11641
26478.0,138.50644
26479.0,149.06203
26480.0,153.68237
26481.0,116.04504
26482.0,127.86859
26483.0,129.23657
26484.0,136.48112
26485.0,137.5105
26486.0,148.78976
26487.0,150.99472
26488.0,112.99208
26489.0,127.48038
26490.0,132.18575
26461.0,143.59004
26492.0,143.55429
26520.0,152.10374
26503.0,133.14381
26504.0,134.35435
26505.0,138.35783
26506.0,138.31058
26507.0,147.44911
26508.0,165.34985
26509.0,120.11254
26510.0,132.82396
26511.0,130.6183
26512.0,137.05542
26513.0,139.30507
26514.0,158.6328
26515.0,164.79857
26516.0,118.81414
26517.0,133.74559
26518.0,133.42918
26462.0,146.25743
26493.0,150.9092
26521.0,167.6279
26531.0,131.33423
26532.0,131.73468
26533.0,137.36292
26534.0,142.17357
26535.0,163.61197
26536.0,166.82257
26537.0,119.87233
26538.0,132.99304
26539.0,130.68657
26540.0,137.99867
26541.0,140.04123
26542.0,159.63301
26543.0,165.66144
26544.0,119.55299
26545.0,134.44276
26546.0,134.79887
26547.0,138.8514
26548.0,139.11893
26549.0,159.06883
26463.0,178.50569
26494.0,123.75201
26522.0,134.60896
26464.0,140.08836
26495.0,136.88182
26523.0,142.29152
26465.0,151.84348
26496.0,169.62447
26524.0,178.0379
26466.0,184.1994
26497.0,127.183105
26525.0,139.9806
26467.0,121.61984
26498.0,121.63419
26526.0,124.92501
26468.0,145.54036
26499.0,151.97887
26527.0,104.61007
26469.0,106.37437
26500.0,116.17139
26528.0,115.77765
26470.0,133.92853
26501.0,137.7139
26529.0,150.40306
26471.0,131.82492
26502.0,138.87935
26530.0,93.84338
27360.0,29.369722
27391.0,118.3432
27419.0,116.39012
27372.0,128.36975
27373.0,132.9676
27374.0,100.65654
27375.0,119.389725
27376.0,129.10799
27377.0,136.77184
27378.0,138.88907
27379.0,148.73369
27380.0,153.5784
27381.0,115.06431
27382.0,127.62467
27383.0,129.71912
27384.0,135.81248
27385.0,137.48526
27386.0,148.92984
27387.0,149.39795
27388.0,113.48777
27389.0,127.92326
27390.0,131.85277
27361.0,143.25502
27392.0,143.74838
27420.0,152.88213
27403.0,134.44121
27404.0,135.35844
27405.0,138.29793
27406.0,138.36453
27407.0,146.43745
27408.0,165.34985
27409.0,120.11254
27410.0,132.82396
27411.0,130.6183
27412.0,137.05542
27413.0,139.30507
27414.0,158.6328
27415.0,164.79857
27416.0,118.81414
27417.0,133.74559
27418.0,133.42918
27362.0,146.25743
27393.0,150.9092
27421.0,167.6279
27431.0,131.33423
27432.0,131.73468
27433.0,137.36292
27434.0,142.17357
27435.0,163.61197
27436.0,166.82257
27437.0,119.87233
27438.0,132.99304
27439.0,130.68657
27440.0,137.99867
27441.0,140.04123
27442.0,159.63301
27443.0,165.66144
27444.0,119.55299
27445.0,134.44276
27446.0,134.79887
27447.0,138.8514
27448.0,139.11893
27449.0,159.06883
27363.0,178.50569
27394.0,123.75201
27422.0,134.60896
27364.0,140.1185
27395.0,136.88182
27423.0,142.29152
27365.0,151.84348
27396.0,169.62447
27424.0,178.0379
27366.0,184.1994
27397.0,127.183105
27425.0,139.9806
27367.0,121.61984
27398.0,121.63419
27426.0,124.92501
27368.0,145.54036
27399.0,151.97887
27427.0,104.61007
27369.0,106.37437
27400.0,116.17139
27428.0,115.77765
27370.0,133.92853
27401.0,137.7139
27429.0,150.40306
27371.0,131.9341
27402.0,138.98853
27430.0,93.95255
28260.0,21.663595
28291.0,117.28628
28319.0,114.15584
28272.0,127.12994
28273.0,132.24866
28274.0,98.561165
28275.0,116.62085
28276.0,130.99275
28277.0,136.87529
28278.0,139.06958
28279.0,149.19273
28280.0,153.90164
28281.0,116.58554
28282.0,127.73322
28283.0,129.85602
28284.0,137.50175
28285.0,137.61258
28286.0,149.05716
28287.0,151.01993
28288.0,113.57841
28289.0,127.67724
28290.0,132.80522
28261.0,143.92766
28292.0,143.68161
28320.0,152.71815
28303.0,133.73201
28304.0,135.5045
28305.0,139.06743
28306.0,138.60324
28307.0,147.62233
28308.0,165.37506
28309.0,120.13776
28310.0,132.84917
28311.0,130.64351
28312.0,137.53177
28313.0,139.78142
28314.0,159.10915
28315.0,164.82378
28316.0,118.839355
28317.0,133.7708
28318.0,133.45439
28262.0,146.89037
28293.0,151.54213
28321.0,168.26086
28331.0,131.38026
28332.0,131.78072
28333.0,137.99586
28334.0,142.80652
28335.0,164.24492
28336.0,167.00438
28337.0,120.054146
28338.0,133.17485
28339.0,130.86838
28340.0,138.63162
28341.0,140.67418
28342.0,160.26596
28343.0,165.84325
28344.0,119.734795
28345.0,134.62457
28346.0,134.98068
28347.0,139.48434
28348.0,139.75188
28349.0,159.70178
28263.0,178.68752
28294.0,123.93381
28322.0,134.79077
28264.0,140.1437
28295.0,136.90703
28323.0,142.76787
28265.0,152.31982
28296.0,170.10081
28324.0,178.06311
28266.0,184.22461
28297.0,127.20832
28325.0,140.00581
28267.0,121.75338
28298.0,122.11056
28326.0,125.40136
28268.0,146.01671
28299.0,152.00407
28327.0,104.35481
28269.0,106.093895
28300.0,115.890915
28328.0,115.49716
28270.0,133.99371
28301.0,138.05957
28329.0,150.74873
28271.0,132.38524
28302.0,138.98853
28330.0,93.672066
29160.0,31.767084
29191.0,119.52641
29219.0,115.870384
29172.0,127.83421
29173.0,131.35422
29174.0,100.518005
29175.0,120.811676
29176.0,129.53905
29177.0,135.07198
29178.0,139.10104
29179.0,148.6367
29180.0,153.37927
29181.0,117.02896
29182.0,126.98872
29183.0,130.6427
29184.0,136.60817
29185.0,138.61002
29186.0,149.16357
29187.0,151.30734
29188.0,113.3769
29189.0,127.116325
29190.0,133.43257
29161.0,143.92476
29192.0,144.81775
29220.0,151.60667
29203.0,134.82228
29204.0,135.66115
29205.0,138.97105
29206.0,138.78772
29207.0,146.39061
29208.0,165.34477
29209.0,119.951065
29210.0,132.66249
29211.0,130.45683
29212.0,137.3451
29213.0,139.21365
29214.0,158.67136
29215.0,164.38599
29216.0,118.24516
29217.0,133.17662
29218.0,132.86021
29162.0,146.68724
29193.0,151.36542
29221.0,168.2141
29231.0,131.17712
29232.0,131.57758
29233.0,137.80919
29234.0,142.64626
29235.0,164.11374
29236.0,166.8732
29237.0,119.867455
29238.0,132.98817
29239.0,130.6817
29240.0,138.44495
29241.0,140.10641
29242.0,159.72728
29243.0,165.30457
29244.0,119.1406
29245.0,134.0304
29246.0,134.3865
29247.0,138.89017
29248.0,139.18411
29249.0,159.1631
29163.0,178.53987
29194.0,123.555016
29222.0,134.412
29164.0,139.76494
29195.0,136.52826
29223.0,142.3891
29165.0,151.85394
29196.0,169.66402
29224.0,177.62631
29166.0,183.79478
29197.0,126.82954
29225.0,139.62706
29167.0,121.34886
29198.0,121.70604
29226.0,124.91674
29168.0,145.83195
29199.0,151.57368
29227.0,103.950294
29169.0,105.68938
29200.0,115.4864
29228.0,115.09264
29170.0,133.5892
29201.0,137.44507
29229.0,150.56398
29171.0,131.92114
29202.0,138.2788
29230.0,93.26755
30060.0,12.892705
30091.0,117.07089
30119.0,114.08697
30072.0,126.28951
30073.0,129.51917
30074.0,98.471115
30075.0,115.904274
30076.0,130.1104
30077.0,136.52248
30078.0,138.16455
30079.0,148.31151
30080.0,153.01978
30081.0,116.07298
30082.0,127.02658
30083.0,129.74463
30084.0,137.21132
30085.0,137.2062
30086.0,148.4859
30087.0,149.9006
30088.0,113.17864
30089.0,127.74656
30090.0,132.3159
30061.0,142.76146
30092.0,143.55649
30120.0,151.6375
30103.0,133.28941
30104.0,134.3059
30105.0,137.48671
30106.0,137.8263
30107.0,146.97939
30108.0,165.01678
30109.0,119.8009
30110.0,132.51231
30111.0,130.30666
30112.0,137.05048
30113.0,138.91904
30114.0,158.20296
30115.0,163.66838
30116.0,117.70538
30117.0,132.63683
30118.0,132.32042
30062.0,146.68623
30093.0,151.36441
30121.0,168.03932
30131.0,131.17613
30132.0,131.57658
30133.0,137.8082
30134.0,142.64526
30135.0,163.93896
30136.0,166.6944
30137.0,119.86646
30138.0,132.98718
30139.0,130.68071
30140.0,138.09789
30141.0,139.75935
30142.0,159.20644
30143.0,164.53452
30144.0,118.54838
30145.0,133.43816
30146.0,133.79427
30147.0,138.60458
30148.0,138.89853
30149.0,158.70374
30063.0,178.3622
30094.0,124.0102
30122.0,134.86717
30064.0,139.6996
30095.0,136.32623
30123.0,141.94044
30065.0,151.54083
30096.0,169.17714
30124.0,177.1354
30066.0,183.30388
30097.0,126.65618
30125.0,139.4537
30067.0,120.87033
30098.0,121.38736
30126.0,124.598045
30068.0,145.3939
30099.0,151.1316
30127.0,103.47176
30069.0,105.31771
30100.0,115.11473
30128.0,114.72098
30070.0,133.2761
30101.0,137.13196
30129.0,150.15996
30071.0,131.51712
30102.0,137.80882
30130.0,92.99511
30960.0,33.385162
30991.0,119.07998
31019.0,115.97891
30972.0,127.91969
30973.0,132.35312
30974.0,103.74307
30975.0,117.94466
30976.0,129.46404
30977.0,134.98369
30978.0,138.36572
30979.0,148.28395
30980.0,153.26486
30981.0,116.67406
30982.0,126.637665
30983.0,130.24515
30984.0,136.7993
30985.0,138.0061
30986.0,147.61548
30987.0,150.87796
30988.0,113.84675
30989.0,127.56211
30990.0,132.18068
30961.0,142.81728
30992.0,144.53305
31020.0,151.2827
31003.0,134.60905
31004.0,135.48634
31005.0,138.86424
31006.0,135.79517
31007.0,147.21236
31008.0,165.01678
31009.0,119.8009
31010.0,132.51231
31011.0,130.30666
31012.0,137.05048
31013.0,138.91904
31014.0,158.20296
31015.0,163.66838
31016.0,117.70538
31017.0,132.63683
31018.0,132.32042
30962.0,146.68623
30993.0,151.36441
31021.0,168.03932
31031.0,131.17613
31032.0,131.57658
31033.0,137.8082
31034.0,142.64526
31035.0,163.93896
31036.0,166.6944
31037.0,119.86646
31038.0,132.98718
31039.0,130.68071
31040.0,138.09789
31041.0,139.75935
31042.0,159.20644
31043.0,164.53452
31044.0,118.54838
31045.0,133.43816
31046.0,133.79427
31047.0,138.60458
31048.0,138.89853
31049.0,158.70374
30963.0,178.3622
30994.0,124.0102
31022.0,134.86717
30964.0,139.6996
30995.0,136.32623
31023.0,141.94044
30965.0,151.54083
30996.0,169.17714
31024.0,177.1354
30966.0,183.30388
30997.0,126.65618
31025.0,139.4537
30967.0,120.87033
30998.0,121.38736
31026.0,124.598045
30968.0,145.3939
30999.0,151.1316
31027.0,103.47176
30969.0,105.31771
31000.0,115.11473
31028.0,114.72098
30970.0,133.2761
31001.0,137.13196
31029.0,150.15996
30971.0,131.51712
31002.0,137.80882
31030.0,92.99511
31860.0,40.371086
31891.0,117.92527
31919.0,116.76268
31872.0,128.27808
31873.0,131.53397
31874.0,102.658585
31875.0,119.04735
31876.0,129.83675
31877.0,131.6351
31878.0,139.59428
31879.0,148.47203
31880.0,153.16925
31881.0,114.21274
31882.0,124.26068
31883.0,125.82663
31884.0,136.99934
31885.0,139.22343
31886.0,150.5166
31887.0,150.86469
31888.0,112.71313
31889.0,126.392525
31890.0,131.09663
31861.0,141.0139
31892.0,144.70631
31920.0,154.0486
31903.0,134.01418
31904.0,133.00056
31905.0,138.31517
31906.0,136.1288
31907.0,147.10747
31908.0,164.88326
31909.0,119.66736
31910.0,132.37878
31911.0,130.17313
31912.0,137.10669
31913.0,139.57428
31914.0,158.06943
31915.0,163.53485
31916.0,117.57184
31917.0,132.5033
31918.0,132.18689
31862.0,146.47923
31893.0,151.0138
31921.0,167.6426
31931.0,131.09274
31932.0,131.4932
31933.0,137.86441
31934.0,143.3005
31935.0,163.80544
31936.0,166.56087
31937.0,119.7329
31938.0,132.85365
31939.0,130.54718
31940.0,138.1541
31941.0,140.4146
31942.0,159.0729
31943.0,164.40099
31944.0,118.41483
31945.0,133.30463
31946.0,133.66074
31947.0,138.66078
31948.0,139.55377
31949.0,158.5702
31863.0,177.96547
31894.0,123.66428
31922.0,134.52126
31864.0,139.35368
31895.0,135.98032
31923.0,141.78427
31865.0,151.24104
31896.0,168.8312
31924.0,176.78947
31866.0,182.7224
31897.0,126.17046
31925.0,138.8722
31867.0,120.20069
31898.0,120.90746
31926.0,124.477776
31868.0,144.9093
31899.0,150.647
31927.0,103.0829
31869.0,104.92885
31900.0,114.630104
31928.0,114.23635
31870.0,132.98123
31901.0,137.1967
31929.0,149.67535
31871.0,131.23177
31902.0,137.27625
31930.0,92.65854
32760.0,14.211221
32791.0,118.54508
32819.0,114.9177
32772.0,128.4556
32773.0,131.3793
32774.0,99.88575
32775.0,117.18785
32776.0,130.96225
32777.0,137.77225
32778.0,139.21584
32779.0,150.54893
32780.0,154.83838
32781.0,117.91791
32782.0,127.55762
32783.0,130.52821
32784.0,137.8088
32785.0,137.5048
32786.0,148.63864
32787.0,150.30008
32788.0,115.43035
32789.0,129.28638
32790.0,133.59595
32761.0,142.89735
32792.0,143.10321
32820.0,152.17017
32803.0,134.22162
32804.0,135.49069
32805.0,138.83075
32806.0,139.93013
32807.0,148.3582
32808.0,165.66563
32809.0,120.76372
32810.0,132.50847
32811.0,130.30281
32812.0,138.42249
32813.0,140.79208
32814.0,158.67264
32815.0,163.93584
32816.0,118.908676
32817.0,132.55377
32818.0,132.23737
32762.0,146.73862
32793.0,150.82762
32821.0,168.12491
32831.0,131.22243
32832.0,131.62288
32833.0,139.18404
32834.0,144.53188
32835.0,165.18011
32836.0,167.76537
32837.0,120.82931
32838.0,132.98334
32839.0,130.67686
32840.0,139.4699
32841.0,141.6324
32842.0,159.67612
32843.0,164.77144
32844.0,119.31486
32845.0,132.91832
32846.0,133.27443
32847.0,138.82257
32848.0,139.61757
32849.0,158.77731
32763.0,178.27762
32794.0,125.50553
32822.0,135.39584
32764.0,140.45059
32795.0,137.07722
32823.0,142.26598
32765.0,151.3992
32796.0,168.47638
32824.0,176.26448
32766.0,182.28984
32797.0,128.22684
32825.0,139.96187
32767.0,122.04636
32798.0,122.407875
32826.0,125.87583
32768.0,145.30566
32799.0,151.14316
32827.0,105.7764
32769.0,107.10717
32800.0,116.69129
32828.0,116.54277
32770.0,134.63329
32801.0,138.73622
32829.0,150.99316
32771.0,132.30042
32802.0,138.9186
32830.0,95.82805
33660.0,43.248585
33691.0,119.38697
33719.0,117.560486
33672.0,130.47688
33673.0,136.31319
33674.0,102.35008
33675.0,118.7625
33676.0,126.74662
33677.0,134.24876
33678.0,139.54494
33679.0,150.66383
33680.0,153.4495
33681.0,113.82311
33682.0,125.665344
33683.0,127.8263
33684.0,134.20409
33685.0,138.19875
33686.0,148.72992
33687.0,149.69635
33688.0,114.89689
33689.0,128.00963
33690.0,131.25111
33661.0,140.34418
33692.0,143.68324
33720.0,151.59619
33703.0,135.17702
33704.0,133.4858
33705.0,135.0524
33706.0,137.63101
33707.0,146.93646
33708.0,165.7509
33709.0,120.849
33710.0,132.59274
33711.0,130.38708
33712.0,138.50676
33713.0,140.87636
33714.0,158.75691
33715.0,163.91057
33716.0,118.88341
33717.0,132.5285
33718.0,132.2121
33662.0,146.82883
33693.0,150.91783
33721.0,168.21512
33731.0,131.31264
33732.0,131.71309
33733.0,139.27425
33734.0,144.62209
33735.0,165.26538
33736.0,167.85063
33737.0,120.91459
33738.0,133.06761
33739.0,130.76114
33740.0,139.55417
33741.0,141.71667
33742.0,159.76039
33743.0,164.74617
33744.0,119.28959
33745.0,132.89305
33746.0,133.24916
33747.0,138.7973
33748.0,139.5923
33749.0,158.75204
33663.0,178.36783
33694.0,125.59576
33722.0,135.48605
33664.0,140.5408
33695.0,137.16743
33723.0,142.35619
33665.0,151.48941
33696.0,168.56659
33724.0,176.35469
33666.0,182.38005
33697.0,128.31705
33725.0,140.05208
33667.0,122.13658
33698.0,122.4981
33726.0,125.96606
33668.0,145.39587
33699.0,151.23337
33727.0,105.86662
33669.0,107.197395
33700.0,116.78152
33728.0,116.632996
33670.0,134.7235
33701.0,138.82643
33729.0,151.08337
33671.0,132.39062
33702.0,139.0088
33730.0,95.82805
34560.0,20.903532
34591.0,117.38391
34619.0,114.89476
34572.0,129.14813
34573.0,131.85236
34574.0,102.165474
34575.0,118.45055
34576.0,133.60596
34577.0,140.05682
34578.0,140.86148
34579.0,152.12827
34580.0,157.3246
34581.0,119.60383
34582.0,129.12582
34583.0,131.86317
34584.0,139.48811
34585.0,139.43387
34586.0,150.17125
34587.0,152.09346
34588.0,116.483536
34589.0,130.77153
34590.0,134.74516
34561.0,146.90186
34592.0,145.90486
34620.0,154.34102
34603.0,137.70473
34604.0,138.01137
34605.0,141.3798
34606.0,141.28372
34607.0,150.06454
34608.0,165.32603
34609.0,122.892715
34610.0,134.18954
34611.0,131.41315
34612.0,139.03317
34613.0,142.31682
34614.0,159.19199
34615.0,164.30157
34616.0,120.22052
34617.0,133.83307
34618.0,133.26097
34562.0,149.03824
34593.0,153.35954
34621.0,168.52203
34631.0,133.5712
34632.0,133.5162
34633.0,141.29631
34634.0,146.80234
34635.0,165.3869
34636.0,167.4073
34637.0,123.46064
34638.0,135.16673
34639.0,132.28952
34640.0,140.5829
34641.0,143.65945
34642.0,160.19547
34643.0,164.6164
34644.0,120.6267
34645.0,134.19762
34646.0,134.29803
34647.0,140.47327
34648.0,142.32187
34649.0,159.34682
34563.0,177.68669
34594.0,127.77125
34622.0,137.6691
34564.0,141.18045
34595.0,138.33661
34623.0,144.08125
34565.0,152.97447
34596.0,168.6165
34624.0,175.91524
34566.0,181.45943
34597.0,130.47337
34625.0,142.21588
34567.0,123.70579
34598.0,124.05884
34626.0,126.59409
34568.0,144.60945
34599.0,149.45888
34627.0,106.801476
34569.0,108.13225
34600.0,117.72388
34628.0,117.220604
34570.0,136.38853
34601.0,139.98506
34629.0,150.44829
34571.0,133.41293
34602.0,139.04308
34630.0,96.63045
35460.0,14.525954
35491.0,118.83352
35519.0,115.062614
35472.0,127.80909
35473.0,130.02226
35474.0,101.34843
35475.0,118.01643
35476.0,133.1203
35477.0,139.42691
35478.0,140.53134
35479.0,150.974
35480.0,156.17033
35481.0,119.478386
35482.0,128.66669
35483.0,131.83244
35484.0,138.62828
35485.0,139.10373
35486.0,148.69908
35487.0,151.6797
35488.0,116.34747
35489.0,129.78712
35490.0,134.1574
35461.0,146.5058
35492.0,145.14632
35520.0,154.3272
35503.0,136.60762
35504.0,137.61534
35505.0,141.0287
35506.0,140.76913
35507.0,149.84265
35508.0,164.66052
35509.0,122.892715
35510.0,134.18954
35511.0,131.41315
35512.0,139.03317
35513.0,142.31682
35514.0,157.79262
35515.0,162.63197
35516.0,120.22052
35517.0,133.83307
35518.0,133.26097
35462.0,149.03824
35493.0,153.35954
35521.0,168.06912
35531.0,133.5712
35532.0,133.5162
35533.0,141.29631
35534.0,146.80234
35535.0,164.27388
35536.0,166.74179
35537.0,123.46064
35538.0,135.16673
35539.0,132.28952
35540.0,140.5829
35541.0,143.65945
35542.0,158.7961
35543.0,162.9468
35544.0,120.6267
35545.0,134.19762
35546.0,134.29803
35547.0,140.47327
35548.0,142.32187
35549.0,157.94745
35463.0,177.26997
35494.0,127.77125
35522.0,137.6691
35464.0,141.18045
35495.0,138.33661
35523.0,144.08125
35465.0,152.99629
35496.0,168.18538
35524.0,175.52034
35466.0,181.06453
35497.0,130.26012
35525.0,142.2377
35467.0,123.72761
35498.0,124.08066
35526.0,126.61591
35468.0,144.15651
35499.0,149.04216
35527.0,106.801476
35469.0,108.13225
35500.0,117.72388
35528.0,117.220604
35470.0,136.38853
35501.0,139.98506
35529.0,149.99538
35471.0,132.96002
35502.0,138.62636
35530.0,96.63045
36360.0,11.128302
36391.0,117.46818
36419.0,113.11181
36372.0,128.82036
36373.0,130.73271
36374.0,100.45854
36375.0,116.43731
36376.0,132.50311
36377.0,139.51508
36378.0,140.84384
36379.0,150.974
36380.0,156.30641
36381.0,119.50384
36382.0,128.88622
36383.0,131.19405
36384.0,139.02895
36385.0,139.7464
36386.0,148.69908
36387.0,151.21068
36388.0,116.372925
36389.0,129.48242
36390.0,134.18285
36361.0,146.3999
36392.0,145.14632
36420.0,154.3272
36403.0,136.51463
36404.0,137.1342
36405.0,140.92278
36406.0,140.76913
36407.0,149.21274
36408.0,164.66052
36409.0,122.89543
36410.0,134.19225
36411.0,131.41585
36412.0,139.03587
36413.0,142.31682
36414.0,157.79262
36415.0,162.63197
36416.0,120.223236
36417.0,133.83577
36418.0,133.26367
36362.0,149.04095
36393.0,153.35954
36421.0,168.06912
36431.0,133.5739
36432.0,133.5189
36433.0,141.29901
36434.0,146.80234
36435.0,164.27388
36436.0,166.74179
36437.0,123.463356
36438.0,135.16943
36439.0,132.29222
36440.0,140.5856
36441.0,143.65945
36442.0,158.7961
36443.0,162.9468
36444.0,120.62942
36445.0,134.20032
36446.0,134.30074
36447.0,140.47597
36448.0,142.32187
36449.0,157.94745
36363.0,177.26997
36394.0,127.77395
36422.0,137.6718
36364.0,140.91742
36395.0,138.33931
36423.0,144.08397
36365.0,152.99629
36396.0,168.18538
36424.0,175.52034
36366.0,181.06453
36397.0,130.49504
36425.0,142.47263
36367.0,123.80193
36398.0,124.15494
36426.0,126.61591
36368.0,144.15651
36399.0,149.04216
36427.0,107.036415
36369.0,108.36719
36400.0,117.95882
36428.0,117.29493
36370.0,136.46284
36401.0,139.98506
36429.0,149.99538
36371.0,132.96002
36402.0,138.62636
36430.0,96.86539
37260.0,20.07157
37291.0,117.66622
37319.0,113.64433
37272.0,129.72453
37273.0,131.0472
37274.0,99.925255
37275.0,116.57115
37276.0,132.83325
37277.0,140.34798
37278.0,141.17398
37279.0,150.974
37280.0,156.30641
37281.0,119.62928
37282.0,129.15128
37283.0,131.65315
37284.0,139.29173
37285.0,139.5523
37286.0,149.02922
37287.0,151.6797
37288.0,116.703064
37289.0,130.20627
37290.0,134.56715
37261.0,147.15845
37292.0,145.14632
37320.0,154.3272
37303.0,136.32057
37304.0,137.67937
37305.0,141.5129
37306.0,141.35925
37307.0,149.40683
37308.0,164.66052
37309.0,122.89543
37310.0,134.19225
37311.0,131.41585
37312.0,139.03587
37313.0,142.31682
37314.0,157.79262
37315.0,162.63197
37316.0,120.223236
37317.0,133.83577
37318.0,133.26367
37262.0,149.04095
37293.0,153.35954
37321.0,168.06912
37331.0,133.5739
37332.0,133.5189
37333.0,141.29901
37334.0,146.80234
37335.0,164.27388
37336.0,166.74179
37337.0,123.463356
37338.0,135.16943
37339.0,132.29222
37340.0,140.5856
37341.0,143.65945
37342.0,158.7961
37343.0,162.9468
37344.0,120.62942
37345.0,134.20032
37346.0,134.30074
37347.0,140.47597
37348.0,142.32187
37349.0,157.94745
37263.0,177.26997
37294.0,127.77395
37322.0,137.6718
37264.0,140.91742
37295.0,138.33931
37323.0,144.08397
37265.0,152.99629
37296.0,168.18538
37324.0,175.52034
37266.0,181.06453
37297.0,130.49504
37325.0,142.47263
37267.0,123.80193
37298.0,124.15494
37326.0,126.61591
37268.0,144.15651
37299.0,149.04216
37327.0,107.036415
37269.0,108.36719
37300.0,117.95882
37328.0,117.29493
37270.0,136.46284
37301.0,139.98506
37329.0,149.99538
37271.0,132.96002
37302.0,138.62636
37330.0,96.86539
38160.0,26.305655
38191.0,116.705376
38219.0,114.47481
38172.0,130.07823
38173.0,132.06146
38174.0,102.31513
38175.0,117.51593
38176.0,132.63899
38177.0,138.359
38178.0,141.22417
38179.0,151.48233
38180.0,156.50047
38181.0,119.16457
38182.0,128.89125
38183.0,131.6533
38184.0,135.41693
38185.0,139.75143
38186.0,149.06465
38187.0,152.35747
38188.0,117.26161
38189.0,130.33226
38190.0,133.90521
38161.0,147.20941
38192.0,145.81245
38220.0,154.98271
38203.0,137.1544
38204.0,138.41557
38205.0,142.20415
38206.0,141.23056
38207.0,149.55283
38208.0,164.66052
38209.0,122.89543
38210.0,134.19225
38211.0,131.41585
38212.0,139.03587
38213.0,142.31682
38214.0,157.79262
38215.0,162.63197
38216.0,120.223236
38217.0,133.83577
38218.0,133.26367
38162.0,149.04095
38193.0,153.35954
38221.0,168.06912
38231.0,133.5739
38232.0,133.5189
38233.0,141.29901
38234.0,146.80234
38235.0,164.27388
38236.0,166.74179
38237.0,123.463356
38238.0,135.16943
38239.0,132.29222
38240.0,140.5856
38241.0,143.65945
38242.0,158.7961
38243.0,162.9468
38244.0,120.62942
38245.0,134.20032
38246.0,134.30074
38247.0,140.47597
38248.0,142.32187
38249.0,157.94745
38163.0,177.26997
38194.0,127.77395
38222.0,137.6718
38164.0,140.91742
38195.0,138.33931
38223.0,144.08397
38165.0,152.99629
38196.0,168.18538
38224.0,175.54173
38166.0,181.08592
38197.0,130.49504
38225.0,142.47263
38167.0,123.80193
38198.0,124.15494
38226.0,126.61591
38168.0,144.15651
38199.0,149.02722
38227.0,107.036415
38169.0,108.36719
38200.0,117.95882
38228.0,117.29493
38170.0,136.64369
38201.0,140.16591
38229.0,150.17622
38171.0,132.96002
38202.0,138.62636
38230.0,96.86539
39060.0,13.744066
39091.0,116.71161
39119.0,113.41745
39072.0,126.802956
39073.0,130.48418
39074.0,99.93583
39075.0,115.90366
39076.0,133.09518
39077.0,139.52368
39078.0,140.4638
39079.0,150.28357
39080.0,155.61598
39081.0,119.350914
39082.0,128.40314
39083.0,130.78731
39084.0,138.62224
39085.0,138.84677
39086.0,148.00865
39087.0,150.52025
39088.0,116.47476
39089.0,129.19345
39090.0,133.64009
39061.0,146.24835
39092.0,144.53978
39120.0,153.6368
39103.0,136.70021
39104.0,137.59023
39105.0,141.18474
39106.0,141.36215
39107.0,148.7164
39108.0,164.27257
39109.0,122.98136
39110.0,134.27817
39111.0,131.50177
39112.0,139.1218
39113.0,142.40274
39114.0,157.40466
39115.0,162.1581
39116.0,120.223236
39117.0,133.83577
39118.0,133.26367
39062.0,149.12688
39093.0,153.44547
39121.0,167.67436
39131.0,133.65982
39132.0,133.60483
39133.0,141.38493
39134.0,146.88826
39135.0,163.87914
39136.0,166.34705
39137.0,123.549286
39138.0,135.25536
39139.0,132.37814
39140.0,140.67152
39141.0,143.74538
39142.0,158.00128
39143.0,162.06606
39144.0,120.22933
39145.0,133.80025
39146.0,133.90067
39147.0,140.0759
39148.0,141.9218
39149.0,157.06671
39063.0,176.87523
39094.0,127.85988
39122.0,137.75772
39064.0,141.00334
39095.0,138.42523
39123.0,144.16989
39065.0,153.08221
39096.0,167.79063
39124.0,175.14699
39066.0,180.69118
39097.0,130.58096
39125.0,142.55855
39067.0,123.88786
39098.0,124.24087
39126.0,126.70184
39068.0,143.76176
39099.0,148.63248
39127.0,107.122345
39069.0,108.399155
39100.0,117.99078
39128.0,117.3269
39070.0,136.67566
39101.0,140.19788
39129.0,149.72752
39071.0,132.99199
39102.0,138.65833
39130.0,96.897354
39960.0,40.045353
39991.0,117.36361
40019.0,115.68462
39972.0,131.83055
39973.0,130.02812
39974.0,102.582016
39975.0,120.44898
39976.0,130.39275
39977.0,134.9032
39978.0,138.64552
39979.0,149.63818
39980.0,155.68544
39981.0,118.1914
39982.0,126.8156
39983.0,128.35493
39984.0,134.12315
39985.0,139.69254
39986.0,147.23705
39987.0,149.72289
39988.0,116.99957
39989.0,129.39328
39990.0,131.93054
39961.0,147.20726
39992.0,146.5384
40020.0,154.48317
40003.0,136.94928
40004.0,134.74808
40005.0,139.10324
40006.0,139.05933
40007.0,146.93924
40008.0,165.05319
40009.0,123.67797
40010.0,134.97475
40011.0,132.19835
40012.0,139.81837
40013.0,143.09932
40014.0,158.11552
40015.0,162.86896
40016.0,120.919815
40017.0,134.63042
40018.0,134.05832
39962.0,149.82347
39993.0,154.14203
40021.0,168.455
40031.0,134.3564
40032.0,134.3014
40033.0,142.08151
40034.0,147.58484
40035.0,164.65976
40036.0,167.12767
40037.0,124.245865
40038.0,135.95193
40039.0,133.07472
40040.0,141.3681
40041.0,144.44196
40042.0,158.71214
40043.0,162.77692
40044.0,120.92593
40045.0,134.5949
40046.0,134.69531
40047.0,140.97197
40048.0,142.81787
40049.0,157.37944
39963.0,177.50623
39994.0,128.55644
40022.0,138.4543
39964.0,141.69992
39995.0,139.12181
40023.0,144.86647
39965.0,153.88495
39996.0,168.67741
40024.0,176.03377
39966.0,181.42833
39997.0,131.4126
40025.0,143.39018
39967.0,124.667
39998.0,124.66574
40026.0,127.12669
39968.0,144.09792
39999.0,149.11826
40027.0,107.873535
39969.0,109.150345
40000.0,118.741974
40028.0,118.07809
39970.0,137.42685
40001.0,140.94907
40029.0,150.2133
39971.0,133.32814
40002.0,139.1441
40030.0,97.984146
40860.0,30.059141
40891.0,118.07759
40919.0,114.095
40872.0,127.43409
40873.0,129.31615
40874.0,101.85284
40875.0,117.093346
40876.0,133.18565
40877.0,139.62152
40878.0,139.58417
40879.0,149.05362
40880.0,155.44244
40881.0,119.49174
40882.0,128.60477
40883.0,131.5629
40884.0,136.04646
40885.0,138.4539
40886.0,147.34024
40887.0,151.44525
40888.0,117.031494
40889.0,130.30843
40890.0,134.76671
40861.0,145.66739
40892.0,144.85646
40920.0,154.10872
40903.0,137.42538
40904.0,137.94373
40905.0,138.76665
40906.0,140.03732
40907.0,147.778
40908.0,165.42178
40909.0,124.13859
40910.0,135.43533
40911.0,132.65894
40912.0,140.55966
40913.0,143.17812
40914.0,158.63887
40915.0,162.91046
40916.0,121.476
40917.0,135.18658
40918.0,134.61449
40862.0,149.8838
40893.0,153.725
40921.0,168.22954
40931.0,134.89305
40932.0,134.83806
40933.0,142.55875
40934.0,147.5847
40935.0,164.91484
40936.0,167.43684
40937.0,124.706436
40938.0,136.41252
40939.0,133.53531
40940.0,142.04997
40941.0,144.46133
40942.0,159.17607
40943.0,162.759
40944.0,121.427086
40945.0,135.09605
40946.0,135.19647
40947.0,141.47313
40948.0,142.89667
40949.0,158.34624
40863.0,176.82486
40894.0,128.63048
40922.0,138.52834
40864.0,141.75166
40895.0,139.17355
40923.0,144.9182
40865.0,153.44934
40896.0,168.50645
40924.0,174.89702
40866.0,180.03883
40897.0,131.87383
40925.0,143.61633
40867.0,124.24082
40898.0,124.23961
40926.0,126.39367
40868.0,144.19603
40899.0,148.42166
40927.0,107.70158
40869.0,108.39758
40900.0,117.98923
40928.0,117.325325
40870.0,136.64482
40901.0,139.86018
40929.0,149.549
40871.0,131.78978
40902.0,136.66591
40930.0,96.679535
41760.0,11.881245
41791.0,116.838
41819.0,113.575775
41772.0,127.17782
41773.0,128.28362
41774.0,100.63208
41775.0,116.52578
41776.0,131.08318
41777.0,138.02583
41778.0,138.89449
41779.0,148.59172
41780.0,155.11542
41781.0,118.84127
41782.0,127.708336
41783.0,129.13914
41784.0,136.97401
41785.0,136.38885
41786.0,146.11278
41787.0,150.26482
41788.0,116.46776
41789.0,129.3832
41790.0,133.38145
41761.0,145.70415
41792.0,142.80145
41820.0,151.67697
41803.0,135.82887
41804.0,135.73521
41805.0,139.71788
41806.0,139.20178
41807.0,146.83096
41808.0,164.85217
41809.0,122.39628
41810.0,133.8289
41811.0,131.0525
41812.0,138.95323
41813.0,142.04332
41814.0,157.50407
41815.0,162.34085
41816.0,119.8696
41817.0,134.47458
41818.0,133.90248
41762.0,148.98407
41793.0,152.77644
41821.0,167.281
41831.0,133.03119
41832.0,132.9762
41833.0,140.69688
41834.0,146.3304
41835.0,163.66054
41836.0,166.86723
41837.0,122.85239
41838.0,134.69434
41839.0,131.81712
41840.0,140.33179
41841.0,143.21478
41842.0,157.92952
41843.0,162.07764
41844.0,119.70895
41845.0,134.2723
41846.0,134.37271
41847.0,140.70502
41848.0,142.60019
41849.0,157.99098
41763.0,176.44153
41794.0,127.73082
41822.0,137.62863
41764.0,140.85196
41795.0,138.27385
41823.0,144.01851
41765.0,152.38676
41796.0,167.44388
41824.0,174.53366
41766.0,179.67546
41797.0,130.86797
41825.0,142.61047
41767.0,123.74193
41798.0,123.74073
41826.0,125.83809
41768.0,143.52312
41799.0,148.44797
41827.0,107.09924
41769.0,107.79525
41800.0,117.38688
41828.0,116.72299
41770.0,136.81375
41801.0,139.95856
41829.0,149.64737
41771.0,131.34555
41802.0,136.69221
41830.0,96.11579
42660.0,27.138252
42691.0,118.53302
42719.0,113.63442
42672.0,126.59185
42673.0,130.94514
42674.0,102.365585
42675.0,118.96544
42676.0,131.83162
42677.0,137.98941
42678.0,139.41406
42679.0,148.92186
42680.0,155.47348
42681.0,119.40563
42682.0,129.079
42683.0,130.44441
42684.0,137.85916
42685.0,137.45654
42686.0,146.68184
42687.0,150.71245
42688.0,117.49104
42689.0,129.97101
42690.0,135.19133
42661.0,146.12306
42692.0,143.45697
42720.0,152.13864
42703.0,136.31596
42704.0,136.3119
42705.0,141.15456
42706.0,139.51378
42707.0,146.59607
42708.0,164.85217
42709.0,122.39628
42710.0,133.8289
42711.0,131.0525
42712.0,138.95323
42713.0,142.04332
42714.0,157.50407
42715.0,162.34085
42716.0,119.8696
42717.0,134.47458
42718.0,133.90248
42662.0,148.98407
42693.0,152.77644
42721.0,167.281
42731.0,133.03119
42732.0,132.9762
42733.0,140.69688
42734.0,146.3304
42735.0,163.66054
42736.0,166.86723
42737.0,122.85239
42738.0,134.69434
42739.0,131.81712
42740.0,140.33179
42741.0,143.21478
42742.0,157.92952
42743.0,162.07764
42744.0,119.70895
42745.0,134.2723
42746.0,134.37271
42747.0,140.70502
42748.0,142.60019
42749.0,157.99098
42663.0,176.44153
42694.0,127.73082
42722.0,137.62863
42664.0,140.85196
42695.0,138.27385
42723.0,144.01851
42665.0,152.38676
42696.0,167.44388
42724.0,174.53366
42666.0,179.67546
42697.0,130.86797
42725.0,142.61047
42667.0,123.74193
42698.0,123.74073
42726.0,125.83809
42668.0,143.52312
42699.0,148.44797
42727.0,107.09924
42669.0,107.79525
42700.0,117.38688
42728.0,116.72299
42670.0,136.81375
42701.0,139.95856
42729.0,149.64737
42671.0,131.34555
42702.0,136.69221
42730.0,96.11579
43560.0,14.462897
43591.0,116.63287
43619.0,111.84816
43572.0,126.547455
43573.0,128.96225
43574.0,100.37299
43575.0,115.93633
43576.0,131.08318
43577.0,138.02583
43578.0,139.03056
43579.0,148.72777
43580.0,155.2515
43581.0,118.97733
43582.0,128.03848
43583.0,129.13914
43584.0,137.11009
43585.0,136.38885
43586.0,146.24886
43587.0,149.87114
43588.0,116.09221
43589.0,129.3378
43590.0,133.33604
43561.0,145.89821
43592.0,142.80145
43620.0,151.67697
43603.0,136.02293
43604.0,135.92928
43605.0,139.52379
43606.0,139.20178
43607.0,147.02505
43608.0,164.85217
43609.0,122.39628
43610.0,133.8289
43611.0,131.0525
43612.0,138.95323
43613.0,142.04332
43614.0,157.50407
43615.0,162.34085
43616.0,119.8696
43617.0,134.47458
43618.0,133.90248
43562.0,148.98407
43593.0,152.77644
43621.0,167.281
43631.0,133.03119
43632.0,132.9762
43633.0,140.69688
43634.0,146.3304
43635.0,163.66054
43636.0,166.86723
43637.0,122.85239
43638.0,134.69434
43639.0,131.81712
43640.0,140.33179
43641.0,143.21478
43642.0,157.92952
43643.0,162.07764
43644.0,119.70895
43645.0,134.2723
43646.0,134.37271
43647.0,140.70502
43648.0,142.60019
43649.0,157.82384
43563.0,176.44153
43594.0,127.73082
43622.0,137.62863
43564.0,140.85196
43595.0,138.27385
43623.0,144.01851
43565.0,152.35008
43596.0,167.33415
43624.0,174.42393
43566.0,180.10924
43597.0,130.83128
43625.0,142.57379
43567.0,123.67638
43598.0,123.67518
43626.0,125.772545
43568.0,143.52312
43599.0,148.44797
43627.0,107.09924
43569.0,107.79525
43600.0,117.38688
43628.0,116.72299
43570.0,136.81375
43601.0,139.95856
43629.0,149.64737
43571.0,131.39641
43602.0,136.69221
43630.0,96.11579
44460.0,32.22469
44491.0,118.732056
44519.0,113.666084
44472.0,128.39769
44473.0,130.64133
44474.0,104.418976
44475.0,118.62414
44476.0,131.32233
44477.0,137.81374
44478.0,139.06238
44479.0,148.40591
44480.0,155.0493
44481.0,119.292015
44482.0,127.52744
44483.0,130.1328
44484.0,133.80399
44485.0,137.3004
44486.0,145.21646
44487.0,150.86261
44488.0,116.505104
44489.0,130.58632
44490.0,134.24907
44461.0,144.65233
44492.0,143.31844
44520.0,152.17381
44503.0,136.57121
44504.0,136.52809
44505.0,140.3167
44506.0,136.6539
44507.0,146.91954
44508.0,164.52275
44509.0,122.074326
44510.0,133.50696
44511.0,130.73056
44512.0,138.63129
44513.0,141.7139
44514.0,157.17465
44515.0,162.01143
44516.0,119.547646
44517.0,134.15263
44518.0,133.58054
44462.0,148.96503
44493.0,152.74992
44521.0,167.25449
44531.0,132.70924
44532.0,132.65425
44533.0,140.37494
44534.0,146.00098
44535.0,163.33112
44536.0,166.53781
44537.0,122.53043
44538.0,134.37239
44539.0,131.49518
44540.0,140.00984
44541.0,142.88536
44542.0,157.6001
44543.0,161.74821
44544.0,119.38699
44545.0,133.95035
44546.0,134.05077
44547.0,140.38307
44548.0,142.27077
44549.0,157.49442
44463.0,176.37979
44494.0,127.67655
44522.0,137.57437
44464.0,140.7977
44495.0,138.21959
44523.0,143.96425
44465.0,152.28835
44496.0,167.27242
44524.0,174.3622
44466.0,180.36656
44497.0,131.09608
44525.0,142.8386
44467.0,123.58081
44498.0,123.57961
44526.0,125.66949
44468.0,143.52312
44499.0,148.44797
44527.0,107.10673
44469.0,107.81
44500.0,117.40163
44528.0,116.73774
44470.0,136.83064
44501.0,139.95856
44529.0,149.64737
44471.0,131.39641
44502.0,136.69221
44530.0,96.13269
450.0,10.94609
481.0,115.22784
509.0,113.115
462.0,122.007416
463.0,127.019035
464.0,96.1554
465.0,114.02276
466.0,125.35767
467.0,130.92249
468.0,136.29002
469.0,144.22833
470.0,149.79735
471.0,111.27419
472.0,122.71842
473.0,125.66851
474.0,132.31924
475.0,135.3589
476.0,142.1499
477.0,148.71812
478.0,110.83059
479.0,124.084496
480.0,127.5359
451.0,136.81474
482.0,140.43085
510.0,147.6922
493.0,126.725334
494.0,128.22388
495.0,131.516
496.0,134.2856
497.0,140.99225
498.0,164.05942
499.0,118.649826
500.0,130.0616
501.0,127.96535
502.0,135.21461
503.0,136.73337
504.0,154.5385
505.0,161.44984
506.0,116.8443
507.0,130.77312
508.0,131.20627
452.0,142.92857
483.0,148.91104
511.0,165.73647
521.0,129.47385
522.0,131.12286
523.0,137.41733
524.0,141.16016
525.0,160.2842
526.0,165.38847
527.0,118.756065
528.0,130.57716
529.0,128.68376
530.0,135.83522
531.0,136.8744
532.0,154.99814
533.0,161.74446
534.0,118.125916
535.0,131.9908
536.0,133.09644
537.0,138.47545
538.0,136.11658
539.0,154.62639
453.0,176.91652
484.0,123.537994
512.0,136.05978
454.0,136.36655
485.0,137.13103
513.0,143.49347
455.0,151.39352
486.0,171.08765
514.0,176.85747
456.0,180.67325
487.0,127.1381
515.0,139.93591
457.0,120.893364
488.0,126.45449
516.0,130.63382
458.0,147.80763
489.0,152.78506
517.0,107.11507
459.0,105.74275
490.0,118.10853
518.0,120.26329
460.0,133.68456
491.0,139.66579
519.0,152.33148
461.0,134.10321
492.0,140.2626
520.0,96.33988
1350.0,29.493258
1381.0,118.183235
1409.0,116.383125
1362.0,124.35997
1363.0,128.54568
1364.0,99.46758
1365.0,118.23962
1366.0,126.16598
1367.0,130.14603
1368.0,136.58195
1369.0,144.89255
1370.0,150.16011
1371.0,111.351875
1372.0,122.94457
1373.0,125.42246
1374.0,132.44234
1375.0,136.75871
1376.0,142.69661
1377.0,149.54535
1378.0,111.42512
1379.0,124.44233
1380.0,127.806175
1351.0,137.14922
1382.0,141.33542
1410.0,148.14774
1393.0,127.334145
1394.0,129.05373
1395.0,131.97235
1396.0,134.21915
1397.0,140.44572
1398.0,164.47249
1399.0,118.38757
1400.0,129.79933
1401.0,127.703064
1402.0,134.95235
1403.0,136.4711
1404.0,154.27623
1405.0,161.42793
1406.0,116.70361
1407.0,130.63243
1408.0,131.06558
1352.0,142.6663
1383.0,148.64877
1411.0,165.4742
1421.0,129.21158
1422.0,130.8606
1423.0,137.15506
1424.0,140.89789
1425.0,160.02193
1426.0,165.80154
1427.0,118.49381
1428.0,130.3149
1429.0,128.4215
1430.0,135.57295
1431.0,136.61214
1432.0,154.73587
1433.0,161.72255
1434.0,117.98523
1435.0,131.85011
1436.0,132.95575
1437.0,138.33476
1438.0,136.09467
1439.0,154.60448
1353.0,177.32959
1384.0,123.275734
1412.0,135.79752
1354.0,136.10428
1385.0,136.86876
1413.0,143.2312
1355.0,151.13126
1386.0,170.82538
1414.0,177.27054
1356.0,181.08632
1387.0,127.20454
1415.0,140.00235
1357.0,121.04065
1388.0,126.60178
1416.0,130.7811
1358.0,147.85954
1389.0,153.18361
1417.0,107.16698
1359.0,105.79466
1390.0,118.16044
1418.0,120.3152
1360.0,133.73647
1391.0,139.7177
1419.0,152.38339
1361.0,134.10321
1392.0,140.2626
1420.0,96.33988
2250.0,18.865095
2281.0,115.65514
2309.0,112.298485
2262.0,123.396164
2263.0,125.81095
2264.0,97.25097
2265.0,116.27894
2266.0,125.60709
2267.0,130.69925
2268.0,136.35872
2269.0,145.29303
2270.0,150.77435
2271.0,111.53698
2272.0,123.246254
2273.0,125.08431
2274.0,132.84705
2275.0,136.09143
2276.0,142.57646
2277.0,149.79901
2278.0,110.8993
2279.0,124.547554
2280.0,127.82157
2251.0,136.998
2282.0,140.18591
2310.0,147.53732
2293.0,126.38979
2294.0,128.31265
2295.0,131.1805
2296.0,134.09062
2297.0,140.73387
2298.0,162.90471
2299.0,117.01416
2300.0,128.42586
2301.0,126.329636
2302.0,133.57892
2303.0,135.75325
2304.0,153.49498
2305.0,160.51573
2306.0,115.98576
2307.0,129.91455
2308.0,130.3477
2252.0,142.57027
2283.0,148.55273
2311.0,165.41203
2321.0,128.12279
2322.0,129.77182
2323.0,136.06628
2324.0,139.80911
2325.0,158.97064
2326.0,164.92569
2327.0,117.546364
2328.0,129.36743
2329.0,127.474
2330.0,134.62549
2331.0,136.32025
2332.0,154.6218
2333.0,161.47752
2334.0,117.83363
2335.0,131.69852
2336.0,132.80415
2337.0,138.1832
2338.0,135.94307
2339.0,154.49037
2253.0,177.26971
2284.0,123.1784
2312.0,135.79744
2254.0,135.51369
2285.0,136.27817
2313.0,142.7379
2255.0,150.992
2286.0,170.72362
2314.0,177.26607
2256.0,179.92958
2287.0,126.01028
2315.0,138.9054
2257.0,121.18704
2288.0,126.01881
2316.0,130.54245
2258.0,147.56108
2289.0,152.9431
2317.0,107.55565
2259.0,105.50886
2290.0,117.72963
2318.0,119.98168
2260.0,133.19615
2291.0,139.42448
2319.0,152.22496
2261.0,133.41893
2292.0,139.63628
2320.0,96.21122
3150.0,10.542039
3181.0,115.032036
3209.0,113.23748
3162.0,122.52055
3163.0,125.50646
3164.0,95.90885
3165.0,113.94929
3166.0,124.82804
3167.0,130.50517
3168.0,136.06679
3169.0,144.36296
3170.0,149.61504
3171.0,111.05096
3172.0,122.78713
3173.0,124.78144
3174.0,132.38794
3175.0,135.13567
3176.0,142.28453
3177.0,148.53581
3178.0,110.60735
3179.0,124.153206
3180.0,127.312645
3151.0,136.18169
3182.0,139.99182
3210.0,147.53732
3193.0,126.19572
3194.0,127.69428
3195.0,130.98642
3196.0,133.75601
3197.0,140.39926
3198.0,162.97002
3199.0,117.01416
3200.0,128.42586
3201.0,126.329636
3202.0,133.57892
3203.0,135.75325
3204.0,153.49498
3205.0,160.58104
3206.0,115.98576
3207.0,129.91455
3208.0,130.3477
3152.0,142.57027
3183.0,148.55273
3211.0,165.41203
3221.0,128.12279
3222.0,129.77182
3223.0,136.06628
3224.0,139.80911
3225.0,158.97064
3226.0,164.991
3227.0,117.546364
3228.0,129.36743
3229.0,127.474
3230.0,134.62549
3231.0,136.32025
3232.0,154.6218
3233.0,161.54283
3234.0,117.83363
3235.0,131.69852
3236.0,132.80415
3237.0,138.1832
3238.0,135.94307
3239.0,154.49037
3153.0,177.33502
3184.0,123.1784
3212.0,135.79744
3154.0,135.51369
3185.0,136.27817
3213.0,142.7379
3155.0,150.992
3186.0,170.72362
3214.0,177.44199
3156.0,180.10551
3187.0,126.01028
3215.0,138.9054
3157.0,121.18704
3188.0,126.01881
3216.0,130.54245
3158.0,147.56108
3189.0,153.11902
3217.0,107.55565
3159.0,105.50886
3190.0,117.72963
3218.0,119.98168
3160.0,133.19615
3191.0,139.42448
3219.0,152.22496
3161.0,133.41893
3192.0,139.64513
3220.0,96.21122
4050.0,9.313185
4081.0,115.0474
4109.0,112.93456
4062.0,121.75778
4063.0,125.50646
4064.0,95.966515
4065.0,113.90545
4066.0,124.82804
4067.0,130.69925
4068.0,136.06679
4069.0,144.36296
4070.0,149.61504
4071.0,111.3429
4072.0,122.495186
4073.0,124.78144
4074.0,132.09601
4075.0,135.13567
4076.0,142.28453
4077.0,148.53581
4078.0,110.60735
4079.0,123.86126
4080.0,127.604576
4051.0,136.18169
4082.0,139.99182
4110.0,147.53732
4093.0,126.19572
4094.0,127.69428
4095.0,130.98642
4096.0,133.75601
4097.0,140.39926
4098.0,162.97002
4099.0,117.01416
4100.0,128.42586
4101.0,126.329636
4102.0,133.57892
4103.0,135.75325
4104.0,153.49498
4105.0,160.58104
4106.0,115.98576
4107.0,129.91455
4108.0,130.3477
4052.0,142.57027
4083.0,148.55273
4111.0,165.41203
4121.0,128.12279
4122.0,129.77182
4123.0,136.06628
4124.0,139.80911
4125.0,158.97064
4126.0,164.991
4127.0,117.546364
4128.0,129.36743
4129.0,127.474
4130.0,134.62549
4131.0,136.32025
4132.0,154.6218
4133.0,161.54283
4134.0,117.83363
4135.0,131.69852
4136.0,132.80415
4137.0,138.1832
4138.0,135.94307
4139.0,154.49037
4053.0,177.33502
4084.0,123.1784
4112.0,135.79744
4054.0,135.51369
4085.0,136.27817
4113.0,142.7379
4055.0,150.992
4086.0,170.72362
4114.0,177.44199
4056.0,180.10551
4087.0,126.01028
4115.0,138.9054
4057.0,121.18704
4088.0,126.01881
4116.0,130.54245
4058.0,147.56108
4089.0,153.11902
4117.0,107.55565
4059.0,105.50886
4090.0,117.72963
4118.0,119.98168
4060.0,133.19615
4091.0,139.42448
4119.0,152.22496
4061.0,133.41893
4092.0,139.64513
4120.0,96.21122
4950.0,28.795118
4981.0,118.314735
5009.0,113.68023
4962.0,123.23273
4963.0,127.94831
4964.0,96.90031
4965.0,117.050575
4966.0,125.55215
4967.0,129.29626
4968.0,136.13031
4969.0,143.85594
4970.0,148.80975
4971.0,111.53544
4972.0,123.39297
4973.0,125.18487
4974.0,132.28041
4975.0,135.94502
4976.0,143.19536
4977.0,148.45189
4978.0,111.440346
4979.0,124.469826
4980.0,127.93992
4951.0,137.37767
4982.0,141.37457
5010.0,148.2225
4993.0,126.885994
4994.0,128.6504
4995.0,131.89572
4996.0,134.478
4997.0,141.24577
4998.0,163.20837
4999.0,117.23422
5000.0,128.64594
5001.0,126.5497
5002.0,133.42482
5003.0,135.59915
5004.0,153.71106
5005.0,161.2674
5006.0,116.20584
5007.0,130.13461
5008.0,130.56776
4952.0,142.8001
4983.0,148.78256
5011.0,164.83607
5021.0,128.34286
5022.0,129.99188
5023.0,136.28883
5024.0,140.03166
5025.0,158.8961
5026.0,164.85686
5027.0,117.766426
5028.0,129.5875
5029.0,127.69411
5030.0,134.47139
5031.0,136.16615
5032.0,154.46541
5033.0,161.85669
5034.0,118.05371
5035.0,131.91858
5036.0,133.02422
5037.0,138.01785
5038.0,135.77773
5039.0,154.31429
4953.0,176.63152
4984.0,123.39846
5012.0,136.01749
4954.0,135.73376
4985.0,136.49825
5013.0,142.96774
4955.0,150.82874
4986.0,169.75453
5014.0,176.85852
4956.0,179.79866
4987.0,126.246254
5015.0,139.14139
4957.0,121.423035
4988.0,126.2809
5016.0,130.80457
4958.0,147.3098
4989.0,152.74026
5017.0,107.79164
4959.0,105.74485
4990.0,117.96562
5018.0,120.217674
4960.0,133.45827
4991.0,139.6866
5019.0,152.00847
4961.0,133.26309
4992.0,139.36179
5020.0,96.64175
5850.0,30.102594
5881.0,116.55862
5909.0,115.07336
5862.0,124.34053
5863.0,128.02794
5864.0,100.477165
5865.0,120.711784
5866.0,123.088264
5867.0,130.54108
5868.0,136.81369
5869.0,143.96391
5870.0,149.06306
5871.0,111.47283
5872.0,123.47736
5873.0,124.70785
5874.0,132.51233
5875.0,135.61281
5876.0,142.8548
5877.0,148.18001
5878.0,111.321144
5879.0,124.83991
5880.0,128.49304
5851.0,136.87692
5882.0,140.37318
5910.0,148.1154
5893.0,127.24221
5894.0,128.7293
5895.0,131.74023
5896.0,133.5673
5897.0,138.3578
5898.0,164.54123
5899.0,118.74541
5900.0,130.15717
5901.0,128.06091
5902.0,134.93602
5903.0,137.09607
5904.0,155.11963
5905.0,162.60025
5906.0,117.76732
5907.0,131.69614
5908.0,132.12929
5852.0,142.21387
5883.0,147.68448
5911.0,163.64961
5921.0,129.33463
5922.0,130.98361
5923.0,137.28056
5924.0,141.00914
5925.0,159.7852
5926.0,165.67024
5927.0,118.758156
5928.0,130.57925
5929.0,128.68585
5930.0,135.46315
5931.0,137.14363
5932.0,155.35448
5933.0,162.67007
5934.0,119.09572
5935.0,132.96063
5936.0,134.06627
5937.0,139.00958
5938.0,136.7552
5939.0,155.09291
5853.0,175.86697
5884.0,122.30173
5912.0,134.92079
5854.0,134.71895
5885.0,134.98586
5913.0,141.45535
5855.0,150.32278
5886.0,168.66263
5914.0,175.69093
5856.0,178.61115
5887.0,124.683075
5915.0,137.57812
5857.0,120.45439
5888.0,124.89045
5916.0,129.45645
5858.0,146.2951
5889.0,151.22809
5917.0,106.4012
5859.0,104.776215
5890.0,116.57519
5918.0,118.82724
5860.0,132.48964
5891.0,138.33849
5919.0,150.57198
5861.0,132.4396
5892.0,138.46759
5920.0,95.07187
6750.0,38.476192
6781.0,118.16262
6809.0,118.364494
6762.0,127.560135
6763.0,130.20053
6764.0,102.184685
6765.0,119.48783
6766.0,123.635056
6767.0,127.41849
6768.0,133.97688
6769.0,142.42676
6770.0,147.09286
6771.0,108.85799
6772.0,121.64711
6773.0,123.33768
6774.0,128.33612
6775.0,134.44443
6776.0,142.79007
6777.0,148.05101
6778.0,110.67136
6779.0,123.54883
6780.0,124.565796
6751.0,135.65285
6782.0,139.66563
6810.0,145.89938
6793.0,125.71719
6794.0,126.53114
6795.0,130.06325
6796.0,131.09222
6797.0,136.82373
6798.0,164.41203
6799.0,117.51501
6800.0,128.92673
6801.0,126.97991
6802.0,133.855
6803.0,136.43552
6804.0,154.6986
6805.0,162.50903
6806.0,116.4036
6807.0,130.72034
6808.0,131.3029
6752.0,141.63809
6783.0,147.48486
6811.0,163.69582
6821.0,128.78922
6822.0,130.65558
6823.0,136.95253
6824.0,141.05724
6825.0,160.07915
6826.0,166.29404
6827.0,118.28075
6828.0,130.1018
6829.0,128.35782
6830.0,135.13512
6831.0,137.23601
6832.0,155.61847
6833.0,163.26389
6834.0,118.42574
6835.0,132.67856
6836.0,133.93361
6837.0,138.86823
6838.0,137.16762
6839.0,155.74487
6753.0,175.99812
6784.0,121.770905
6812.0,134.2043
6754.0,134.00249
6785.0,134.41878
6813.0,140.87958
6755.0,150.27557
6786.0,168.70883
6814.0,175.82208
6756.0,178.36052
6787.0,124.22627
6815.0,136.93562
6757.0,119.96134
6788.0,124.38868
6816.0,129.10146
6758.0,145.34714
6789.0,150.36507
6817.0,105.013245
6759.0,103.37047
6790.0,114.98379
6818.0,117.38527
6760.0,131.35484
6791.0,137.62273
6819.0,149.87564
6761.0,131.46967
6792.0,137.5826
6820.0,93.69974
7650.0,27.650206
7681.0,116.09331
7709.0,116.27414
7662.0,124.2385
7663.0,131.2418
7664.0,99.11958
7665.0,118.68707
7666.0,123.94334
7667.0,128.50818
7668.0,134.2581
7669.0,142.0735
7670.0,146.85756
7671.0,109.64759
7672.0,121.611244
7673.0,123.5924
7674.0,129.92009
7675.0,132.72958
7676.0,142.10829
7677.0,146.93869
7678.0,110.58135
7679.0,123.39599
7680.0,126.797264
7651.0,134.93434
7682.0,137.87427
7710.0,146.15335
7693.0,125.82407
7694.0,126.55331
7695.0,129.90636
7696.0,131.58037
7697.0,137.84361
7698.0,162.85652
7699.0,117.826546
7700.0,128.37672
7701.0,126.201256
7702.0,132.80447
7703.0,135.84404
7704.0,153.60846
7705.0,161.5007
7706.0,116.90307
7707.0,130.35829
7708.0,131.05698
7652.0,141.47119
7683.0,146.82458
7711.0,162.50426
7721.0,128.77483
7722.0,130.4125
7723.0,136.43762
7724.0,140.11935
7725.0,158.52364
7726.0,164.73853
7727.0,118.592285
7728.0,129.55179
7729.0,127.5791
7730.0,134.08456
7731.0,136.64456
7732.0,154.61671
7733.0,162.34393
7734.0,118.925224
7735.0,132.31651
7736.0,133.68768
7737.0,138.35043
7738.0,137.31558
7739.0,155.39418
7653.0,174.97083
7684.0,122.386604
7712.0,133.95851
7654.0,134.55385
7685.0,134.36961
7713.0,140.55858
7655.0,150.38948
7686.0,167.91966
7714.0,175.03288
7656.0,178.44977
7687.0,124.49827
7715.0,137.20772
7657.0,121.09706
7688.0,124.529106
7716.0,129.2419
7658.0,146.7436
7689.0,151.3897
7717.0,106.52647
7659.0,105.080345
7690.0,116.32185
7718.0,118.49462
7660.0,131.56615
7691.0,137.46219
7719.0,150.43346
7661.0,132.35756
7692.0,138.21553
7720.0,94.232
8550.0,36.691303
8581.0,116.61696
8609.0,116.01532
8562.0,126.1253
8563.0,131.8391
8564.0,100.72304
8565.0,120.3712
8566.0,121.06211
8567.0,125.307884
8568.0,133.47871
8569.0,140.43611
8570.0,146.70355
8571.0,108.927055
8572.0,120.25953
8573.0,122.3845
8574.0,129.19884
8575.0,132.71976
8576.0,141.57626
8577.0,146.32883
8578.0,110.80839
8579.0,122.45385
8580.0,124.7031
8551.0,134.11023
8582.0,137.74283
8610.0,145.3764
8593.0,125.97765
8594.0,126.29972
8595.0,129.18178
8596.0,129.83553
8597.0,136.46416
8598.0,162.77641
8599.0,116.78713
8600.0,127.615204
8601.0,126.25791
8602.0,132.686
8603.0,135.72581
8604.0,153.46713
8605.0,161.35938
8606.0,116.29502
8607.0,129.98291
8608.0,131.81976
8552.0,141.49158
8583.0,146.44754
8611.0,162.10414
8621.0,127.44046
8622.0,129.83783
8623.0,135.74084
8624.0,140.00378
8625.0,158.385
8626.0,164.59988
8627.0,117.49432
8628.0,128.7318
8629.0,127.57722
8630.0,133.9076
8631.0,136.46777
8632.0,154.47539
8633.0,162.2026
8634.0,118.31718
8635.0,131.94113
8636.0,134.45047
8637.0,139.37463
8638.0,138.04492
8639.0,156.10042
8553.0,174.5707
8584.0,121.3472
8612.0,132.6242
8554.0,133.87817
8585.0,133.85347
8613.0,139.92033
8555.0,150.01245
8586.0,167.51953
8614.0,174.63275
8556.0,178.28311
8587.0,123.42083
8615.0,136.13028
8557.0,121.23955
8588.0,123.89085
8616.0,129.09831
8558.0,146.57695
8589.0,151.22304
8617.0,105.71528
8559.0,104.92779
8590.0,115.510666
8618.0,118.24473
8560.0,131.85278
8591.0,137.5618
8619.0,150.50998
8561.0,132.43408
8592.0,138.29205
8620.0,93.420815
9450.0,34.263706
9481.0,114.44495
9509.0,115.8139
9462.0,124.69944
9463.0,130.66614
9464.0,99.833984
9465.0,116.97388
9466.0,120.28846
9467.0,126.152306
9468.0,132.41019
9469.0,138.23265
9470.0,144.82439
9471.0,105.208244
9472.0,120.14968
9473.0,120.70272
9474.0,127.64559
9475.0,131.4573
9476.0,139.35522
9477.0,145.3194
9478.0,109.624825
9479.0,121.27029
9480.0,124.26174
9451.0,133.96738
9482.0,137.64844
9510.0,144.3099
9493.0,126.000465
9494.0,126.31344
9495.0,129.67633
9496.0,129.33444
9497.0,137.76414
9498.0,162.6748
9499.0,116.41474
9500.0,127.24287
9501.0,125.88557
9502.0,132.36742
9503.0,135.4072
9504.0,153.14851
9505.0,161.25777
9506.0,115.922646
9507.0,129.61053
9508.0,131.44742
9452.0,142.01614
9483.0,146.9721
9511.0,162.17455
9521.0,128.45403
9522.0,130.85136
9523.0,136.26538
9524.0,140.07422
9525.0,158.45543
9526.0,164.60614
9527.0,117.22983
9528.0,128.46729
9529.0,127.312744
9530.0,133.69684
9531.0,136.25702
9532.0,154.26463
9533.0,162.20886
9534.0,117.50143
9535.0,131.12538
9536.0,133.63475
9537.0,138.61264
9538.0,137.28296
9539.0,155.44551
9453.0,174.30684
9484.0,121.1998
9512.0,132.4768
9454.0,133.73077
9485.0,133.7061
9513.0,139.89363
9455.0,149.98575
9486.0,167.0387
9514.0,174.36893
9456.0,178.01932
9487.0,123.273445
9515.0,135.98288
9457.0,120.11133
9488.0,122.88333
9516.0,127.84362
9458.0,144.91109
9489.0,149.77124
9517.0,104.25206
9459.0,103.464584
9490.0,113.673164
9518.0,116.40727
9460.0,130.66449
9491.0,136.42444
9519.0,149.37262
9461.0,131.16664
9492.0,137.17911
9520.0,92.51914
10350.0,35.38042
10381.0,117.45921
10409.0,115.118286
10362.0,124.985954
10363.0,129.5617
10364.0,99.7016
10365.0,117.585205
10366.0,122.57671
10367.0,126.15873
10368.0,133.14212
10369.0,140.67398
10370.0,146.09714
10371.0,107.825874
10372.0,119.78962
10373.0,122.34426
10374.0,129.60567
10375.0,131.03503
10376.0,140.46643
10377.0,144.22206
10378.0,109.26475
10379.0,122.78954
10380.0,126.07752
10351.0,133.44203
10382.0,138.60976
10410.0,144.03374
10393.0,126.853676
10394.0,127.16663
10395.0,128.81343
10396.0,130.63216
10397.0,137.5263
10398.0,162.90977
10399.0,116.67802
10400.0,127.50613
10401.0,126.14883
10402.0,132.6307
10403.0,135.67046
10404.0,153.38348
10405.0,161.49274
10406.0,116.185905
10407.0,129.87383
10408.0,131.71068
10352.0,142.98492
10383.0,147.94092
10411.0,163.0136
10421.0,128.60919
10422.0,131.0065
10423.0,136.52867
10424.0,140.33748
10425.0,158.6904
10426.0,164.84111
10427.0,117.56676
10428.0,128.80421
10429.0,127.649666
10430.0,134.03377
10431.0,136.59395
10432.0,154.57327
10433.0,162.5175
10434.0,117.838356
10435.0,131.46231
10436.0,133.97168
10437.0,139.50365
10438.0,138.17397
10439.0,156.23456
10353.0,174.46182
10384.0,121.53194
10412.0,133.01573
10354.0,134.06294
10385.0,134.03824
10413.0,140.43256
10355.0,150.52467
10386.0,167.44789
10414.0,174.52391
10356.0,178.63489
10387.0,124.269615
10415.0,137.18585
10357.0,120.29087
10388.0,123.062874
10416.0,128.02321
10358.0,145.45125
10389.0,149.85236
10417.0,104.33347
10359.0,103.67198
10390.0,113.88058
10418.0,116.61467
10360.0,130.87192
10391.0,136.63187
10419.0,149.83154
10361.0,131.72627
10392.0,137.2797
10420.0,92.82723
11250.0,43.152542
11281.0,117.27922
11309.0,119.591446
11262.0,125.05732
11263.0,128.56723
11264.0,97.99932
11265.0,117.836494
11266.0,121.89688
11267.0,127.34688
11268.0,132.31618
11269.0,141.24507
11270.0,144.77132
11271.0,106.90196
11272.0,120.2466
11273.0,120.40218
11274.0,127.970085
11275.0,132.32855
11276.0,141.31181
11277.0,145.9738
11278.0,107.85905
11279.0,123.101494
11280.0,126.41164
11251.0,136.59306
11282.0,140.3107
11310.0,145.969
11293.0,125.66902
11294.0,126.7721
11295.0,128.93953
11296.0,130.68398
11297.0,137.2023
11298.0,162.64806
11299.0,118.81353
11300.0,129.64165
11301.0,126.99784
11302.0,133.32826
11303.0,136.47769
11304.0,154.18199
11305.0,161.31242
11306.0,118.47185
11307.0,132.35129
11308.0,132.4664
11252.0,144.12915
11283.0,148.84741
11311.0,163.91139
11321.0,131.08272
11322.0,131.76265
11323.0,137.12201
11324.0,141.1848
11325.0,159.52899
11326.0,164.64098
11327.0,119.334885
11328.0,130.57233
11329.0,128.13136
11330.0,134.79291
11331.0,137.46277
11332.0,155.43333
11333.0,162.39877
11334.0,119.75694
11335.0,133.57243
11336.0,134.36006
11337.0,139.82158
11338.0,138.61984
11339.0,157.06447
11253.0,174.75127
11284.0,123.33798
11312.0,134.18
11254.0,136.90318
11285.0,134.78229
11313.0,141.07861
11255.0,152.42905
11286.0,168.01352
11314.0,175.343
11256.0,182.05963
11287.0,127.910355
11315.0,140.58623
11257.0,125.18258
11288.0,126.37713
11316.0,130.95491
11258.0,147.48778
11289.0,152.15202
11317.0,106.33986
11259.0,106.939156
11290.0,117.62309
11318.0,120.44297
11260.0,134.0488
11291.0,139.61174
11319.0,152.5226
11261.0,134.01907
11292.0,139.83563
11320.0,95.76836
12150.0,29.905851
12181.0,117.0587
12209.0,117.903885
12162.0,126.70604
12163.0,132.53284
12164.0,100.00268
12165.0,117.00905
12166.0,127.71274
12167.0,130.67973
12168.0,133.70073
12169.0,145.4363
12170.0,150.57608
12171.0,111.265854
12172.0,123.97427
12173.0,124.68966
12174.0,131.51459
12175.0,134.31364
12176.0,145.4801
12177.0,149.88446
12178.0,111.85967
12179.0,125.306465
12180.0,128.58652
12151.0,139.82631
12182.0,140.77104
12210.0,150.54659
12193.0,130.28928
12194.0,131.56593
12195.0,132.84843
12196.0,134.76361
12197.0,144.02565
12198.0,165.6325
12199.0,122.746925
12200.0,133.57512
12201.0,129.8226
12202.0,135.41975
12203.0,137.11534
12204.0,156.64119
12205.0,164.26047
12206.0,122.30587
12207.0,135.66035
12208.0,134.63577
12152.0,145.99771
12183.0,148.82397
12211.0,165.69746
12221.0,133.31438
12222.0,133.12624
12223.0,137.94667
12224.0,141.65033
12225.0,162.07568
12226.0,167.33896
12227.0,122.823425
12228.0,134.06094
12229.0,130.75197
12230.0,136.8387
12231.0,138.09843
12232.0,157.89058
12233.0,165.34483
12234.0,123.331375
12235.0,136.62189
12236.0,136.26985
12237.0,140.66971
12238.0,138.57002
12239.0,157.78384
12153.0,175.67091
12184.0,124.76652
12212.0,135.6086
12154.0,138.32735
12185.0,135.46437
12213.0,141.21301
12155.0,152.13805
12186.0,168.97446
12214.0,176.16438
12156.0,183.11534
12187.0,130.5609
12215.0,143.23679
12157.0,125.97801
12188.0,127.22582
12216.0,130.64603
12158.0,148.64355
12189.0,152.80904
12217.0,109.147835
12159.0,108.70738
12190.0,119.391304
12218.0,121.34317
12160.0,134.98145
12191.0,139.77814
12219.0,153.76854
12161.0,135.55263
12192.0,140.36235
12220.0,97.79789
13050.0,43.067337
13081.0,121.05304
13109.0,120.04228
13062.0,125.13164
13063.0,130.94017
13064.0,106.74196
13065.0,123.49592
13066.0,125.88197
13067.0,131.55899
13068.0,134.86919
13069.0,144.5105
13070.0,149.56825
13071.0,110.96481
13072.0,123.52348
13073.0,123.343025
13074.0,131.72704
13075.0,132.53127
13076.0,143.9792
13077.0,148.94038
13078.0,111.841545
13079.0,124.7015
13080.0,125.45179
13051.0,140.17978
13082.0,141.10484
13110.0,149.50316
13093.0,129.77895
13094.0,132.0224
13095.0,133.74287
13096.0,131.40556
13097.0,141.14854
13098.0,166.76335
13099.0,123.32638
13100.0,134.15456
13101.0,130.40204
13102.0,135.99919
13103.0,137.69478
13104.0,157.81609
13105.0,165.36
13106.0,122.85401
13107.0,136.20848
13108.0,135.1839
13052.0,146.57715
13083.0,149.40341
13111.0,166.87236
13121.0,133.89381
13122.0,133.70567
13123.0,138.52611
13124.0,142.22977
13125.0,163.25058
13126.0,168.4698
13127.0,123.40288
13128.0,134.64038
13129.0,131.3314
13130.0,137.41814
13131.0,138.67787
13132.0,159.06548
13133.0,166.44437
13134.0,123.87952
13135.0,137.17001
13136.0,136.81798
13137.0,141.21783
13138.0,139.11815
13139.0,158.92743
13053.0,176.80176
13084.0,125.34598
13112.0,136.18803
13054.0,139.01659
13085.0,136.15361
13113.0,141.90225
13055.0,152.84615
13086.0,170.27802
13114.0,177.49162
13056.0,184.44258
13087.0,131.25014
13115.0,143.92603
13057.0,126.66718
13088.0,127.91507
13116.0,131.35413
13058.0,149.3569
13089.0,153.54607
13117.0,109.8371
13059.0,109.15827
13090.0,119.84218
13118.0,121.79406
13060.0,135.07133
13091.0,139.88689
13119.0,153.88254
13061.0,135.57645
13092.0,140.40988
13120.0,97.93241
13950.0,12.745837
13981.0,116.92425
14009.0,115.40685
13962.0,127.15554
13963.0,131.11421
13964.0,98.30265
13965.0,115.50736
13966.0,127.6228
13967.0,133.6725
13968.0,136.76936
13969.0,147.84654
13970.0,152.23003
13971.0,112.58303
13972.0,123.56898
13973.0,125.26544
13974.0,133.01515
13975.0,134.1641
13976.0,146.36589
13977.0,149.35995
13978.0,111.04108
13979.0,125.18956
13980.0,128.30965
13951.0,141.10123
13982.0,141.62944
14010.0,151.77583
13993.0,130.32957
13994.0,131.4415
13995.0,134.06302
13996.0,135.2696
13997.0,145.41862
13998.0,167.52881
13999.0,124.925606
14000.0,136.11678
14001.0,132.04092
14002.0,137.45766
14003.0,139.84644
14004.0,159.24803
14005.0,166.37112
14006.0,124.01562
14007.0,137.5232
14008.0,136.0678
13952.0,148.57942
13983.0,152.09889
14011.0,168.55566
14021.0,135.89394
14022.0,135.5904
14023.0,140.0087
14024.0,143.9877
14025.0,164.2888
14026.0,168.82175
14027.0,124.6178
14028.0,136.2183
14029.0,132.58601
14030.0,138.49232
14031.0,140.44525
14032.0,160.11314
14033.0,167.07121
14034.0,124.69125
14035.0,138.00806
14036.0,137.22514
14037.0,141.29597
14038.0,141.02678
14039.0,159.554
13953.0,178.05255
13984.0,126.76316
14012.0,138.00204
13954.0,141.1093
13985.0,138.29732
14013.0,143.85747
13955.0,153.89767
13986.0,170.75955
14014.0,178.10217
13956.0,184.55684
13987.0,129.79672
14015.0,142.86937
13957.0,125.3018
13988.0,125.75965
14016.0,129.91058
13958.0,146.52133
13989.0,152.64075
14017.0,108.025475
13959.0,107.846016
13990.0,119.278404
14018.0,121.230286
13960.0,133.7106
13991.0,139.40889
14019.0,153.00517
13961.0,133.68578
13992.0,140.44943
14020.0,97.537796
14850.0,17.882992
14881.0,117.15091
14909.0,115.99921
14862.0,127.15616
14863.0,132.06963
14864.0,98.98444
14865.0,117.00949
14866.0,127.81688
14867.0,133.97787
14868.0,136.76936
14869.0,148.13847
14870.0,152.23003
14871.0,112.87498
14872.0,123.763054
14873.0,125.751465
14874.0,133.67897
14875.0,134.45602
14876.0,146.91261
14877.0,149.35995
14878.0,111.29584
14879.0,125.18956
14880.0,129.18933
14851.0,141.69135
14882.0,141.82353
14910.0,152.26292
14893.0,131.06252
14894.0,131.4415
14895.0,134.79593
14896.0,135.2696
14897.0,145.9775
14898.0,167.52881
14899.0,124.925606
14900.0,136.11678
14901.0,132.04092
14902.0,137.45766
14903.0,139.84644
14904.0,159.24803
14905.0,166.37112
14906.0,124.01562
14907.0,137.5232
14908.0,136.0678
14852.0,148.57942
14883.0,152.09889
14911.0,168.55566
14921.0,135.89394
14922.0,135.5904
14923.0,140.0087
14924.0,143.9877
14925.0,164.2888
14926.0,168.82175
14927.0,124.6178
14928.0,136.2183
14929.0,132.58601
14930.0,138.49232
14931.0,140.44525
14932.0,160.11314
14933.0,167.07121
14934.0,124.69125
14935.0,138.00806
14936.0,137.22514
14937.0,141.29597
14938.0,141.02678
14939.0,159.554
14853.0,178.05255
14884.0,126.76316
14912.0,138.00204
14854.0,141.1093
14885.0,138.29732
14913.0,143.85747
14855.0,153.89767
14886.0,170.75955
14914.0,178.10217
14856.0,184.55684
14887.0,129.79672
14915.0,142.86937
14857.0,125.3018
14888.0,125.75965
14916.0,129.91058
14858.0,146.52133
14889.0,152.64075
14917.0,108.025475
14859.0,107.846016
14890.0,119.278404
14918.0,121.230286
14860.0,133.7106
14891.0,139.40889
14919.0,153.00517
14861.0,133.68578
14892.0,140.44943
14920.0,97.537796
15750.0,42.652668
15781.0,119.46226
15809.0,122.55229
15762.0,130.21848
15763.0,137.69632
15764.0,105.64398
15765.0,120.29062
15766.0,128.30551
15767.0,132.2479
15768.0,137.60284
15769.0,147.75053
15770.0,153.15813
15771.0,113.09995
15772.0,123.64696
15773.0,124.19329
15774.0,132.12695
15775.0,135.44522
15776.0,145.70845
15777.0,149.61526
15778.0,112.08806
15779.0,126.41596
15780.0,127.78805
15751.0,140.88327
15782.0,143.41364
15810.0,153.89488
15793.0,131.53914
15794.0,132.51768
15795.0,132.17038
15796.0,134.9068
15797.0,145.69112
15798.0,167.5107
15799.0,124.90749
15800.0,136.09866
15801.0,132.02281
15802.0,137.43954
15803.0,139.82832
15804.0,159.22992
15805.0,166.35301
15806.0,123.997505
15807.0,137.50508
15808.0,136.04968
15752.0,148.5613
15783.0,152.0808
15811.0,168.53754
15821.0,135.87582
15822.0,135.57228
15823.0,139.99059
15824.0,143.96959
15825.0,164.27069
15826.0,168.80363
15827.0,124.599686
15828.0,136.2002
15829.0,132.5679
15830.0,138.47421
15831.0,140.42714
15832.0,160.09503
15833.0,167.0531
15834.0,124.67314
15835.0,137.98994
15836.0,137.20703
15837.0,141.27786
15838.0,141.00867
15839.0,159.53589
15753.0,178.03444
15784.0,126.74506
15812.0,137.98393
15754.0,141.09119
15785.0,138.2792
15813.0,143.83936
15755.0,153.87956
15786.0,170.74144
15814.0,178.08406
15756.0,184.53871
15787.0,129.7786
15815.0,142.85124
15757.0,125.28369
15788.0,125.741554
15816.0,129.89246
15758.0,146.50322
15789.0,152.62263
15817.0,108.00736
15759.0,107.8279
15790.0,119.26029
15818.0,121.21217
15760.0,133.6925
15791.0,139.3908
15819.0,152.98706
15761.0,133.66766
15792.0,140.43132
15820.0,97.519684
16650.0,20.091528
16681.0,116.74689
16709.0,115.59456
16662.0,130.2675
16663.0,131.98244
16664.0,100.106964
16665.0,118.2193
16666.0,127.81568
16667.0,133.53052
16668.0,135.93654
16669.0,147.71486
16670.0,151.82982
16671.0,111.521324
16672.0,123.14765
16673.0,124.81177
16674.0,133.42079
16675.0,133.79266
16676.0,145.83736
16677.0,149.06833
16678.0,110.23959
16679.0,124.77658
16680.0,128.50317
16651.0,141.34956
16682.0,141.19989
16710.0,151.19635
16693.0,129.46811
16694.0,132.2942
16695.0,134.52753
16696.0,135.37993
16697.0,145.14574
16698.0,166.47768
16699.0,121.8407
16700.0,133.27315
16701.0,129.1973
16702.0,135.12544
16703.0,137.83759
16704.0,157.88252
16705.0,165.31154
16706.0,120.930725
16707.0,134.60687
16708.0,132.92296
16652.0,146.40887
16683.0,150.39175
16711.0,166.4727
16721.0,132.91331
16722.0,132.91098
16723.0,137.80934
16724.0,142.11171
16725.0,163.0646
16726.0,167.8163
16727.0,121.57858
16728.0,133.42036
16729.0,129.78807
16730.0,136.2058
16731.0,138.48209
16732.0,158.79332
16733.0,166.05731
16734.0,121.64459
16735.0,135.12996
16736.0,134.11853
16737.0,138.72469
16738.0,138.65244
16739.0,158.2234
16653.0,177.15593
16684.0,124.58962
16712.0,134.66031
16654.0,139.50714
16685.0,135.9096
16713.0,141.01987
16655.0,152.19505
16686.0,169.06818
16714.0,176.33578
16656.0,184.59732
16687.0,129.32503
16715.0,141.5073
16657.0,124.49793
16688.0,124.16675
16716.0,129.47469
16658.0,146.40343
16689.0,152.1716
16717.0,106.15455
16659.0,107.296394
16690.0,117.655624
16718.0,119.03442
16660.0,133.25696
16691.0,139.01689
16719.0,152.61833
16661.0,133.67949
16692.0,139.8106
16720.0,95.60407
17550.0,25.275045
17581.0,119.89968
17609.0,116.80124
17562.0,129.76347
17563.0,132.19305
17564.0,100.51587
17565.0,119.8737
17566.0,127.69789
17567.0,133.4869
17568.0,136.22847
17569.0,147.30482
17570.0,151.85771
17571.0,111.521324
17572.0,123.408806
17573.0,124.9775
17574.0,133.41661
17575.0,134.26242
17576.0,146.24312
17577.0,149.6289
17578.0,110.23959
17579.0,125.467834
17580.0,128.87498
17551.0,141.72005
17582.0,141.19989
17610.0,152.06976
17593.0,130.05826
17594.0,132.19728
17595.0,134.39297
17596.0,135.14333
17597.0,145.32005
17598.0,166.47768
17599.0,121.8407
17600.0,133.27315
17601.0,129.1973
17602.0,135.12544
17603.0,137.83759
17604.0,157.88252
17605.0,165.31154
17606.0,120.930725
17607.0,134.60687
17608.0,132.92296
17552.0,146.40887
17583.0,150.39175
17611.0,166.4727
17621.0,132.91331
17622.0,132.91098
17623.0,137.80934
17624.0,142.11171
17625.0,163.0646
17626.0,167.8163
17627.0,121.57858
17628.0,133.42036
17629.0,129.78807
17630.0,136.2058
17631.0,138.48209
17632.0,158.79332
17633.0,166.05731
17634.0,121.58014
17635.0,135.12996
17636.0,134.11853
17637.0,138.72469
17638.0,138.65244
17639.0,158.2234
17553.0,177.15593
17584.0,124.58962
17612.0,134.66031
17554.0,139.50714
17585.0,135.9096
17613.0,141.01987
17555.0,152.19505
17586.0,169.06818
17614.0,176.33578
17556.0,184.59732
17587.0,129.32503
17615.0,141.5073
17557.0,124.49793
17588.0,124.16675
17616.0,129.47469
17558.0,146.40343
17589.0,152.1716
17617.0,106.15455
17559.0,107.296394
17590.0,117.655624
17618.0,119.03442
17560.0,133.25696
17591.0,139.01689
17619.0,152.61833
17561.0,133.67949
17592.0,139.8106
17620.0,95.60407
18450.0,19.301502
18481.0,118.042114
18509.0,116.75563
18462.0,127.45983
18463.0,133.89331
18464.0,99.685905
18465.0,119.47041
18466.0,127.62631
18467.0,132.9998
18468.0,136.42253
18469.0,147.34258
18470.0,151.85771
18471.0,112.207344
18472.0,122.74497
18473.0,125.07683
18474.0,133.41661
18475.0,133.5986
18476.0,146.09212
18477.0,149.06833
18478.0,109.84589
18479.0,124.245255
18480.0,128.87498
18451.0,140.53606
18482.0,141.19989
18510.0,151.00229
18493.0,129.6622
18494.0,131.11388
18495.0,134.91446
18496.0,135.14333
18497.0,145.09062
18498.0,166.47768
18499.0,121.8407
18500.0,133.27315
18501.0,129.1973
18502.0,135.12544
18503.0,137.83759
18504.0,157.88252
18505.0,165.31154
18506.0,120.930725
18507.0,134.60687
18508.0,132.92296
18452.0,146.40887
18483.0,150.39175
18511.0,166.4727
18521.0,132.91331
18522.0,132.91098
18523.0,137.80934
18524.0,142.11171
18525.0,163.0646
18526.0,167.8163
18527.0,121.57858
18528.0,133.42036
18529.0,129.78807
18530.0,136.2058
18531.0,138.48209
18532.0,158.79332
18533.0,166.05731
18534.0,121.58014
18535.0,135.12996
18536.0,134.11853
18537.0,138.72469
18538.0,138.65244
18539.0,158.2234
18453.0,177.15593
18484.0,124.58962
18512.0,134.66031
18454.0,139.50714
18485.0,135.9096
18513.0,141.01987
18455.0,152.19505
18486.0,169.06818
18514.0,176.33578
18456.0,184.59732
18487.0,129.32503
18515.0,141.5073
18457.0,124.49793
18488.0,124.16675
18516.0,129.47469
18458.0,146.40343
18489.0,152.1716
18517.0,106.15455
18459.0,107.296394
18490.0,117.655624
18518.0,119.03442
18460.0,133.25696
18491.0,139.01689
18519.0,152.61833
18461.0,133.67949
18492.0,139.8106
18520.0,95.60407
19350.0,39.24042
19381.0,119.21182
19409.0,118.69762
19362.0,129.44868
19363.0,133.97762
19364.0,104.254776
19365.0,127.692665
19366.0,126.015594
19367.0,129.27007
19368.0,136.99245
19369.0,145.81602
19370.0,152.10957
19371.0,111.3448
19372.0,122.00925
19373.0,124.54058
19374.0,131.1441
19375.0,134.62625
19376.0,146.39143
19377.0,149.75983
19378.0,110.92748
19379.0,124.79264
19380.0,127.389595
19351.0,139.98239
19382.0,142.28949
19410.0,152.68903
19393.0,131.03873
19394.0,132.53549
19395.0,134.65605
19396.0,134.70047
19397.0,142.29643
19398.0,166.75456
19399.0,122.11757
19400.0,133.55003
19401.0,129.47418
19402.0,135.40233
19403.0,138.11447
19404.0,158.15941
19405.0,165.58842
19406.0,121.20761
19407.0,134.88376
19408.0,133.19984
19352.0,146.68576
19383.0,150.66864
19411.0,166.74959
19421.0,133.1902
19422.0,133.18787
19423.0,138.08623
19424.0,142.3886
19425.0,163.34149
19426.0,168.09319
19427.0,121.85547
19428.0,133.69725
19429.0,130.06496
19430.0,136.48268
19431.0,138.75897
19432.0,159.0702
19433.0,166.3342
19434.0,121.857025
19435.0,135.40685
19436.0,134.39542
19437.0,139.00157
19438.0,138.92932
19439.0,158.50029
19353.0,177.43282
19384.0,124.86651
19412.0,134.9372
19354.0,139.78403
19385.0,136.1865
19413.0,141.29675
19355.0,152.47194
19386.0,169.34506
19414.0,176.61267
19356.0,184.8742
19387.0,129.60191
19415.0,141.78418
19357.0,124.77475
19388.0,124.44355
19416.0,129.75157
19358.0,146.68031
19389.0,152.44849
19417.0,106.431435
19359.0,107.57328
19390.0,117.93251
19418.0,119.3113
19360.0,133.53384
19391.0,139.29378
19419.0,152.89522
19361.0,133.95638
19392.0,140.08748
19420.0,95.88096
20250.0,15.775121
20281.0,117.17852
20309.0,114.53234
20262.0,126.19069
20263.0,129.33772
20264.0,98.76725
20265.0,117.6658
20266.0,125.762955
20267.0,133.21187
20268.0,135.7675
20269.0,147.27995
20270.0,152.36227
20271.0,112.8874
20272.0,124.59652
20273.0,125.82266
20274.0,133.6736
20275.0,133.6665
20276.0,146.87502
20277.0,148.67108
20278.0,110.73395
20279.0,125.36636
20280.0,127.854485
20251.0,140.37883
20282.0,140.46121
20310.0,150.09229
20293.0,129.63809
20294.0,129.95943
20295.0,133.5325
20296.0,134.17403
20297.0,144.83095
20298.0,165.47061
20299.0,121.121284
20300.0,132.55373
20301.0,128.53056
20302.0,134.51134
20303.0,136.79134
20304.0,157.20831
20305.0,164.80988
20306.0,121.22796
20307.0,135.00552
20308.0,132.03154
20252.0,146.30707
20283.0,149.6323
20311.0,165.70634
20321.0,133.01346
20322.0,132.3624
20323.0,136.99812
20324.0,141.08961
20325.0,162.41454
20326.0,167.53464
20327.0,121.80382
20328.0,133.64561
20329.0,129.78792
20330.0,136.25826
20331.0,138.10243
20332.0,158.78568
20333.0,166.22221
20334.0,122.54393
20335.0,136.27986
20336.0,133.9784
20337.0,137.85912
20338.0,137.72028
20339.0,157.66327
20253.0,176.63286
20284.0,124.57667
20312.0,134.4139
20254.0,139.49419
20285.0,135.89665
20313.0,140.6846
20255.0,151.4356
20286.0,168.81725
20314.0,176.31532
20256.0,184.55147
20287.0,129.4635
20315.0,141.41231
20257.0,124.646385
20288.0,124.56618
20316.0,129.02689
20258.0,148.23924
20289.0,152.92767
20317.0,106.49613
20259.0,107.68532
20290.0,117.805
20318.0,118.95037
20260.0,134.67595
20291.0,139.3004
20319.0,153.02548
20261.0,134.55806
20292.0,140.38753
20320.0,95.53041
21150.0,32.523247
21181.0,118.68318
21209.0,116.04331
21162.0,128.5295
21163.0,131.37633
21164.0,103.245605
21165.0,121.511986
21166.0,124.56363
21167.0,130.82617
21168.0,135.92288
21169.0,147.19897
21170.0,152.44632
21171.0,112.80412
21172.0,124.430466
21173.0,125.84663
21174.0,131.63269
21175.0,134.60663
21176.0,147.40608
21177.0,149.25153
21178.0,111.38566
21179.0,124.5171
21180.0,127.30322
21151.0,141.8491
21182.0,141.63416
21210.0,151.1622
21193.0,131.0163
21194.0,131.27638
21195.0,134.71286
21196.0,134.28275
21197.0,144.34691
21198.0,165.47061
21199.0,121.121284
21200.0,132.55373
21201.0,128.53056
21202.0,134.51134
21203.0,136.79134
21204.0,157.20831
21205.0,164.80988
21206.0,121.22796
21207.0,135.00552
21208.0,132.03154
21152.0,146.30707
21183.0,149.6323
21211.0,165.70634
21221.0,133.01346
21222.0,132.3624
21223.0,136.99812
21224.0,141.08961
21225.0,162.41454
21226.0,167.53464
21227.0,121.80382
21228.0,133.64561
21229.0,129.78792
21230.0,136.25826
21231.0,138.10243
21232.0,158.78568
21233.0,166.22221
21234.0,122.54393
21235.0,136.27986
21236.0,133.9784
21237.0,137.85912
21238.0,137.72028
21239.0,157.66327
21153.0,176.63286
21184.0,124.57667
21212.0,134.4139
21154.0,139.49419
21185.0,135.89665
21213.0,140.6846
21155.0,151.4356
21186.0,168.81725
21214.0,176.31532
21156.0,184.55147
21187.0,129.4635
21215.0,141.41231
21157.0,124.646385
21188.0,124.56618
21216.0,129.02689
21158.0,148.23924
21189.0,152.92767
21217.0,106.49613
21159.0,107.68532
21190.0,117.805
21218.0,118.95037
21160.0,134.67595
21191.0,139.3004
21219.0,153.02548
21161.0,134.52188
21192.0,140.38753
21220.0,95.53041
22050.0,42.391354
22081.0,127.8234
22109.0,118.93191
22062.0,132.61743
22063.0,132.49548
22064.0,102.64931
22065.0,125.39532
22066.0,126.57026
22067.0,130.31126
22068.0,136.50854
22069.0,146.9181
22070.0,153.67313
22071.0,112.484604
22072.0,125.221436
22073.0,125.68257
22074.0,130.88968
22075.0,134.77863
22076.0,146.43376
22077.0,148.9646
22078.0,111.3422
22079.0,125.43893
22080.0,128.47473
22051.0,140.59534
22082.0,142.28143
22110.0,147.74644
22093.0,130.92908
22094.0,128.9628
22095.0,133.97548
22096.0,134.56454
22097.0,141.70477
22098.0,165.96939
22099.0,121.647285
22100.0,133.07973
22101.0,128.97
22102.0,134.95076
22103.0,137.23076
22104.0,157.64774
22105.0,165.30865
22106.0,121.753975
22107.0,135.53152
22108.0,132.47096
22052.0,146.74649
22083.0,150.07172
22111.0,166.14577
22121.0,133.46584
22122.0,132.80182
22123.0,137.43755
22124.0,141.52904
22125.0,162.85396
22126.0,168.03342
22127.0,122.329834
22128.0,134.17162
22129.0,130.22734
22130.0,136.69768
22131.0,138.54185
22132.0,159.2251
22133.0,166.721
22134.0,123.06995
22135.0,136.80586
22136.0,134.41782
22137.0,138.29854
22138.0,138.1597
22139.0,157.71074
22053.0,177.13164
22084.0,125.0161
22112.0,134.85332
22054.0,139.93361
22085.0,136.33607
22113.0,141.12402
22055.0,151.87502
22086.0,169.25667
22114.0,176.8141
22056.0,185.05025
22087.0,129.90292
22115.0,141.85173
22057.0,125.08582
22088.0,125.005615
22116.0,129.46631
22058.0,148.70787
22089.0,153.45566
22117.0,106.93557
22059.0,108.42674
22090.0,118.546425
22118.0,119.691795
22060.0,135.20345
22091.0,139.86842
22119.0,153.45073
22061.0,134.90659
22092.0,140.83159
22120.0,95.91512
22950.0,23.165104
22981.0,119.195755
23009.0,118.17801
22962.0,130.41597
22963.0,131.68797
22964.0,103.01083
22965.0,120.591385
22966.0,128.28874
22967.0,135.19572
22968.0,138.64713
22969.0,150.68123
22970.0,155.31282
22971.0,114.674995
22972.0,126.213264
22973.0,127.55442
22974.0,136.11806
22975.0,137.37424
22976.0,150.74199
22977.0,152.07402
22978.0,112.28781
22979.0,127.02959
22980.0,130.38298
22951.0,143.3446
22982.0,143.58195
23010.0,154.50325
22993.0,132.06879
22994.0,132.36914
22995.0,135.94804
22996.0,137.44797
22997.0,148.58963
22998.0,168.21114
22999.0,122.766235
23000.0,135.08
23001.0,131.57816
23002.0,138.50615
23003.0,141.39792
23004.0,162.02576
23005.0,167.13304
23006.0,122.04773
23007.0,136.0123
23008.0,133.9685
22952.0,149.28271
22983.0,153.15897
23011.0,170.55635
23021.0,134.51747
23022.0,134.11678
23023.0,139.28796
23024.0,143.93047
23025.0,167.14102
23026.0,170.15602
23027.0,123.32969
23028.0,136.05275
23029.0,132.45009
23030.0,140.25307
23031.0,142.709
23032.0,163.60312
23033.0,168.54538
23034.0,123.363716
23035.0,137.28662
23036.0,135.91534
23037.0,140.46698
23038.0,140.8973
23039.0,162.21269
22953.0,180.55069
22984.0,126.904755
23012.0,136.9131
22954.0,143.87349
22985.0,140.27596
23013.0,145.23192
22955.0,155.18233
22986.0,173.88733
23014.0,180.67984
22956.0,186.87048
22987.0,131.01654
23015.0,142.96535
22957.0,124.928154
22988.0,124.70535
23016.0,129.23242
22958.0,149.42525
22989.0,153.95546
23017.0,107.0638
22959.0,107.81787
22990.0,118.2888
23018.0,119.434166
22960.0,134.98288
22991.0,140.32275
23019.0,154.30183
22961.0,134.93294
22992.0,141.14563
23020.0,95.70393
23850.0,11.655325
23881.0,119.18804
23909.0,115.74452
23862.0,129.3305
23863.0,130.62294
23864.0,100.54002
23865.0,117.7172
23866.0,127.24839
23867.0,134.6188
23868.0,137.89612
23869.0,150.47482
23870.0,155.09279
23871.0,114.66842
23872.0,125.77105
23873.0,126.62632
23874.0,135.4868
23875.0,136.69003
23876.0,150.60289
23877.0,152.05363
23878.0,111.71695
23879.0,125.72801
23880.0,129.05217
23851.0,142.75974
23882.0,143.60634
23910.0,153.38646
23893.0,130.88992
23894.0,131.65295
23895.0,135.43217
23896.0,136.86801
23897.0,148.24045
23898.0,168.36067
23899.0,122.89663
23900.0,135.2104
23901.0,131.70856
23902.0,138.63655
23903.0,141.52512
23904.0,162.15295
23905.0,167.26024
23906.0,122.155785
23907.0,136.12036
23908.0,134.07657
23852.0,149.28796
23883.0,153.18335
23911.0,170.58073
23921.0,134.52272
23922.0,134.12202
23923.0,139.36221
23924.0,144.02385
23925.0,167.2344
23926.0,170.30556
23927.0,123.46008
23928.0,136.18315
23929.0,132.58049
23930.0,140.38347
23931.0,142.8362
23932.0,163.73032
23933.0,168.67258
23934.0,123.47177
23935.0,137.39468
23936.0,136.0234
23937.0,140.32101
23938.0,140.77046
23939.0,162.08586
23853.0,180.57507
23884.0,126.909996
23912.0,136.91835
23854.0,143.87874
23885.0,140.2812
23913.0,145.23717
23855.0,155.20671
23886.0,173.91171
23914.0,180.70422
23856.0,186.89487
23887.0,131.02179
23915.0,142.9706
23857.0,124.933395
23888.0,124.710594
23916.0,129.2568
23858.0,149.44963
23889.0,153.97984
23917.0,107.06904
23859.0,107.82311
23890.0,118.294044
23918.0,119.43941
23860.0,134.98813
23891.0,140.34714
23919.0,154.32622
23861.0,134.93819
23892.0,141.15088
23920.0,95.709175
24750.0,44.40607
24781.0,120.69703
24809.0,122.24567
24762.0,133.46622
24763.0,134.46126
24764.0,110.0991
24765.0,120.48151
24766.0,125.54467
24767.0,132.20992
24768.0,137.84839
24769.0,148.79352
24770.0,155.5196
24771.0,114.056
24772.0,123.628845
24773.0,125.22158
24774.0,130.66129
24775.0,137.16263
24776.0,149.57793
24777.0,151.42357
24778.0,111.99407
24779.0,126.01437
24780.0,127.862236
24751.0,141.57661
24782.0,144.2169
24810.0,152.99904
24793.0,130.56009
24794.0,130.14488
24795.0,135.50284
24796.0,133.47101
24797.0,147.36992
24798.0,168.98212
24799.0,123.51808
24800.0,135.83185
24801.0,132.33
24802.0,139.258
24803.0,142.14656
24804.0,162.7744
24805.0,167.88168
24806.0,122.77724
24807.0,136.7418
24808.0,134.69801
24752.0,149.90941
24783.0,153.8048
24811.0,171.20218
24821.0,135.14417
24822.0,134.74347
24823.0,139.98366
24824.0,144.6453
24825.0,167.85585
24826.0,170.927
24827.0,124.081535
24828.0,136.8046
24829.0,133.20193
24830.0,141.00491
24831.0,143.45764
24832.0,164.35176
24833.0,169.29402
24834.0,124.09322
24835.0,138.01613
24836.0,136.64485
24837.0,140.94246
24838.0,141.3919
24839.0,162.7073
24753.0,181.19652
24784.0,127.53145
24812.0,137.5398
24754.0,144.50018
24785.0,140.90265
24813.0,145.85861
24755.0,155.82816
24786.0,174.53316
24814.0,181.32567
24756.0,187.51631
24787.0,131.64323
24815.0,143.59204
24757.0,125.25423
24788.0,125.031425
24816.0,129.57764
24758.0,149.77046
24789.0,154.30067
24817.0,107.38987
24759.0,108.14394
24790.0,118.614876
24818.0,119.76024
24760.0,135.30896
24791.0,140.66797
24819.0,154.64705
24761.0,135.25902
24792.0,141.47171
24820.0,96.03001
25650.0,33.61141
25681.0,119.700554
25709.0,114.0424
25662.0,129.66684
25663.0,133.10983
25664.0,101.10897
25665.0,118.54296
25666.0,127.7438
25667.0,131.89743
25668.0,138.61797
25669.0,149.38889
25670.0,155.71773
25671.0,115.20607
25672.0,125.54786
25673.0,127.51462
25674.0,133.89905
25675.0,138.08426
25676.0,149.21223
25677.0,152.67131
25678.0,112.6656
25679.0,125.9207
25680.0,130.15027
25651.0,142.47725
25682.0,145.20525
25710.0,153.40956
25693.0,132.10608
25694.0,134.27716
25695.0,137.47726
25696.0,137.76338
25697.0,147.9158
25698.0,166.62257
25699.0,119.592064
25700.0,132.30347
25701.0,130.09781
25702.0,136.53493
25703.0,138.78458
25704.0,158.96967
25705.0,166.07129
25706.0,118.29368
25707.0,132.79175
25708.0,132.47534
25652.0,146.44173
25683.0,151.09349
25711.0,167.9508
25721.0,130.81374
25722.0,131.21419
25723.0,136.84242
25724.0,141.65308
25725.0,163.94884
25726.0,168.09529
25727.0,119.35187
25728.0,132.47255
25729.0,130.16608
25730.0,137.47818
25731.0,139.52074
25732.0,159.96988
25733.0,166.93416
25734.0,119.03252
25735.0,133.48892
25736.0,133.84503
25737.0,137.66132
25738.0,137.92885
25739.0,158.73611
25653.0,178.58655
25684.0,123.93631
25712.0,134.79326
25654.0,140.27266
25685.0,137.06612
25713.0,142.47581
25655.0,152.20628
25686.0,170.12593
25714.0,177.92725
25656.0,183.61324
25687.0,127.07041
25715.0,139.86792
25657.0,121.78322
25688.0,121.797585
25716.0,125.08839
25658.0,146.25945
25689.0,152.02669
25717.0,104.58973
25659.0,106.354034
25690.0,116.72644
25718.0,116.71522
25660.0,134.45381
25691.0,138.23918
25719.0,151.42413
25661.0,132.51328
25692.0,139.05154
25720.0,93.7923
26550.0,20.14709
26581.0,117.39591
26609.0,113.85917
26562.0,127.2587
26563.0,130.62096
26564.0,97.340546
26565.0,116.12524
26566.0,130.49704
26567.0,135.3496
26568.0,138.70805
26569.0,150.0908
26570.0,156.11743
26571.0,116.07921
26572.0,127.50257
26573.0,129.09447
26574.0,137.56528
26575.0,137.24236
26576.0,150.26257
26577.0,153.20782
26578.0,113.08271
26579.0,127.514534
26580.0,132.04364
26551.0,144.17966
26582.0,144.16173
26610.0,152.62553
26593.0,133.17798
26594.0,134.87415
26595.0,138.21478
26596.0,138.65916
26597.0,148.66658
26598.0,167.0447
26599.0,120.11651
26600.0,132.82791
26601.0,130.62225
26602.0,137.05937
26603.0,139.30902
26604.0,159.49411
26605.0,166.49341
26606.0,118.81811
26607.0,133.74954
26608.0,133.43314
26552.0,146.96617
26583.0,151.61794
26611.0,168.47525
26621.0,131.33818
26622.0,131.73863
26623.0,137.36687
26624.0,142.17752
26625.0,164.47328
26626.0,168.51741
26627.0,119.8763
26628.0,132.997
26629.0,130.69052
26630.0,138.00262
26631.0,140.04518
26632.0,160.49432
26633.0,167.35628
26634.0,119.556946
26635.0,134.44672
26636.0,134.80283
26637.0,138.85535
26638.0,139.12288
26639.0,159.93015
26553.0,179.36786
26584.0,124.46075
26612.0,135.3177
26554.0,140.7971
26585.0,137.59056
26613.0,143.00026
26555.0,152.55222
26586.0,170.47186
26614.0,178.53004
26556.0,184.69153
26587.0,127.89185
26615.0,140.68935
26557.0,122.35396
26588.0,122.36831
26616.0,125.65911
26558.0,146.41313
26589.0,152.47101
26617.0,105.39246
26559.0,107.15676
26590.0,116.88013
26618.0,116.511765
26560.0,134.64897
26591.0,138.43434
26619.0,151.26216
26561.0,132.6977
26592.0,139.37146
26620.0,94.62578
27450.0,27.544596
27481.0,118.65148
27509.0,116.80978
27462.0,128.06477
27463.0,130.67137
27464.0,98.05514
27465.0,118.54291
27466.0,129.54369
27467.0,136.37756
27468.0,138.70805
27469.0,149.9387
27470.0,155.97949
27471.0,116.07921
27472.0,126.459404
27473.0,127.72376
27474.0,137.56528
27475.0,138.15617
27476.0,149.87427
27477.0,153.31671
27478.0,113.756966
27479.0,128.18881
27480.0,132.70245
27451.0,143.03484
27482.0,144.55775
27510.0,153.69301
27493.0,134.47168
27494.0,135.42563
27495.0,138.21478
27496.0,138.92503
27497.0,148.41707
27498.0,167.0447
27499.0,120.11651
27500.0,132.82791
27501.0,130.62225
27502.0,137.05937
27503.0,139.30902
27504.0,159.49411
27505.0,166.49341
27506.0,118.81811
27507.0,133.74954
27508.0,133.43314
27452.0,146.96617
27483.0,151.61794
27511.0,168.47525
27521.0,131.33818
27522.0,131.73863
27523.0,137.36687
27524.0,142.17752
27525.0,164.47328
27526.0,168.51741
27527.0,119.8763
27528.0,132.997
27529.0,130.69052
27530.0,138.00262
27531.0,140.04518
27532.0,160.49432
27533.0,167.35628
27534.0,119.556946
27535.0,134.44672
27536.0,134.80283
27537.0,138.85535
27538.0,139.12288
27539.0,159.93015
27453.0,179.36786
27484.0,124.46075
27512.0,135.3177
27454.0,140.82724
27485.0,137.59056
27513.0,143.00026
27455.0,152.55222
27486.0,170.47186
27514.0,178.53004
27456.0,184.69153
27487.0,127.89185
27515.0,140.68935
27457.0,122.35396
27488.0,122.36831
27516.0,125.65911
27458.0,146.41313
27489.0,152.47101
27517.0,105.39246
27459.0,107.15676
27490.0,116.88013
27518.0,116.511765
27460.0,134.64897
27491.0,138.43434
27519.0,151.26216
27461.0,132.80687
27492.0,139.48064
27520.0,94.73495
28350.0,22.018343
28381.0,118.576935
28409.0,113.908325
28362.0,128.17688
28363.0,130.3847
28364.0,98.414116
28365.0,117.02855
28366.0,130.36502
28367.0,137.29239
28368.0,138.64128
28369.0,150.21812
28370.0,156.11475
28371.0,116.60908
28372.0,128.23714
28373.0,129.89018
28374.0,138.1268
28375.0,137.17558
28376.0,149.94583
28377.0,153.23303
28378.0,113.21887
28379.0,128.0444
28380.0,132.24054
28351.0,144.56924
28382.0,144.68507
28410.0,153.82277
28393.0,133.57208
28394.0,135.70834
28395.0,139.04669
28396.0,138.81575
28397.0,148.68034
28398.0,167.0699
28399.0,120.14172
28400.0,132.85312
28401.0,130.64746
28402.0,137.53572
28403.0,139.78537
28404.0,159.97046
28405.0,166.51862
28406.0,118.84332
28407.0,133.77475
28408.0,133.45834
28352.0,147.5991
28383.0,152.25087
28411.0,169.10822
28421.0,131.38422
28422.0,131.78467
28423.0,137.99982
28424.0,142.81047
28425.0,165.10623
28426.0,168.69922
28427.0,120.0581
28428.0,133.1788
28429.0,130.87233
28430.0,138.63557
28431.0,140.67813
28432.0,161.12727
28433.0,167.53809
28434.0,119.73876
28435.0,134.62852
28436.0,134.98463
28437.0,139.4883
28438.0,139.75583
28439.0,160.5631
28353.0,179.54968
28384.0,124.64255
28412.0,135.49951
28354.0,140.85245
28385.0,137.61577
28413.0,143.47661
28355.0,153.02856
28386.0,170.94821
28414.0,178.55525
28356.0,184.71674
28387.0,127.91706
28415.0,140.71455
28357.0,122.487495
28388.0,122.84467
28416.0,126.13546
28358.0,146.88948
28389.0,152.49622
28417.0,105.13721
28359.0,106.87629
28390.0,116.599655
28418.0,116.23128
28360.0,134.71416
28391.0,138.78001
28419.0,151.60783
28361.0,133.25801
28392.0,139.48064
28420.0,94.45446
29250.0,35.130424
29281.0,118.74245
29309.0,116.61685
29262.0,127.89571
29263.0,132.3956
29264.0,101.25089
29265.0,119.08498
29266.0,127.601326
29267.0,135.41963
29268.0,138.96135
29269.0,150.17339
29270.0,155.7804
29271.0,115.53403
29272.0,124.92268
29273.0,127.00949
29274.0,138.74994
29275.0,138.98787
29276.0,149.63058
29277.0,152.94315
29278.0,113.38085
29279.0,129.11041
29280.0,132.6184
29251.0,141.16046
29282.0,144.35722
29310.0,153.25743
29293.0,134.84982
29294.0,134.64998
29295.0,139.44873
29296.0,136.59279
29297.0,148.36989
29298.0,167.03961
29299.0,119.95503
29300.0,132.66644
29301.0,130.46078
29302.0,137.34904
29303.0,139.2176
29304.0,159.53267
29305.0,166.08083
29306.0,118.249115
29307.0,133.18057
29308.0,132.86417
29252.0,147.39598
29283.0,152.07416
29311.0,169.06148
29321.0,131.18108
29322.0,131.58153
29323.0,137.81314
29324.0,142.6502
29325.0,164.97505
29326.0,168.56804
29327.0,119.87141
29328.0,132.99213
29329.0,130.68565
29330.0,138.4489
29331.0,140.11037
29332.0,160.5886
29333.0,166.9994
29334.0,119.144554
29335.0,134.03435
29336.0,134.39046
29337.0,138.89412
29338.0,139.18806
29339.0,160.02441
29253.0,179.40204
29284.0,124.263756
29312.0,135.12074
29254.0,140.47368
29285.0,137.237
29313.0,143.09784
29255.0,152.56268
29286.0,170.51141
29314.0,178.11845
29256.0,184.28694
29287.0,127.53827
29315.0,140.3358
29257.0,122.08298
29288.0,122.440155
29316.0,125.65085
29258.0,146.70473
29289.0,152.06583
29317.0,104.73269
29259.0,106.47177
29290.0,116.19514
29318.0,115.82676
29260.0,134.30965
29291.0,138.16551
29319.0,151.42308
29261.0,132.79391
29292.0,138.7709
29320.0,94.04994
30150.0,12.7016945
30181.0,117.34651
30209.0,114.492
30162.0,126.149506
30163.0,129.39215
30164.0,98.36064
30165.0,115.47355
30166.0,129.83221
30167.0,136.39392
30168.0,138.36613
30169.0,149.34029
30170.0,155.23288
30171.0,116.107155
30172.0,127.06074
30173.0,129.40846
30174.0,137.41293
30175.0,137.54387
30176.0,149.51465
30177.0,152.11368
30178.0,113.2128
30179.0,127.64465
30180.0,132.50394
30151.0,143.76492
30182.0,143.96983
30210.0,152.15926
30193.0,133.32358
30194.0,134.16379
30195.0,137.68832
30196.0,138.02788
30197.0,148.20222
30198.0,166.71162
30199.0,119.804855
30200.0,132.51627
30201.0,130.31061
30202.0,137.05443
30203.0,138.92299
30204.0,159.06427
30205.0,165.36322
30206.0,117.70935
30207.0,132.64078
30208.0,132.32437
30152.0,147.39497
30183.0,152.07315
30211.0,168.8867
30221.0,131.18008
30222.0,131.58054
30223.0,137.81215
30224.0,142.64922
30225.0,164.80028
30226.0,168.38924
30227.0,119.87043
30228.0,132.99113
30229.0,130.68466
30230.0,138.10184
30231.0,139.7633
30232.0,160.06775
30233.0,166.22935
30234.0,118.55233
30235.0,133.44211
30236.0,133.79822
30237.0,138.60854
30238.0,138.90248
30239.0,159.56505
30153.0,179.2244
30184.0,124.71894
30212.0,135.57591
30154.0,140.40834
30185.0,137.03497
30213.0,142.64919
30155.0,152.24957
30186.0,170.0245
30214.0,177.62752
30156.0,183.796
30187.0,127.3649
30215.0,140.16245
30157.0,121.60445
30188.0,122.121475
30216.0,125.332146
30158.0,146.26665
30189.0,151.62372
30217.0,104.25416
30159.0,106.100105
30190.0,115.82347
30218.0,115.45509
30160.0,133.99654
30191.0,137.8524
30219.0,151.01906
30161.0,132.3899
30192.0,138.30096
30220.0,93.777504
31050.0,32.302845
31081.0,119.072235
31109.0,116.31791
31062.0,127.50798
31063.0,131.39151
31064.0,100.018524
31065.0,119.17935
31066.0,130.9621
31067.0,133.66841
31068.0,138.82533
31069.0,148.64537
31070.0,155.73856
31071.0,114.925674
31072.0,124.62811
31073.0,129.82452
31074.0,137.9809
31075.0,138.35869
31076.0,150.05649
31077.0,153.09106
31078.0,113.850716
31079.0,127.4743
31080.0,131.78148
31051.0,142.72325
31082.0,145.12263
31110.0,153.20906
31093.0,134.64319
31094.0,135.5057
31095.0,139.2421
31096.0,138.95894
31097.0,147.04247
31098.0,166.71162
31099.0,119.804855
31100.0,132.51627
31101.0,130.31061
31102.0,137.05443
31103.0,138.92299
31104.0,159.06427
31105.0,165.36322
31106.0,117.70935
31107.0,132.64078
31108.0,132.32437
31052.0,147.39497
31083.0,152.07315
31111.0,168.8867
31121.0,131.18008
31122.0,131.58054
31123.0,137.81215
31124.0,142.64922
31125.0,164.80028
31126.0,168.38924
31127.0,119.87043
31128.0,132.99113
31129.0,130.68466
31130.0,138.10184
31131.0,139.7633
31132.0,160.06775
31133.0,166.22935
31134.0,118.55233
31135.0,133.44211
31136.0,133.79822
31137.0,138.60854
31138.0,138.90248
31139.0,159.56505
31053.0,179.2244
31084.0,124.71894
31112.0,135.57591
31054.0,140.40834
31085.0,137.03497
31113.0,142.64919
31055.0,152.24957
31086.0,170.0245
31114.0,177.62752
31056.0,183.796
31087.0,127.3649
31115.0,140.16245
31057.0,121.60445
31088.0,122.121475
31116.0,125.332146
31058.0,146.26665
31089.0,151.62372
31117.0,104.25416
31059.0,106.100105
31090.0,115.82347
31118.0,115.45509
31060.0,133.99654
31091.0,137.8524
31119.0,151.01906
31061.0,132.3899
31092.0,138.30096
31120.0,93.777504
31950.0,38.210686
31981.0,118.582726
32009.0,117.381355
31962.0,128.18376
31963.0,131.17558
31964.0,100.52212
31965.0,121.91222
31966.0,128.20363
31967.0,133.47115
31968.0,139.94194
31969.0,150.93214
31970.0,156.41415
31971.0,115.688156
31972.0,127.14679
31973.0,127.19558
31974.0,135.4988
31975.0,139.60777
31976.0,151.57397
31977.0,154.96411
31978.0,114.816315
31979.0,129.25186
31980.0,134.05966
31951.0,143.15495
31982.0,144.4338
32010.0,154.4633
31993.0,132.93852
31994.0,134.5038
31995.0,137.87871
31996.0,138.39731
31997.0,146.44537
31998.0,166.5781
31999.0,119.67131
32000.0,132.38274
32001.0,130.17708
32002.0,137.11064
32003.0,139.57823
32004.0,158.93074
32005.0,165.22969
32006.0,117.57579
32007.0,132.50725
32008.0,132.19084
31952.0,147.18797
31983.0,151.72253
32011.0,168.48994
32021.0,131.0967
32022.0,131.49715
32023.0,137.86836
32024.0,143.30446
32025.0,164.66675
32026.0,168.2557
32027.0,119.73687
32028.0,132.8576
32029.0,130.55113
32030.0,138.15805
32031.0,140.41855
32032.0,159.93422
32033.0,166.09583
32034.0,118.418785
32035.0,133.30858
32036.0,133.66469
32037.0,138.66473
32038.0,139.55772
32039.0,159.43152
31953.0,178.82764
31984.0,124.37301
32012.0,135.23
31954.0,140.06242
31985.0,136.68906
32013.0,142.49301
31955.0,151.94978
31986.0,169.6786
32014.0,177.28162
31956.0,183.2145
31987.0,126.879196
32015.0,139.58093
31957.0,120.93481
31988.0,121.64158
32016.0,125.21188
31958.0,145.78204
31989.0,151.13911
32017.0,103.865295
31959.0,105.71124
31990.0,115.338844
32018.0,114.97047
31960.0,133.70168
31991.0,137.91714
32019.0,150.53445
31961.0,132.1045
31992.0,137.76836
32020.0,93.44093
32850.0,16.092443
32881.0,118.96468
32909.0,115.50223
32862.0,128.48436
32863.0,131.66776
32864.0,100.41269
32865.0,117.48597
32866.0,131.64594
32867.0,137.85403
32868.0,139.5233
32869.0,151.90782
32870.0,157.24554
32871.0,118.252014
32872.0,127.56157
32873.0,130.16185
32874.0,137.77545
32875.0,137.81227
32876.0,149.66739
32877.0,152.51315
32878.0,115.57038
32879.0,129.22964
32880.0,133.42365
32851.0,143.2805
32882.0,143.68045
32910.0,153.17902
32893.0,134.22559
32894.0,135.31839
32895.0,138.80807
32896.0,139.65843
32897.0,149.58104
32898.0,167.36047
32899.0,120.767685
32900.0,132.51242
32901.0,130.30676
32902.0,138.42644
32903.0,140.79604
32904.0,159.53395
32905.0,165.63068
32906.0,118.91263
32907.0,132.55772
32908.0,132.24132
32852.0,147.44736
32883.0,151.53636
32911.0,168.97229
32921.0,131.22638
32922.0,131.62683
32923.0,139.18799
32924.0,144.53583
32925.0,166.04143
32926.0,169.4602
32927.0,120.83326
32928.0,132.98729
32929.0,130.68082
32930.0,139.47385
32931.0,141.63635
32932.0,160.53743
32933.0,166.46628
32934.0,119.318825
32935.0,132.92227
32936.0,133.27838
32937.0,138.82652
32938.0,139.62152
32939.0,159.63863
32853.0,179.13982
32884.0,126.21424
32912.0,136.10458
32854.0,141.15933
32885.0,137.78596
32913.0,142.97472
32855.0,152.10794
32886.0,169.32375
32914.0,176.75659
32856.0,182.78197
32887.0,128.93558
32915.0,140.67061
32857.0,122.78047
32888.0,123.14199
32916.0,126.609955
32858.0,146.1784
32889.0,151.63527
32917.0,106.55879
32859.0,107.889565
32890.0,117.40003
32918.0,117.276886
32860.0,135.35373
32891.0,139.45667
32919.0,151.85226
32861.0,133.17316
32892.0,139.41074
32920.0,96.61044
33750.0,39.349644
33781.0,118.48254
33809.0,117.657745
33762.0,128.88252
33763.0,132.05016
33764.0,109.67001
33765.0,120.80828
33766.0,130.40651
33767.0,137.38545
33768.0,139.8926
33769.0,150.74178
33770.0,157.06058
33771.0,118.61319
33772.0,126.800766
33773.0,127.83025
33774.0,137.615
33775.0,137.12106
33776.0,149.57095
33777.0,151.9949
33778.0,116.532196
33779.0,127.43409
33780.0,134.0908
33751.0,139.99539
33782.0,144.44226
33810.0,153.91144
33793.0,135.64139
33794.0,133.69978
33795.0,137.64754
33796.0,135.84499
33797.0,148.73573
33798.0,167.44574
33799.0,120.85297
33800.0,132.5967
33801.0,130.39104
33802.0,138.51071
33803.0,140.88031
33804.0,159.61823
33805.0,165.60541
33806.0,118.88736
33807.0,132.53246
33808.0,132.21605
33752.0,147.53757
33783.0,151.62657
33811.0,169.0625
33821.0,131.31659
33822.0,131.71704
33823.0,139.2782
33824.0,144.62604
33825.0,166.1267
33826.0,169.54547
33827.0,120.91854
33828.0,133.07156
33829.0,130.76509
33830.0,139.55812
33831.0,141.72063
33832.0,160.6217
33833.0,166.44101
33834.0,119.29356
33835.0,132.897
33836.0,133.25311
33837.0,138.80125
33838.0,139.59625
33839.0,159.61336
33753.0,179.23003
33784.0,126.30447
33812.0,136.1948
33754.0,141.24954
33785.0,137.87617
33813.0,143.06493
33755.0,152.19815
33786.0,169.41396
33814.0,176.8468
33756.0,182.87218
33787.0,129.02579
33815.0,140.76082
33757.0,122.8707
33788.0,123.232216
33816.0,126.70018
33758.0,146.26862
33789.0,151.72548
33817.0,106.64902
33759.0,107.97979
33790.0,117.49026
33818.0,117.36711
33760.0,135.44394
33791.0,139.54688
33819.0,151.94247
33761.0,133.26337
33792.0,139.50095
33820.0,96.61044
34650.0,22.039492
34681.0,118.96895
34709.0,115.503456
34662.0,129.03998
34663.0,131.10622
34664.0,99.83457
34665.0,118.19754
34666.0,133.7385
34667.0,140.15807
34668.0,141.03287
34669.0,153.15701
34670.0,159.5656
34671.0,119.81249
34672.0,129.07332
34673.0,132.09651
34674.0,139.60759
34675.0,140.37369
34676.0,151.63301
34677.0,154.63954
34678.0,117.018814
34679.0,130.77547
34680.0,135.19283
34651.0,147.3931
34682.0,146.46428
34710.0,155.1558
34693.0,137.3445
34694.0,138.10493
34695.0,141.86201
34696.0,141.79651
34697.0,151.12326
34698.0,167.02087
34699.0,122.89667
34700.0,134.1935
34701.0,131.4171
34702.0,139.03712
34703.0,142.32077
34704.0,160.0533
34705.0,165.99641
34706.0,120.22447
34707.0,133.83702
34708.0,133.26492
34652.0,149.74698
34683.0,154.06828
34711.0,169.36942
34721.0,133.57515
34722.0,133.52016
34723.0,141.30026
34724.0,146.80629
34725.0,166.24821
34726.0,169.10214
34727.0,123.46459
34728.0,135.17068
34729.0,132.29347
34730.0,140.58685
34731.0,143.6634
34732.0,161.05678
34733.0,166.31123
34734.0,120.63065
34735.0,134.20157
34736.0,134.30199
34737.0,140.47722
34738.0,142.32582
34739.0,160.20813
34653.0,178.54886
34684.0,128.47998
34712.0,138.37784
34654.0,141.88919
34685.0,139.04535
34713.0,144.79
34655.0,153.68321
34686.0,169.46387
34714.0,176.40738
34656.0,181.95152
34687.0,131.18211
34715.0,142.92462
34657.0,124.43991
34688.0,124.79288
34716.0,127.32821
34658.0,145.4822
34689.0,149.95102
34717.0,107.58387
34659.0,108.91464
34690.0,118.43262
34718.0,117.95472
34660.0,137.10898
34691.0,140.7055
34719.0,151.30739
34661.0,134.2857
34692.0,139.53522
34720.0,97.41284
35550.0,16.054913
35581.0,119.17312
35609.0,115.43825
35562.0,128.42047
35563.0,131.0074
35564.0,100.30024
35565.0,116.65804
35566.0,132.948
35567.0,140.08542
35568.0,140.70273
35569.0,152.00275
35570.0,158.38344
35571.0,119.48234
35572.0,128.53459
35573.0,131.66014
35574.0,139.59956
35575.0,139.27515
35576.0,149.8639
35577.0,154.57054
35578.0,116.68158
35579.0,129.597
35580.0,134.57286
35551.0,147.285
35582.0,145.72356
35610.0,154.84901
35593.0,136.61159
35594.0,137.24895
35595.0,141.59615
35596.0,141.5599
35597.0,150.24152
35598.0,166.35536
35599.0,122.89667
35600.0,134.1935
35601.0,131.4171
35602.0,139.03712
35603.0,142.32077
35604.0,158.65393
35605.0,164.32681
35606.0,120.22447
35607.0,133.83702
35608.0,133.26492
35552.0,149.74698
35583.0,154.06828
35611.0,168.91647
35621.0,133.57515
35622.0,133.52016
35623.0,141.30026
35624.0,146.80629
35625.0,165.1352
35626.0,168.43663
35627.0,123.46459
35628.0,135.17068
35629.0,132.29347
35630.0,140.58685
35631.0,143.6634
35632.0,159.65741
35633.0,164.64163
35634.0,120.63065
35635.0,134.20157
35636.0,134.30199
35637.0,140.47722
35638.0,142.32582
35639.0,158.80876
35553.0,178.13214
35584.0,128.47998
35612.0,138.37784
35554.0,141.88919
35585.0,139.04535
35613.0,144.79
35555.0,153.70503
35586.0,169.03278
35614.0,176.01248
35556.0,181.55663
35587.0,130.96886
35615.0,142.94644
35557.0,124.46173
35588.0,124.8147
35616.0,127.35003
35558.0,145.02928
35589.0,149.5343
35617.0,107.58387
35559.0,108.91464
35590.0,118.43262
35618.0,117.95472
35560.0,137.10898
35591.0,140.7055
35619.0,150.85445
35561.0,133.83276
35592.0,139.1185
35620.0,97.41284
36450.0,11.272838
36481.0,117.751755
36509.0,114.61246
36462.0,128.22054
36463.0,130.96895
36464.0,100.20581
36465.0,115.83224
36466.0,132.33081
36467.0,139.55042
36468.0,141.01526
36469.0,152.00275
36470.0,158.38344
36471.0,119.50779
36472.0,128.56004
36473.0,130.8857
36474.0,139.20033
36475.0,139.58765
36476.0,149.72783
36477.0,153.55983
36478.0,116.37688
36479.0,129.48637
36480.0,134.01054
36451.0,146.97711
36482.0,145.52946
36510.0,154.84901
36493.0,136.32451
36494.0,136.9619
36495.0,141.0942
36496.0,140.94052
36497.0,150.24152
36498.0,166.35536
36499.0,122.89938
36500.0,134.1962
36501.0,131.4198
36502.0,139.03983
36503.0,142.32077
36504.0,158.65393
36505.0,164.32681
36506.0,120.22719
36507.0,133.83972
36508.0,133.26762
36452.0,149.7497
36483.0,154.06828
36511.0,168.91647
36521.0,133.57785
36522.0,133.52286
36523.0,141.30296
36524.0,146.80629
36525.0,165.1352
36526.0,168.43663
36527.0,123.46731
36528.0,135.17339
36529.0,132.29617
36530.0,140.58955
36531.0,143.6634
36532.0,159.65741
36533.0,164.64163
36534.0,120.63337
36535.0,134.20427
36536.0,134.30469
36537.0,140.47992
36538.0,142.32582
36539.0,158.80876
36453.0,178.13214
36484.0,128.48268
36512.0,138.38054
36454.0,141.62616
36485.0,139.04805
36513.0,144.79271
36455.0,153.70503
36486.0,169.03278
36514.0,176.01248
36456.0,181.55663
36487.0,131.20378
36515.0,143.18137
36457.0,124.53605
36488.0,124.88901
36516.0,127.35003
36458.0,145.02928
36489.0,149.5343
36517.0,107.81881
36459.0,109.14958
36490.0,118.66756
36518.0,118.029045
36460.0,137.18329
36491.0,140.7055
36519.0,150.85445
36461.0,133.83276
36492.0,139.1185
36520.0,97.64778
37350.0,18.180557
37381.0,118.317505
37409.0,114.93245
37362.0,128.54881
37363.0,131.0797
37364.0,99.805984
37365.0,116.72482
37366.0,133.05698
37367.0,140.31638
37368.0,141.01526
37369.0,152.13882
37370.0,158.74147
37371.0,119.63325
37372.0,129.15523
37373.0,131.74672
37374.0,139.33638
37375.0,139.91779
37376.0,150.05797
37377.0,154.04921
37378.0,116.37688
37379.0,129.62245
37380.0,134.59831
37351.0,147.83401
37382.0,145.52946
37410.0,154.84901
37393.0,136.32451
37394.0,137.81786
37395.0,141.0942
37396.0,141.53064
37397.0,150.99445
37398.0,166.35536
37399.0,122.89938
37400.0,134.1962
37401.0,131.4198
37402.0,139.03983
37403.0,142.32077
37404.0,158.65393
37405.0,164.32681
37406.0,120.22719
37407.0,133.83972
37408.0,133.26762
37352.0,149.7497
37383.0,154.06828
37411.0,168.91647
37421.0,133.57785
37422.0,133.52286
37423.0,141.30296
37424.0,146.80629
37425.0,165.1352
37426.0,168.43663
37427.0,123.46731
37428.0,135.17339
37429.0,132.29617
37430.0,140.58955
37431.0,143.6634
37432.0,159.65741
37433.0,164.64163
37434.0,120.63337
37435.0,134.20427
37436.0,134.30469
37437.0,140.47992
37438.0,142.32582
37439.0,158.80876
37353.0,178.13214
37384.0,128.48268
37412.0,138.38054
37354.0,141.62616
37385.0,139.04805
37413.0,144.79271
37355.0,153.70503
37386.0,169.03278
37414.0,176.01248
37356.0,181.55663
37387.0,131.20378
37415.0,143.18137
37357.0,124.53605
37388.0,124.88901
37416.0,127.35003
37358.0,145.02928
37389.0,149.5343
37417.0,107.81881
37359.0,109.14958
37390.0,118.66756
37418.0,118.029045
37360.0,137.18329
37391.0,140.7055
37419.0,150.85445
37361.0,133.83276
37392.0,139.1185
37420.0,97.64778
38250.0,25.408676
38281.0,119.82378
38309.0,114.82128
38262.0,128.12886
38263.0,132.59409
38264.0,99.857414
38265.0,118.57746
38266.0,133.39597
38267.0,139.69673
38268.0,141.49918
38269.0,152.2342
38270.0,158.74147
38271.0,119.78887
38272.0,128.53339
38273.0,131.60927
38274.0,139.92393
38275.0,139.45306
38276.0,150.43501
38277.0,154.51408
38278.0,116.24231
38279.0,130.33623
38280.0,134.75356
38251.0,147.79086
38282.0,145.73418
38310.0,154.70934
38293.0,137.52254
38294.0,137.91878
38295.0,142.40776
38296.0,141.6608
38297.0,150.84128
38298.0,166.35536
38299.0,122.89938
38300.0,134.1962
38301.0,131.4198
38302.0,139.03983
38303.0,142.32077
38304.0,158.65393
38305.0,164.32681
38306.0,120.22719
38307.0,133.83972
38308.0,133.26762
38252.0,149.7497
38283.0,154.06828
38311.0,168.91647
38321.0,133.57785
38322.0,133.52286
38323.0,141.30296
38324.0,146.80629
38325.0,165.1352
38326.0,168.43663
38327.0,123.46731
38328.0,135.17339
38329.0,132.29617
38330.0,140.58955
38331.0,143.6634
38332.0,159.65741
38333.0,164.64163
38334.0,120.63337
38335.0,134.20427
38336.0,134.30469
38337.0,140.47992
38338.0,142.32582
38339.0,158.80876
38253.0,178.13214
38284.0,128.48268
38312.0,138.38054
38254.0,141.62616
38285.0,139.04805
38313.0,144.79271
38255.0,153.70503
38286.0,169.03278
38314.0,176.03387
38256.0,181.57802
38287.0,131.20378
38315.0,143.18137
38257.0,124.53605
38288.0,124.88901
38316.0,127.35003
38258.0,145.02928
38289.0,149.51936
38317.0,107.81881
38259.0,109.14958
38290.0,118.66756
38318.0,118.029045
38260.0,137.36414
38291.0,140.88635
38319.0,151.0353
38261.0,133.83276
38292.0,139.1185
38320.0,97.64778
39150.0,15.577894
39181.0,116.08767
39209.0,112.97932
39162.0,127.9137
39163.0,130.28246
39164.0,100.20558
39165.0,116.519104
39166.0,133.3587
39167.0,140.01823
39168.0,140.6352
39169.0,151.31232
39170.0,157.82906
39171.0,119.354866
39172.0,128.40709
39173.0,130.61504
39174.0,139.12376
39175.0,138.88211
39176.0,149.0374
39177.0,153.00829
39178.0,116.22395
39179.0,129.33348
39180.0,133.85863
39151.0,146.82556
39182.0,144.92293
39210.0,154.35262
39193.0,136.89824
39194.0,137.85374
39195.0,141.35612
39196.0,140.90366
39197.0,149.74515
39198.0,165.9674
39199.0,122.98531
39200.0,134.28212
39201.0,131.50572
39202.0,139.12575
39203.0,142.4067
39204.0,158.26598
39205.0,163.85294
39206.0,120.22719
39207.0,133.83972
39208.0,133.26762
39152.0,149.83562
39183.0,154.1542
39211.0,168.52174
39221.0,133.66377
39222.0,133.60878
39223.0,141.38889
39224.0,146.89221
39225.0,164.74045
39226.0,168.04189
39227.0,123.55324
39228.0,135.25931
39229.0,132.3821
39230.0,140.67548
39231.0,143.74933
39232.0,158.8626
39233.0,163.7609
39234.0,120.2333
39235.0,133.8042
39236.0,133.90462
39237.0,140.07985
39238.0,141.92575
39239.0,157.92802
39153.0,177.7374
39184.0,128.5686
39212.0,138.46646
39154.0,141.71208
39185.0,139.13397
39213.0,144.87863
39155.0,153.79095
39186.0,168.63803
39214.0,175.63913
39156.0,181.18327
39187.0,131.2897
39215.0,143.26729
39157.0,124.62198
39188.0,124.97494
39216.0,127.43596
39158.0,144.63454
39189.0,149.12462
39217.0,107.90474
39159.0,109.18155
39190.0,118.699524
39218.0,118.06101
39160.0,137.3961
39191.0,140.91832
39219.0,150.5866
39161.0,133.86473
39192.0,139.15047
39220.0,97.67975
40050.0,39.384693
40081.0,117.691505
40109.0,116.00388
40062.0,128.34935
40063.0,130.48772
40064.0,102.11467
40065.0,120.796074
40066.0,130.85881
40067.0,136.27911
40068.0,140.66202
40069.0,151.29117
40070.0,157.51933
40071.0,120.072136
40072.0,128.26451
40073.0,130.23663
40074.0,136.67346
40075.0,139.02281
40076.0,146.73476
40077.0,151.3214
40078.0,117.02469
40079.0,128.50311
40080.0,131.93448
40051.0,146.24025
40082.0,146.80135
40110.0,153.94325
40093.0,137.92265
40094.0,135.3186
40095.0,141.28903
40096.0,139.4244
40097.0,147.7645
40098.0,166.74803
40099.0,123.68192
40100.0,134.9787
40101.0,132.2023
40102.0,139.82233
40103.0,143.10327
40104.0,158.97684
40105.0,164.5638
40106.0,120.92377
40107.0,134.63437
40108.0,134.06227
40052.0,150.53221
40083.0,154.85077
40111.0,169.30235
40121.0,134.36035
40122.0,134.30536
40123.0,142.08546
40124.0,147.58879
40125.0,165.52107
40126.0,168.82251
40127.0,124.24982
40128.0,135.95589
40129.0,133.07867
40130.0,141.37206
40131.0,144.4459
40132.0,159.57346
40133.0,164.47176
40134.0,120.92989
40135.0,134.59885
40136.0,134.69926
40137.0,140.97592
40138.0,142.82182
40139.0,158.24075
40053.0,178.3684
40084.0,129.2652
40112.0,139.16304
40054.0,142.40866
40085.0,139.83055
40113.0,145.57521
40055.0,154.59369
40086.0,169.52481
40114.0,176.52591
40056.0,181.92043
40087.0,132.12134
40115.0,144.09892
40057.0,125.401054
40088.0,125.39979
40116.0,127.86083
40058.0,144.97069
40089.0,149.6104
40117.0,108.65593
40059.0,109.93274
40090.0,119.450714
40118.0,118.8122
40060.0,138.1473
40091.0,141.66951
40119.0,151.07237
40061.0,134.20088
40092.0,139.63625
40120.0,98.76654
40950.0,29.542961
40981.0,118.79207
41009.0,114.89215
40962.0,127.71343
40963.0,129.96175
40964.0,101.452576
40965.0,118.11656
40966.0,133.23915
40967.0,138.38818
40968.0,140.07947
40969.0,150.53696
40970.0,157.82086
40971.0,119.72509
40972.0,129.09467
40973.0,131.62396
40974.0,138.32918
40975.0,138.26256
40976.0,148.43756
40977.0,153.60187
40978.0,117.202866
40979.0,130.14862
40980.0,135.44385
40951.0,148.88068
40982.0,145.41588
41010.0,154.63933
40993.0,137.7472
40994.0,137.9477
40995.0,142.07999
40996.0,140.38498
40997.0,148.09935
40998.0,167.11662
40999.0,124.14254
41000.0,135.43929
41001.0,132.66289
41002.0,140.56361
41003.0,143.18207
41004.0,159.50018
41005.0,164.6053
41006.0,121.47995
41007.0,135.19054
41008.0,134.61844
40952.0,150.59254
40983.0,154.43375
41011.0,169.07692
41021.0,134.897
41022.0,134.84201
41023.0,142.5627
41024.0,147.58865
41025.0,165.77615
41026.0,169.13168
41027.0,124.7104
41028.0,136.41647
41029.0,133.53926
41030.0,142.05392
41031.0,144.46529
41032.0,160.03738
41033.0,164.45384
41034.0,121.43105
41035.0,135.1
41036.0,135.20042
41037.0,141.47708
41038.0,142.90062
41039.0,159.20755
40953.0,177.68703
40984.0,129.33923
41012.0,139.23708
40954.0,142.4604
40985.0,139.8823
41013.0,145.62694
40955.0,154.15808
40986.0,169.35382
41014.0,175.38916
40956.0,180.53093
40987.0,132.58257
41015.0,144.32507
40957.0,124.97494
40988.0,124.973724
41016.0,127.12779
40958.0,145.06877
40989.0,148.9138
41017.0,108.48397
40959.0,109.17998
40990.0,118.69797
41018.0,118.05944
40960.0,137.36526
40991.0,140.58063
41019.0,150.4081
40961.0,132.66252
40992.0,137.15802
41020.0,97.46193
41850.0,12.083703
41881.0,117.21972
41909.0,113.85668
41862.0,126.90242
41863.0,129.11401
41864.0,100.40249
41865.0,115.91208
41866.0,130.91087
41867.0,138.63307
41868.0,139.0659
41869.0,149.75655
41870.0,157.32852
41871.0,118.9813
41872.0,127.71229
41873.0,129.16092
41874.0,137.28148
41875.0,136.56024
41876.0,147.14156
41877.0,151.94817
41878.0,116.14157
41879.0,129.58124
41880.0,133.3452
41851.0,146.0873
41882.0,143.1846
41910.0,152.19876
41893.0,135.83281
41894.0,135.56291
41895.0,139.6952
41896.0,139.3732
41897.0,147.85974
41898.0,166.54701
41899.0,122.400246
41900.0,133.83286
41901.0,131.05646
41902.0,138.95718
41903.0,142.04727
41904.0,158.36539
41905.0,164.03569
41906.0,119.873566
41907.0,134.47853
41908.0,133.90643
41852.0,149.69281
41883.0,153.48518
41911.0,168.12839
41921.0,133.03514
41922.0,132.98015
41923.0,140.70084
41924.0,146.33435
41925.0,164.52185
41926.0,168.56207
41927.0,122.85635
41928.0,134.69829
41929.0,131.82108
41930.0,140.33574
41931.0,143.21873
41932.0,158.79083
41933.0,163.77248
41934.0,119.71291
41935.0,134.27625
41936.0,134.37666
41937.0,140.70897
41938.0,142.60414
41939.0,158.8523
41853.0,177.3037
41884.0,128.43951
41912.0,138.33737
41854.0,141.5607
41885.0,138.98259
41913.0,144.72725
41855.0,153.0955
41886.0,168.29128
41914.0,175.0258
41856.0,180.16759
41887.0,131.5767
41915.0,143.31921
41857.0,124.47604
41888.0,124.474846
41916.0,126.572174
41858.0,144.39589
41889.0,148.94011
41917.0,107.88164
41859.0,108.577644
41890.0,118.09562
41918.0,117.45711
41860.0,137.5342
41891.0,140.679
41919.0,150.50644
41861.0,132.21832
41892.0,137.18433
41920.0,96.898186
42750.0,25.559605
42781.0,116.517876
42809.0,114.19353
42762.0,127.34563
42763.0,128.93552
42764.0,101.732956
42765.0,117.43603
42766.0,131.66383
42767.0,135.39755
42768.0,139.68904
42769.0,149.85193
42770.0,157.57361
42771.0,118.97068
42772.0,128.91937
42773.0,130.1631
42774.0,138.70592
42775.0,137.8042
42776.0,147.57042
42777.0,153.3264
42778.0,117.494995
42779.0,129.97496
42780.0,134.55293
42751.0,147.70137
42782.0,144.01639
42810.0,152.68585
42793.0,136.3199
42794.0,136.18129
42795.0,140.44814
42796.0,140.17911
42797.0,148.37607
42798.0,166.54701
42799.0,122.400246
42800.0,133.83286
42801.0,131.05646
42802.0,138.95718
42803.0,142.04727
42804.0,158.36539
42805.0,164.03569
42806.0,119.873566
42807.0,134.47853
42808.0,133.90643
42752.0,149.69281
42783.0,153.48518
42811.0,168.12839
42821.0,133.03514
42822.0,132.98015
42823.0,140.70084
42824.0,146.33435
42825.0,164.52185
42826.0,168.56207
42827.0,122.85635
42828.0,134.69829
42829.0,131.82108
42830.0,140.33574
42831.0,143.21873
42832.0,158.79083
42833.0,163.77248
42834.0,119.71291
42835.0,134.27625
42836.0,134.37666
42837.0,140.70897
42838.0,142.60414
42839.0,158.8523
42753.0,177.3037
42784.0,128.43951
42812.0,138.33737
42754.0,141.5607
42785.0,138.98259
42813.0,144.72725
42755.0,153.0955
42786.0,168.29128
42814.0,175.0258
42756.0,180.16759
42787.0,131.5767
42815.0,143.31921
42757.0,124.47604
42788.0,124.474846
42816.0,126.572174
42758.0,144.39589
42789.0,148.94011
42817.0,107.88164
42759.0,108.577644
42790.0,118.09562
42818.0,117.45711
42760.0,137.5342
42791.0,140.679
42819.0,150.50644
42761.0,132.21832
42792.0,137.18433
42820.0,96.898186
43650.0,15.049007
43681.0,117.33977
43709.0,113.19558
43662.0,126.660126
43663.0,129.05472
43664.0,99.51111
43665.0,115.69829
43666.0,131.10497
43667.0,138.00316
43668.0,139.0659
43669.0,149.75655
43670.0,157.65866
43671.0,118.9813
43672.0,127.71229
43673.0,128.83081
43674.0,138.00645
43675.0,136.56024
43676.0,147.2776
43677.0,151.94817
43678.0,116.23224
43679.0,129.53583
43680.0,133.29979
43651.0,146.0873
43682.0,143.1846
43710.0,152.19876
43693.0,135.83281
43694.0,135.56291
43695.0,139.6952
43696.0,139.86029
43697.0,148.0538
43698.0,166.54701
43699.0,122.400246
43700.0,133.83286
43701.0,131.05646
43702.0,138.95718
43703.0,142.04727
43704.0,158.36539
43705.0,164.03569
43706.0,119.873566
43707.0,134.47853
43708.0,133.90643
43652.0,149.69281
43683.0,153.48518
43711.0,168.12839
43721.0,133.03514
43722.0,132.98015
43723.0,140.70084
43724.0,146.33435
43725.0,164.52185
43726.0,168.56207
43727.0,122.85635
43728.0,134.69829
43729.0,131.82108
43730.0,140.33574
43731.0,143.21873
43732.0,158.79083
43733.0,163.77248
43734.0,119.71291
43735.0,134.27625
43736.0,134.37666
43737.0,140.70897
43738.0,142.60414
43739.0,158.68515
43653.0,177.3037
43684.0,128.43951
43712.0,138.33737
43654.0,141.5607
43685.0,138.98259
43713.0,144.72725
43655.0,153.05882
43686.0,168.18155
43714.0,174.91608
43656.0,180.60136
43687.0,131.54002
43715.0,143.28253
43657.0,124.41049
43688.0,124.409294
43716.0,126.50663
43658.0,144.39589
43689.0,148.94011
43717.0,107.88164
43659.0,108.577644
43690.0,118.09562
43718.0,117.45711
43660.0,137.5342
43691.0,140.679
43719.0,150.50644
43661.0,132.26918
43692.0,137.18433
43720.0,96.898186
44550.0,33.53998
44581.0,118.95072
44609.0,115.74591
44562.0,127.8173
44563.0,130.29419
44564.0,101.55423
44565.0,118.649345
44566.0,130.67618
44567.0,133.07988
44568.0,139.37784
44569.0,149.54073
44570.0,157.2624
44571.0,119.22161
44572.0,127.79859
44573.0,128.64992
44574.0,135.06064
44575.0,137.02519
44576.0,147.23547
44577.0,152.99374
44578.0,117.15624
44579.0,130.59026
44580.0,133.30237
44551.0,146.4603
44582.0,144.12265
44610.0,151.4976
44593.0,135.87225
44594.0,135.56201
44595.0,140.98955
44596.0,139.91444
44597.0,147.92882
44598.0,166.21759
44599.0,122.07829
44600.0,133.51091
44601.0,130.73451
44602.0,138.63524
44603.0,141.71785
44604.0,158.03596
44605.0,163.70627
44606.0,119.55161
44607.0,134.15659
44608.0,133.58449
44552.0,149.67377
44583.0,153.45866
44611.0,168.10187
44621.0,132.7132
44622.0,132.6582
44623.0,140.37889
44624.0,146.00493
44625.0,164.19243
44626.0,168.23265
44627.0,122.5344
44628.0,134.37634
44629.0,131.49913
44630.0,140.0138
44631.0,142.88931
44632.0,158.46141
44633.0,163.44305
44634.0,119.39096
44635.0,133.9543
44636.0,134.05472
44637.0,140.38702
44638.0,142.27472
44639.0,158.35573
44553.0,177.24196
44584.0,128.38524
44612.0,138.28311
44554.0,141.50644
44585.0,138.92833
44613.0,144.67299
44555.0,152.99709
44586.0,168.11981
44614.0,174.85434
44556.0,180.85869
44587.0,131.80482
44615.0,143.54733
44557.0,124.314926
44588.0,124.31373
44616.0,126.40358
44558.0,144.39589
44589.0,148.94011
44617.0,107.88912
44559.0,108.59239
44590.0,118.11037
44618.0,117.471855
44560.0,137.55109
44591.0,140.679
44619.0,150.50644
44561.0,132.26918
44592.0,137.18433
44620.0,96.915085
540.0,10.288538
571.0,114.80996
599.0,112.68868
552.0,122.71542
553.0,127.20667
554.0,96.00419
555.0,114.34228
556.0,126.163445
557.0,131.5342
558.0,137.09581
559.0,144.52844
560.0,150.00854
561.0,112.30634
562.0,123.75057
563.0,125.74488
564.0,132.86911
565.0,135.90877
566.0,142.45001
567.0,148.92932
568.0,111.38044
569.0,124.634346
570.0,128.08575
541.0,136.35567
572.0,140.16586
600.0,147.42719
583.0,127.531105
584.0,129.02965
585.0,132.3218
586.0,135.09138
587.0,141.06598
588.0,164.99162
589.0,119.57628
590.0,130.96198
591.0,128.86574
592.0,136.11499
593.0,137.5866
594.0,155.53354
595.0,162.35599
596.0,117.26236
597.0,131.1912
598.0,131.00883
542.0,144.35385
573.0,150.28917
601.0,167.3664
611.0,130.45613
612.0,131.97752
613.0,138.27199
614.0,141.96767
615.0,161.23352
616.0,166.32071
617.0,119.68252
618.0,131.47754
619.0,129.58414
620.0,136.7356
621.0,137.72763
622.0,155.99318
623.0,162.6506
624.0,118.543976
625.0,132.40887
626.0,132.899
627.0,138.27805
628.0,136.4875
629.0,155.62143
543.0,178.4575
574.0,125.14974
602.0,137.48505
544.0,137.79181
575.0,138.55629
603.0,144.91873
545.0,152.6209
576.0,172.56679
604.0,178.24771
546.0,182.03156
577.0,128.59914
605.0,141.1785
547.0,122.281425
578.0,127.84254
606.0,131.97476
548.0,149.14995
579.0,154.03848
607.0,108.7122
549.0,107.33988
580.0,119.23462
608.0,121.38938
550.0,134.56027
581.0,140.49435
609.0,153.41183
551.0,135.18356
582.0,141.25403
610.0,97.93701
1440.0,26.249884
1471.0,116.840706
1499.0,114.496284
1452.0,122.32364
1453.0,128.06938
1454.0,97.45724
1455.0,116.78928
1456.0,126.93949
1457.0,132.02129
1458.0,137.58182
1459.0,145.01445
1460.0,150.34125
1461.0,112.10371
1462.0,124.24157
1463.0,125.68838
1464.0,133.22737
1465.0,137.26659
1466.0,143.39879
1467.0,150.17552
1468.0,111.734566
1469.0,124.99218
1470.0,128.63812
1441.0,137.45488
1472.0,140.91925
1500.0,148.52637
1483.0,128.5252
1484.0,129.22372
1485.0,132.77814
1486.0,135.60773
1487.0,141.36113
1488.0,165.4047
1489.0,119.314026
1490.0,130.6997
1491.0,128.60347
1492.0,135.85272
1493.0,137.32433
1494.0,155.27127
1495.0,162.33408
1496.0,117.12166
1497.0,131.0505
1498.0,130.86815
1442.0,144.09158
1473.0,150.0269
1501.0,167.10413
1511.0,130.19386
1512.0,131.71526
1513.0,138.00972
1514.0,141.7054
1515.0,160.97125
1516.0,166.73378
1517.0,119.420265
1518.0,131.21527
1519.0,129.32187
1520.0,136.47333
1521.0,137.46536
1522.0,155.73091
1523.0,162.6287
1524.0,118.403275
1525.0,132.26819
1526.0,132.75832
1527.0,138.13736
1528.0,136.46559
1529.0,155.59952
1443.0,178.87057
1474.0,124.88748
1502.0,137.22278
1444.0,137.52954
1475.0,138.29402
1503.0,144.65646
1445.0,152.35863
1476.0,172.30452
1504.0,178.66078
1446.0,182.44463
1477.0,128.66557
1505.0,141.24493
1447.0,122.42871
1478.0,127.98987
1506.0,132.12204
1448.0,149.20186
1479.0,154.43703
1507.0,108.76411
1449.0,107.39179
1480.0,119.28653
1508.0,121.44129
1450.0,134.61218
1481.0,140.54626
1509.0,153.46375
1451.0,135.18356
1482.0,141.25403
1510.0,97.93701
2340.0,17.128555
2371.0,115.07728
2399.0,112.53478
2352.0,122.47917
2353.0,127.2078
2354.0,96.33202
2355.0,116.051125
2356.0,125.84634
2357.0,131.42561
2358.0,136.79315
2359.0,144.87558
2360.0,150.81041
2361.0,112.08137
2362.0,124.19898
2363.0,126.41717
2364.0,133.52222
2365.0,135.89804
2366.0,142.99123
2367.0,150.0265
2368.0,111.07778
2369.0,124.947395
2370.0,127.78309
2341.0,135.83727
2372.0,139.6474
2400.0,147.38696
2383.0,126.922066
2384.0,128.42065
2385.0,132.19987
2386.0,134.96947
2387.0,140.90991
2388.0,163.5302
2389.0,117.63388
2390.0,129.01953
2391.0,126.923294
2392.0,134.17258
2393.0,136.29976
2394.0,154.1833
2395.0,161.11516
2396.0,116.09709
2397.0,130.02591
2398.0,129.84358
2342.0,143.68881
2373.0,149.62413
2401.0,166.73523
2411.0,129.09637
2412.0,130.61777
2413.0,136.91223
2414.0,140.60791
2415.0,159.91125
2416.0,165.84918
2417.0,118.46409
2418.0,130.2591
2419.0,128.36569
2420.0,135.51715
2421.0,137.16476
2422.0,155.60812
2423.0,162.37495
2424.0,118.242966
2425.0,132.10788
2426.0,132.59804
2427.0,137.97705
2428.0,136.30528
2429.0,155.4767
2343.0,178.80199
2374.0,124.781425
2402.0,137.21399
2344.0,136.93024
2375.0,137.69472
2403.0,144.15445
2345.0,152.3023
2376.0,172.28569
2404.0,178.73924
2346.0,181.37083
2377.0,127.55423
2405.0,140.2309
2347.0,122.658035
2378.0,127.489815
2406.0,131.96631
2348.0,148.98633
2379.0,154.27945
2407.0,109.23571
2349.0,107.10599
2380.0,118.85572
2408.0,121.10777
2350.0,134.07187
2381.0,140.25305
2409.0,153.30531
2351.0,134.49928
2382.0,140.6277
2410.0,97.76897
3240.0,9.910295
3271.0,114.924
3299.0,112.50132
3252.0,121.879074
3253.0,125.597466
3254.0,95.96081
3255.0,114.113075
3256.0,125.84634
3257.0,131.23154
3258.0,136.79315
3259.0,144.58365
3260.0,149.74681
3261.0,112.003685
3262.0,123.447914
3263.0,125.44222
3264.0,132.56645
3265.0,135.60611
3266.0,142.50522
3267.0,148.66759
3268.0,111.07778
3269.0,124.33169
3270.0,127.78309
3241.0,135.83727
3272.0,139.6474
3300.0,147.1929
3283.0,126.922066
3284.0,128.42065
3285.0,131.71278
3286.0,134.48238
3287.0,140.39357
3288.0,163.5955
3289.0,117.63388
3290.0,129.01953
3291.0,126.923294
3292.0,134.17258
3293.0,136.29976
3294.0,154.1833
3295.0,161.18047
3296.0,116.09709
3297.0,130.02591
3298.0,129.84358
3242.0,143.68881
3273.0,149.62413
3301.0,166.73523
3311.0,129.09637
3312.0,130.61777
3313.0,136.91223
3314.0,140.60791
3315.0,159.91125
3316.0,165.91449
3317.0,118.46409
3318.0,130.2591
3319.0,128.36569
3320.0,135.51715
3321.0,137.16476
3322.0,155.60812
3323.0,162.44026
3324.0,118.242966
3325.0,132.10788
3326.0,132.59804
3327.0,137.97705
3328.0,136.30528
3329.0,155.4767
3243.0,178.8673
3274.0,124.781425
3302.0,137.21399
3244.0,136.93024
3275.0,137.69472
3303.0,144.15445
3245.0,152.3023
3276.0,172.28569
3304.0,178.91516
3246.0,181.54674
3277.0,127.55423
3305.0,140.2309
3247.0,122.658035
3278.0,127.489815
3306.0,131.96631
3248.0,148.98633
3279.0,154.45537
3307.0,109.23571
3249.0,107.10599
3280.0,118.85572
3308.0,121.10777
3250.0,134.07187
3281.0,140.25305
3309.0,153.30531
3251.0,134.49928
3282.0,140.63655
3310.0,97.76897
4140.0,9.008187
4171.0,114.62107
4199.0,112.499794
4152.0,121.879074
4153.0,125.597466
4154.0,96.06335
4155.0,113.72863
4156.0,125.55439
4157.0,130.9396
4158.0,136.79315
4159.0,144.58365
4160.0,149.74681
4161.0,112.29563
4162.0,123.447914
4163.0,125.44222
4164.0,132.56645
4165.0,135.60611
4166.0,142.79715
4167.0,148.66759
4168.0,111.07778
4169.0,124.33169
4170.0,127.78309
4141.0,135.83727
4172.0,139.6474
4200.0,147.1929
4183.0,126.922066
4184.0,128.42065
4185.0,131.71278
4186.0,134.48238
4187.0,140.39357
4188.0,163.5955
4189.0,117.63388
4190.0,129.01953
4191.0,126.923294
4192.0,134.17258
4193.0,136.29976
4194.0,154.1833
4195.0,161.18047
4196.0,116.09709
4197.0,130.02591
4198.0,129.84358
4142.0,143.68881
4173.0,149.62413
4201.0,166.73523
4211.0,129.09637
4212.0,130.61777
4213.0,136.91223
4214.0,140.60791
4215.0,159.91125
4216.0,165.91449
4217.0,118.46409
4218.0,130.2591
4219.0,128.36569
4220.0,135.51715
4221.0,137.16476
4222.0,155.60812
4223.0,162.44026
4224.0,118.242966
4225.0,132.10788
4226.0,132.59804
4227.0,137.97705
4228.0,136.30528
4229.0,155.4767
4143.0,178.8673
4174.0,124.781425
4202.0,137.21399
4144.0,136.93024
4175.0,137.69472
4203.0,144.15445
4145.0,152.3023
4176.0,172.28569
4204.0,178.91516
4146.0,181.54674
4177.0,127.55423
4205.0,140.2309
4147.0,122.658035
4178.0,127.489815
4206.0,131.96631
4148.0,148.98633
4179.0,154.45537
4207.0,109.23571
4149.0,107.10599
4180.0,118.85572
4208.0,121.10777
4150.0,134.07187
4181.0,140.25305
4209.0,153.30531
4151.0,134.49928
4182.0,140.63655
4210.0,97.76897
5040.0,26.192326
5071.0,115.6708
5099.0,114.884346
5052.0,124.091644
5053.0,128.75414
5054.0,97.584755
5055.0,116.62858
5056.0,126.33167
5057.0,131.09946
5058.0,137.10815
5059.0,144.07663
5060.0,149.35329
5061.0,112.038704
5062.0,124.345695
5063.0,126.125725
5064.0,132.80923
5065.0,136.1859
5066.0,143.41374
5067.0,148.44064
5068.0,111.87548
5069.0,125.22114
5070.0,128.53508
5041.0,137.41441
5072.0,140.47327
5100.0,148.5217
5083.0,127.700264
5084.0,129.19502
5085.0,132.37477
5086.0,135.02263
5087.0,141.00095
5088.0,163.83386
5089.0,117.85396
5090.0,129.2396
5091.0,127.14339
5092.0,134.01848
5093.0,136.14566
5094.0,154.39938
5095.0,161.86679
5096.0,116.31717
5097.0,130.24597
5098.0,130.06364
5042.0,143.91864
5073.0,149.85396
5101.0,166.15924
5111.0,129.31644
5112.0,130.83783
5113.0,137.13478
5114.0,140.83046
5115.0,159.83672
5116.0,165.78038
5117.0,118.684166
5118.0,130.47916
5119.0,128.58575
5120.0,135.36305
5121.0,137.01067
5122.0,155.45174
5123.0,162.75412
5124.0,118.46304
5125.0,132.32794
5126.0,132.8181
5127.0,137.8117
5128.0,136.13994
5129.0,155.30061
5043.0,178.16382
5074.0,125.00149
5102.0,137.43404
5044.0,137.15031
5075.0,137.9148
5103.0,144.3843
5045.0,152.13904
5076.0,171.31664
5104.0,178.33173
5046.0,181.23985
5077.0,127.7902
5105.0,140.46689
5047.0,122.89403
5078.0,127.751884
5106.0,132.22842
5048.0,148.73505
5079.0,154.07661
5107.0,109.4717
5049.0,107.34198
5080.0,119.09171
5108.0,121.343765
5050.0,134.33398
5081.0,140.51517
5109.0,153.08882
5051.0,134.34344
5082.0,140.35324
5110.0,98.19948
5940.0,27.672089
5971.0,118.29801
5999.0,115.68285
5952.0,124.9498
5953.0,129.17014
5954.0,101.07754
5955.0,117.51461
5956.0,126.46546
5957.0,131.26744
5958.0,136.85275
5959.0,144.4997
5960.0,148.97285
5961.0,112.70161
5962.0,124.28309
5963.0,126.582695
5964.0,132.95027
5965.0,136.4638
5966.0,143.8217
5967.0,148.57239
5968.0,111.57755
5969.0,125.32232
5970.0,127.908
5941.0,136.5325
5972.0,140.22282
6000.0,147.44643
5983.0,127.91372
5984.0,129.39687
5985.0,132.57661
5986.0,133.60516
5987.0,140.96931
5988.0,165.16672
5989.0,119.36514
5990.0,130.75082
5991.0,128.65459
5992.0,135.52968
5993.0,137.64258
5994.0,155.80795
5995.0,163.19965
5996.0,117.87865
5997.0,131.8075
5998.0,131.62514
5942.0,143.33241
5973.0,148.75587
6001.0,164.97278
6011.0,130.3082
6012.0,131.82956
6013.0,138.12651
6014.0,141.80794
6015.0,160.72581
6016.0,166.59377
6017.0,119.67588
6018.0,131.47092
6019.0,129.57751
6020.0,136.35481
6021.0,137.98814
6022.0,156.3408
6023.0,163.5675
6024.0,119.50505
6025.0,133.37
6026.0,133.86012
6027.0,138.80347
6028.0,137.11742
6029.0,156.07924
5943.0,177.39925
5974.0,123.904755
6002.0,136.33734
5944.0,136.54538
5975.0,136.81229
6003.0,143.28178
5945.0,152.04297
5976.0,170.63461
6004.0,177.57399
5946.0,180.46228
5977.0,126.63688
6005.0,139.3135
5947.0,122.33527
5978.0,126.77133
6006.0,131.29019
5948.0,148.13023
5979.0,152.97429
6007.0,108.49115
5949.0,106.783226
5980.0,118.11116
6008.0,120.36321
5950.0,133.77524
5981.0,139.57693
6009.0,152.06221
5951.0,133.92984
5982.0,139.8689
6010.0,97.0395
6840.0,35.02888
6871.0,118.3989
6899.0,116.491615
6852.0,124.87967
6853.0,132.18153
6854.0,101.05833
6855.0,119.60766
6856.0,123.79173
6857.0,128.34628
6858.0,135.62714
6859.0,143.40004
6860.0,147.81487
6861.0,111.86215
6862.0,122.289185
6863.0,124.6794
6864.0,130.03542
6865.0,133.53981
6866.0,142.95987
6867.0,148.18419
6868.0,111.652725
6869.0,123.76819
6870.0,128.06885
6841.0,136.4149
6872.0,139.64333
6900.0,147.01807
6883.0,127.15155
6884.0,128.33905
6885.0,129.86757
6886.0,132.0657
6887.0,138.07068
6888.0,165.03752
6889.0,118.13474
6890.0,129.52039
6891.0,127.57357
6892.0,134.44865
6893.0,136.98203
6894.0,155.38692
6895.0,163.10846
6896.0,116.51493
6897.0,130.8317
6898.0,130.79875
6842.0,142.75664
6873.0,148.55626
6901.0,165.01898
6911.0,129.76279
6912.0,131.50153
6913.0,137.79848
6914.0,141.85603
6915.0,161.01976
6916.0,167.21753
6917.0,119.19849
6918.0,130.99347
6919.0,129.24948
6920.0,136.02678
6921.0,138.08052
6922.0,156.6048
6923.0,164.16132
6924.0,118.835075
6925.0,133.08792
6926.0,133.7275
6927.0,138.66211
6928.0,137.52983
6929.0,156.7312
6843.0,177.5304
6874.0,123.18828
6902.0,135.62085
6844.0,135.82892
6875.0,136.24521
6903.0,142.70601
6845.0,151.99576
6876.0,170.68082
6904.0,177.70514
6846.0,180.21165
6877.0,125.99442
6905.0,138.671
6847.0,121.842224
6878.0,126.26956
6906.0,130.9352
6848.0,147.18227
6879.0,152.11127
6907.0,106.91754
6849.0,105.191826
6880.0,116.51976
6908.0,118.92124
6850.0,132.64044
6881.0,138.86118
6909.0,151.36588
6851.0,132.9599
6882.0,138.9839
6910.0,95.48171
7740.0,21.3834
7771.0,116.35091
7799.0,114.293106
7752.0,124.09026
7753.0,129.43799
7754.0,96.13092
7755.0,117.36752
7756.0,124.34132
7757.0,129.34631
7758.0,134.65842
7759.0,142.33481
7760.0,146.36183
7761.0,110.53159
7762.0,122.38688
7763.0,123.99236
7764.0,130.479
7765.0,133.68062
7766.0,141.70168
7767.0,146.88722
7768.0,109.873955
7769.0,123.469505
7770.0,127.340385
7741.0,135.65211
7772.0,138.71048
7800.0,145.62497
7783.0,125.96212
7784.0,127.09641
7785.0,129.82614
7786.0,132.55571
7787.0,138.32834
7788.0,163.48204
7789.0,118.446266
7790.0,128.97041
7791.0,126.79488
7792.0,133.39813
7793.0,136.39055
7794.0,154.29678
7795.0,162.10013
7796.0,117.0144
7797.0,130.46965
7798.0,130.55283
7742.0,142.58974
7773.0,147.89598
7801.0,163.82745
7811.0,129.74838
7812.0,131.25845
7813.0,137.28357
7814.0,140.91815
7815.0,159.46425
7816.0,165.66205
7817.0,119.51001
7818.0,130.44345
7819.0,128.4708
7820.0,134.97623
7821.0,137.48907
7822.0,155.60304
7823.0,163.24136
7824.0,119.33456
7825.0,132.72588
7826.0,133.48157
7827.0,138.14432
7828.0,137.6778
7829.0,156.38051
7743.0,176.5031
7774.0,123.80398
7802.0,135.37506
7744.0,136.38028
7775.0,136.19604
7803.0,142.38501
7745.0,152.10966
7776.0,169.89162
7804.0,176.91591
7746.0,180.30087
7777.0,126.26645
7805.0,138.9431
7747.0,122.97794
7778.0,126.40999
7806.0,131.07564
7748.0,148.57874
7779.0,153.1359
7807.0,108.43076
7749.0,106.9017
7780.0,117.85783
7808.0,120.030594
7750.0,132.85175
7781.0,138.70064
7809.0,151.92369
7751.0,133.8478
7782.0,139.61687
7810.0,96.01398
8640.0,31.307596
8671.0,118.25702
8699.0,115.66739
8652.0,124.60235
8653.0,130.05646
8654.0,99.834656
8655.0,118.94716
8656.0,124.174065
8657.0,129.14485
8658.0,134.24188
8659.0,141.42264
8660.0,146.65208
8661.0,110.2978
8662.0,122.02015
8663.0,124.23667
8664.0,130.18039
8665.0,133.28842
8666.0,141.89879
8667.0,146.93791
8668.0,111.0144
8669.0,123.90911
8670.0,127.26711
8641.0,134.54251
8672.0,138.22357
8700.0,145.18
8683.0,126.520744
8684.0,127.63514
8685.0,129.7863
8686.0,131.60352
8687.0,137.20702
8688.0,163.40193
8689.0,117.40685
8690.0,128.2089
8691.0,126.85154
8692.0,133.27966
8693.0,136.27232
8694.0,154.15546
8695.0,161.9588
8696.0,116.40635
8697.0,130.09427
8698.0,131.31561
8642.0,142.61012
8673.0,147.51894
8701.0,163.42734
8711.0,128.41406
8712.0,130.68378
8713.0,136.58679
8714.0,140.80258
8715.0,159.3256
8716.0,165.5234
8717.0,118.41206
8718.0,129.62346
8719.0,128.46893
8720.0,134.79926
8721.0,137.31229
8722.0,155.46172
8723.0,163.10004
8724.0,118.72651
8725.0,132.3505
8726.0,134.24435
8727.0,139.16852
8728.0,138.40714
8729.0,157.08675
8643.0,176.10297
8674.0,122.76457
8702.0,134.04076
8644.0,135.7046
8675.0,135.6799
8703.0,141.74677
8645.0,151.73264
8676.0,169.49149
8704.0,176.51578
8646.0,180.13422
8677.0,125.188995
8705.0,137.86566
8647.0,123.12043
8678.0,125.77173
8706.0,130.93208
8648.0,148.41208
8679.0,152.96924
8707.0,107.619576
8649.0,106.74916
8680.0,117.04664
8708.0,119.7807
8650.0,133.13838
8681.0,138.80025
8709.0,152.00021
8651.0,133.92432
8682.0,139.69339
8710.0,95.20279
9540.0,32.448196
9571.0,115.41913
9599.0,117.763214
9552.0,124.47173
9553.0,131.1874
9554.0,98.515976
9555.0,116.89284
9556.0,122.496574
9557.0,125.006355
9558.0,132.47015
9559.0,140.1023
9560.0,145.02861
9561.0,108.71412
9562.0,120.67785
9563.0,122.1524
9564.0,126.28347
9565.0,131.82643
9566.0,140.05243
9567.0,145.04665
9568.0,109.911995
9569.0,122.976295
9570.0,125.363365
9541.0,133.76797
9572.0,137.7717
9600.0,144.63022
9583.0,125.83556
9584.0,127.57673
9585.0,129.3644
9586.0,131.40512
9587.0,137.30316
9588.0,163.30032
9589.0,117.03448
9590.0,127.83651
9591.0,126.479195
9592.0,132.96107
9593.0,135.9537
9594.0,153.83684
9595.0,161.8572
9596.0,116.03397
9597.0,129.7219
9598.0,130.94327
9542.0,143.13469
9573.0,148.0435
9601.0,163.49774
9611.0,129.42761
9612.0,131.69731
9613.0,137.11133
9614.0,140.87302
9615.0,159.39604
9616.0,165.52966
9617.0,118.14757
9618.0,129.35895
9619.0,128.20447
9620.0,134.5885
9621.0,137.10153
9622.0,155.25096
9623.0,163.1063
9624.0,117.91076
9625.0,131.53474
9626.0,133.42863
9627.0,138.40652
9628.0,137.64517
9629.0,156.43184
9543.0,175.83914
9574.0,122.61717
9602.0,133.89336
9544.0,135.5572
9575.0,135.53253
9603.0,141.72006
9545.0,151.70593
9576.0,169.01065
9604.0,176.25198
9546.0,179.87039
9577.0,125.04161
9605.0,137.71826
9547.0,121.99221
9578.0,124.76421
9606.0,129.67747
9548.0,146.74622
9579.0,151.51744
9607.0,106.15636
9549.0,105.28596
9580.0,115.20915
9608.0,117.94326
9550.0,131.95009
9581.0,137.66289
9609.0,150.86285
9551.0,132.65688
9582.0,138.58041
9610.0,94.30112
10440.0,32.196964
10471.0,116.41719
10499.0,115.34303
10452.0,124.81045
10453.0,129.517
10454.0,98.109695
10455.0,117.386795
10456.0,124.401924
10457.0,125.950935
10458.0,133.6946
10459.0,140.9282
10460.0,145.96841
10461.0,109.91679
10462.0,120.87536
10463.0,123.11375
10464.0,128.86832
10465.0,132.70584
10466.0,140.65935
10467.0,146.24428
10468.0,110.59994
10469.0,123.937645
10470.0,126.35053
10441.0,135.30014
10472.0,138.57011
10500.0,145.15208
10483.0,127.39678
10484.0,127.73557
10485.0,131.37859
10486.0,132.58516
10487.0,137.33737
10488.0,163.5353
10489.0,117.29774
10490.0,128.0998
10491.0,126.742455
10492.0,133.22437
10493.0,136.21696
10494.0,154.07181
10495.0,162.09216
10496.0,116.29723
10497.0,129.98518
10498.0,131.20656
10442.0,144.10347
10473.0,149.01231
10501.0,164.33679
10511.0,129.58275
10512.0,131.85245
10513.0,137.37462
10514.0,141.13628
10515.0,159.63101
10516.0,165.76463
10517.0,118.4845
10518.0,129.69588
10519.0,128.54138
10520.0,134.92543
10521.0,137.43846
10522.0,155.5596
10523.0,163.4149
10524.0,118.24769
10525.0,131.87167
10526.0,133.76556
10527.0,139.29753
10528.0,138.53618
10529.0,157.22089
10443.0,175.9941
10474.0,122.94931
10502.0,134.43228
10444.0,135.88937
10475.0,135.86467
10503.0,142.25899
10445.0,152.24486
10476.0,169.41985
10504.0,176.40694
10446.0,180.48602
10477.0,126.037796
10505.0,138.92123
10447.0,122.17175
10478.0,124.943756
10506.0,129.85704
10448.0,147.28638
10479.0,151.59859
10507.0,106.23777
10449.0,105.493355
10480.0,115.416565
10508.0,118.15066
10450.0,132.15752
10481.0,137.87032
10509.0,151.32178
10451.0,133.2165
10482.0,138.68103
10510.0,94.60921
11340.0,39.805767
11371.0,117.18721
11399.0,117.712555
11352.0,124.57473
11353.0,127.85552
11354.0,98.30154
11355.0,118.62918
11356.0,123.43348
11357.0,127.06916
11358.0,133.49147
11359.0,139.41855
11360.0,145.68977
11361.0,109.62236
11362.0,119.55444
11363.0,121.47791
11364.0,126.14523
11365.0,133.10771
11366.0,140.19548
11367.0,143.94571
11368.0,110.16853
11369.0,123.55893
11370.0,125.8053
11341.0,138.8102
11372.0,141.02847
11400.0,145.51743
11383.0,127.76557
11384.0,128.94888
11385.0,131.13794
11386.0,131.53429
11387.0,137.26471
11388.0,163.27354
11389.0,119.433266
11390.0,130.2353
11391.0,127.59152
11392.0,133.92192
11393.0,137.0242
11394.0,154.87032
11395.0,161.91185
11396.0,118.583176
11397.0,132.46265
11398.0,131.96225
11342.0,145.2477
11373.0,149.91881
11401.0,165.23459
11411.0,132.05627
11412.0,132.6086
11413.0,137.96796
11414.0,141.9836
11415.0,160.4696
11416.0,165.56447
11417.0,120.25261
11418.0,131.46399
11419.0,129.02306
11420.0,135.68457
11421.0,138.30728
11422.0,156.41966
11423.0,163.29617
11424.0,120.166275
11425.0,133.9818
11426.0,134.15392
11427.0,139.61546
11428.0,138.98206
11429.0,158.0508
11343.0,176.28354
11374.0,124.75537
11402.0,135.59654
11344.0,138.72961
11375.0,136.60872
11403.0,142.90504
11345.0,154.14923
11376.0,169.98547
11404.0,177.22606
11346.0,183.91077
11377.0,129.67857
11405.0,142.32161
11347.0,127.063416
11378.0,128.2581
11406.0,132.78868
11348.0,149.3229
11379.0,153.89822
11407.0,108.244156
11349.0,108.76051
11380.0,119.159065
11408.0,121.97894
11350.0,135.3344
11381.0,140.85019
11409.0,154.01283
11351.0,135.50931
11382.0,141.23694
11410.0,97.55033
12240.0,27.22577
12271.0,117.981285
12299.0,117.76571
12252.0,124.39099
12253.0,132.14745
12254.0,100.142624
12255.0,118.67687
12256.0,128.61041
12257.0,132.90974
12258.0,135.76657
12259.0,145.9548
12260.0,150.58481
12261.0,112.68927
12262.0,124.46573
12263.0,127.02462
12264.0,132.92694
12265.0,134.66109
12266.0,145.31718
12267.0,150.12984
12268.0,112.121414
12269.0,125.37371
12270.0,128.37563
12241.0,140.00887
12272.0,140.99974
12300.0,150.78654
12283.0,131.01668
12284.0,131.28467
12285.0,134.47668
12286.0,135.32669
12287.0,143.85669
12288.0,166.258
12289.0,123.36666
12290.0,134.16878
12291.0,130.41626
12292.0,136.01341
12293.0,137.66185
12294.0,157.32951
12295.0,164.85986
12296.0,122.4172
12297.0,135.77171
12298.0,134.13165
12242.0,147.11626
12273.0,149.89537
12301.0,167.02063
12311.0,134.28793
12312.0,133.97218
12313.0,138.79262
12314.0,142.44913
12315.0,163.0163
12316.0,168.26248
12317.0,123.741165
12318.0,134.9526
12319.0,131.64363
12320.0,137.73036
12321.0,138.94295
12322.0,158.8769
12323.0,166.24223
12324.0,123.74071
12325.0,137.03125
12326.0,136.0637
12327.0,140.4636
12328.0,138.93224
12329.0,158.77017
12243.0,177.20317
12274.0,126.18389
12302.0,137.02515
12244.0,140.15378
12275.0,137.2908
12303.0,143.03944
12245.0,153.85823
12276.0,170.94643
12304.0,178.04745
12246.0,184.96645
12277.0,132.3291
12305.0,144.97217
12247.0,127.85889
12278.0,129.10678
12306.0,132.4798
12248.0,150.47868
12279.0,154.55524
12307.0,111.05213
12249.0,110.52874
12280.0,120.92728
12308.0,122.87914
12250.0,136.26704
12281.0,141.01659
12309.0,155.25877
12251.0,137.04286
12282.0,141.76369
12310.0,99.579865
13140.0,41.162262
13171.0,119.209816
13199.0,118.5252
13152.0,127.585045
13153.0,130.70686
13154.0,103.46049
13155.0,120.38117
13156.0,128.3039
13157.0,130.61229
13158.0,136.07053
13159.0,145.8625
13160.0,150.65326
13161.0,112.77169
13162.0,123.132034
13163.0,124.73169
13164.0,129.27736
13165.0,134.47481
13166.0,144.5198
13167.0,150.31255
13168.0,110.80221
13169.0,125.6056
13170.0,127.41737
13141.0,140.7093
13172.0,141.44057
13200.0,150.57024
13183.0,131.35945
13184.0,132.97656
13185.0,134.1064
13186.0,133.86157
13187.0,143.92976
13188.0,167.38884
13189.0,123.94611
13190.0,134.74821
13191.0,130.9957
13192.0,136.59285
13193.0,138.24129
13194.0,158.50441
13195.0,165.9594
13196.0,122.96534
13197.0,136.31984
13198.0,134.67978
13142.0,147.6957
13173.0,150.47481
13201.0,168.19553
13211.0,134.86737
13212.0,134.55162
13213.0,139.37206
13214.0,143.02856
13215.0,164.1912
13216.0,169.39333
13217.0,124.32062
13218.0,135.53204
13219.0,132.22307
13220.0,138.3098
13221.0,139.52238
13222.0,160.0518
13223.0,167.34177
13224.0,124.28885
13225.0,137.57938
13226.0,136.61183
13227.0,141.01172
13228.0,139.48036
13229.0,159.91376
13143.0,178.33401
13174.0,126.76335
13202.0,137.60458
13144.0,140.84302
13175.0,137.98004
13203.0,143.72868
13145.0,154.56633
13176.0,172.24998
13204.0,179.3747
13146.0,186.29369
13177.0,133.01834
13205.0,145.6614
13147.0,128.54816
13178.0,129.79602
13206.0,133.1879
13148.0,151.19203
13179.0,155.2923
13207.0,111.741394
13149.0,110.97963
13180.0,121.37815
13208.0,123.33003
13150.0,136.35693
13181.0,141.12534
13209.0,155.37277
13151.0,137.06668
13182.0,141.81119
13210.0,99.714386
14040.0,12.136717
14071.0,116.724686
14099.0,115.198845
14052.0,127.573296
14053.0,130.8961
14054.0,97.90523
14055.0,115.719505
14056.0,128.04727
14057.0,133.90291
14058.0,137.19383
14059.0,147.76534
14060.0,151.76796
14061.0,113.233864
14062.0,123.92785
14063.0,126.87204
14064.0,133.84752
14065.0,134.33264
14066.0,146.57661
14067.0,149.18985
14068.0,111.209595
14069.0,125.35809
14070.0,128.77013
14041.0,141.3266
14072.0,141.85481
14100.0,152.0012
14083.0,130.75404
14084.0,131.86597
14085.0,134.48749
14086.0,135.69408
14087.0,145.11104
14088.0,168.1543
14089.0,125.54533
14090.0,136.71043
14091.0,132.63458
14092.0,138.05132
14093.0,140.39294
14094.0,159.93636
14095.0,166.97052
14096.0,124.12696
14097.0,137.63455
14098.0,135.56366
14042.0,149.69797
14073.0,153.17029
14101.0,169.87883
14111.0,136.8675
14112.0,136.43634
14113.0,140.85464
14114.0,144.7865
14115.0,165.22942
14116.0,169.74524
14117.0,125.53554
14118.0,137.10997
14119.0,133.47768
14120.0,139.38399
14121.0,141.28976
14122.0,161.09947
14123.0,167.96861
14124.0,125.100586
14125.0,138.41742
14126.0,137.01901
14127.0,141.08984
14128.0,141.38899
14129.0,160.54033
14043.0,179.58484
14074.0,128.18059
14102.0,139.4186
14044.0,142.93573
14075.0,140.12375
14103.0,145.6839
14045.0,155.77774
14076.0,172.8914
14104.0,180.14513
14046.0,186.5678
14077.0,131.72481
14105.0,144.76463
14047.0,127.34255
14078.0,127.80046
14106.0,131.9042
14048.0,148.51634
14079.0,154.54686
14107.0,110.089645
14049.0,109.827255
14080.0,120.97426
14108.0,122.92614
14050.0,135.1561
14081.0,140.80724
14109.0,154.65529
14051.0,135.33589
14082.0,142.01065
14110.0,99.479645
14940.0,15.310925
14971.0,116.10582
14999.0,115.675514
14952.0,127.878105
14953.0,132.20988
14954.0,97.93296
14955.0,116.16429
14956.0,128.04727
14957.0,133.90291
14958.0,137.19383
14959.0,148.42955
14960.0,152.05989
14961.0,113.52581
14962.0,123.92785
14963.0,126.20822
14964.0,133.61562
14965.0,134.33264
14966.0,146.57661
14967.0,149.18985
14968.0,111.209595
14969.0,125.06615
14970.0,128.96417
14941.0,142.3342
14972.0,141.85481
15000.0,152.19527
14983.0,131.48698
14984.0,132.67996
14985.0,134.48749
14986.0,135.69408
14987.0,145.11104
14988.0,168.1543
14989.0,125.54533
14990.0,136.71043
14991.0,132.63458
14992.0,138.05132
14993.0,140.39294
14994.0,159.93636
14995.0,166.97052
14996.0,124.12696
14997.0,137.63455
14998.0,135.56366
14942.0,149.69797
14973.0,153.17029
15001.0,169.87883
15011.0,136.8675
15012.0,136.43634
15013.0,140.85464
15014.0,144.7865
15015.0,165.22942
15016.0,169.74524
15017.0,125.53554
15018.0,137.10997
15019.0,133.47768
15020.0,139.38399
15021.0,141.28976
15022.0,161.09947
15023.0,167.96861
15024.0,125.100586
15025.0,138.41742
15026.0,137.01901
15027.0,141.08984
15028.0,141.38899
15029.0,160.54033
14943.0,179.58484
14974.0,128.18059
15002.0,139.4186
14944.0,142.93573
14975.0,140.12375
15003.0,145.6839
14945.0,155.77774
14976.0,172.8914
15004.0,180.14513
14946.0,186.5678
14977.0,131.72481
15005.0,144.76463
14947.0,127.34255
14978.0,127.80046
15006.0,131.9042
14948.0,148.51634
14979.0,154.54686
15007.0,110.089645
14949.0,109.827255
14980.0,120.97426
15008.0,122.92614
14950.0,135.1561
14981.0,140.80724
15009.0,154.65529
14951.0,135.33589
14982.0,142.01065
15010.0,99.479645
15840.0,39.973366
15871.0,124.2664
15899.0,120.487595
15852.0,131.33395
15853.0,138.3227
15854.0,102.98195
15855.0,119.67874
15856.0,128.74329
15857.0,131.99098
15858.0,138.20837
15859.0,148.48302
15860.0,152.78108
15861.0,114.20337
15862.0,124.027
15863.0,125.36899
15864.0,130.37193
15865.0,135.61377
15866.0,146.54274
15867.0,149.70673
15868.0,112.25659
15869.0,126.388
15870.0,128.51529
15841.0,143.00331
15872.0,143.74825
15900.0,152.588
15883.0,132.26108
15884.0,132.65294
15885.0,133.8354
15886.0,135.75095
15887.0,144.7476
15888.0,168.13618
15889.0,125.527214
15890.0,136.69232
15891.0,132.61647
15892.0,138.0332
15893.0,140.37483
15894.0,159.91824
15895.0,166.95241
15896.0,124.10885
15897.0,137.61644
15898.0,135.54555
15842.0,149.67984
15873.0,153.15219
15901.0,169.86073
15911.0,136.84938
15912.0,136.41823
15913.0,140.83653
15914.0,144.76839
15915.0,165.2113
15916.0,169.72713
15917.0,125.517426
15918.0,137.09186
15919.0,133.45956
15920.0,139.36588
15921.0,141.27165
15922.0,161.08136
15923.0,167.9505
15924.0,125.08247
15925.0,138.3993
15926.0,137.0009
15927.0,141.07173
15928.0,141.37088
15929.0,160.52222
15843.0,179.56673
15874.0,128.16248
15902.0,139.40048
15844.0,142.91762
15875.0,140.10564
15903.0,145.66579
15845.0,155.75963
15876.0,172.87329
15904.0,180.12701
15846.0,186.5497
15877.0,131.70668
15905.0,144.7465
15847.0,127.324425
15878.0,127.78233
15906.0,131.88611
15848.0,148.49823
15879.0,154.52875
15907.0,110.07153
15849.0,109.80914
15880.0,120.95615
15908.0,122.90803
15850.0,135.13797
15881.0,140.78911
15909.0,154.63718
15851.0,135.31778
15882.0,141.99254
15910.0,99.46153
16740.0,18.486029
16771.0,117.43381
16799.0,115.96273
16752.0,127.61875
16753.0,131.60158
16754.0,99.80084
16755.0,117.56532
16756.0,127.81411
16757.0,133.94205
16758.0,136.36101
16759.0,147.45546
16760.0,151.17369
16761.0,112.376854
16762.0,123.58988
16763.0,125.95154
16764.0,133.81456
16765.0,133.47522
16766.0,145.75615
16767.0,148.99393
16768.0,110.014404
16769.0,124.66855
16770.0,128.07285
16741.0,141.94786
16772.0,142.01535
16800.0,151.42169
16783.0,129.89261
16784.0,131.34425
16785.0,134.68616
16786.0,135.53853
16787.0,144.9192
16788.0,167.10318
16789.0,122.460434
16790.0,133.8668
16791.0,129.79095
16792.0,135.7191
16793.0,138.3841
16794.0,158.57085
16795.0,165.91095
16796.0,121.04207
16797.0,134.71823
16798.0,132.41882
16742.0,147.52742
16773.0,151.46315
16801.0,167.7959
16811.0,133.88687
16812.0,133.75693
16813.0,138.65529
16814.0,142.9105
16815.0,164.00522
16816.0,168.7398
16817.0,122.49632
16818.0,134.31203
16819.0,130.67973
16820.0,137.09746
16821.0,139.3266
16822.0,159.77965
16823.0,166.95473
16824.0,122.053925
16825.0,135.53932
16826.0,133.9124
16827.0,138.51855
16828.0,139.01465
16829.0,159.20973
16743.0,178.68822
16774.0,126.006996
16802.0,136.07686
16744.0,141.33357
16775.0,137.73604
16803.0,142.8463
16745.0,154.07512
16776.0,171.20003
16804.0,178.37874
16746.0,186.6083
16777.0,131.25311
16805.0,143.40256
16747.0,126.53869
16778.0,126.2075
16806.0,131.46834
16748.0,148.39844
16779.0,154.07771
16807.0,108.21872
16749.0,109.27763
16780.0,119.35148
16808.0,120.73027
16750.0,134.70242
16781.0,140.41524
16809.0,154.26845
16751.0,135.3296
16782.0,141.37181
16810.0,97.54592
17640.0,21.18302
17671.0,116.133125
17699.0,116.02162
17652.0,128.17178
17653.0,131.60158
17654.0,99.56998
17655.0,119.44744
17656.0,128.00873
17657.0,133.94205
17658.0,137.28282
17659.0,147.45546
17660.0,151.46562
17661.0,112.583336
17662.0,124.25509
17663.0,125.700455
17664.0,133.15572
17665.0,134.43097
17666.0,146.18913
17667.0,149.36353
17668.0,110.014404
17669.0,125.63637
17670.0,128.37865
17641.0,141.76955
17672.0,142.01535
17700.0,151.42169
17683.0,130.48273
17684.0,131.34425
17685.0,134.91
17686.0,135.53853
17687.0,144.82573
17688.0,167.10318
17689.0,122.460434
17690.0,133.8668
17691.0,129.79095
17692.0,135.7191
17693.0,138.3841
17694.0,158.57085
17695.0,165.91095
17696.0,121.04207
17697.0,134.71823
17698.0,132.41882
17642.0,147.52742
17673.0,151.46315
17701.0,167.7959
17711.0,133.88687
17712.0,133.75693
17713.0,138.65529
17714.0,142.9105
17715.0,164.00522
17716.0,168.7398
17717.0,122.49632
17718.0,134.31203
17719.0,130.67973
17720.0,137.09746
17721.0,139.3266
17722.0,159.77965
17723.0,166.95473
17724.0,121.98947
17725.0,135.53932
17726.0,133.9124
17727.0,138.51855
17728.0,139.01465
17729.0,159.20973
17643.0,178.68822
17674.0,126.006996
17702.0,136.07686
17644.0,141.33357
17675.0,137.73604
17703.0,142.8463
17645.0,154.07512
17676.0,171.20003
17704.0,178.37874
17646.0,186.6083
17677.0,131.25311
17705.0,143.40256
17647.0,126.53869
17678.0,126.2075
17706.0,131.46834
17648.0,148.39844
17679.0,154.07771
17707.0,108.21872
17649.0,109.27763
17680.0,119.35148
17708.0,120.73027
17650.0,134.70242
17681.0,140.41524
17709.0,154.26845
17651.0,135.3296
17682.0,141.37181
17710.0,97.54592
18540.0,18.187267
18571.0,117.09763
18599.0,115.05498
18552.0,126.988045
18553.0,131.60158
18554.0,99.55266
18555.0,118.43326
18556.0,127.78487
18557.0,133.42427
18558.0,136.36101
18559.0,147.26137
18560.0,151.65968
18561.0,112.376854
18562.0,123.85493
18563.0,126.386475
18564.0,133.36046
18565.0,133.76715
18566.0,146.01091
18567.0,148.50452
18568.0,110.014404
18569.0,125.00157
18570.0,128.6297
18541.0,141.76955
18572.0,141.42523
18600.0,151.42169
18583.0,130.08667
18584.0,131.53835
18585.0,134.68616
18586.0,135.53853
18587.0,144.7246
18588.0,167.10318
18589.0,122.460434
18590.0,133.8668
18591.0,129.79095
18592.0,135.7191
18593.0,138.3841
18594.0,158.57085
18595.0,165.91095
18596.0,121.04207
18597.0,134.71823
18598.0,132.41882
18542.0,147.52742
18573.0,151.46315
18601.0,167.7959
18611.0,133.88687
18612.0,133.75693
18613.0,138.65529
18614.0,142.9105
18615.0,164.00522
18616.0,168.7398
18617.0,122.49632
18618.0,134.31203
18619.0,130.67973
18620.0,137.09746
18621.0,139.3266
18622.0,159.77965
18623.0,166.95473
18624.0,121.98947
18625.0,135.53932
18626.0,133.9124
18627.0,138.51855
18628.0,139.01465
18629.0,159.20973
18543.0,178.68822
18574.0,126.006996
18602.0,136.07686
18544.0,141.33357
18575.0,137.73604
18603.0,142.8463
18545.0,154.07512
18576.0,171.20003
18604.0,178.37874
18546.0,186.6083
18577.0,131.25311
18605.0,143.40256
18547.0,126.53869
18578.0,126.2075
18606.0,131.46834
18548.0,148.39844
18579.0,154.07771
18607.0,108.21872
18549.0,109.27763
18580.0,119.35148
18608.0,120.73027
18550.0,134.70242
18581.0,140.41524
18609.0,154.26845
18551.0,135.3296
18582.0,141.37181
18610.0,97.54592
19440.0,36.056118
19471.0,120.87127
19499.0,119.580246
19452.0,132.52179
19453.0,136.22949
19454.0,105.88407
19455.0,124.87278
19456.0,128.4387
19457.0,129.89723
19458.0,137.25296
19459.0,147.56267
19460.0,152.64867
19461.0,111.82396
19462.0,124.52601
19463.0,124.276665
19464.0,133.8106
19465.0,134.49802
19466.0,145.62459
19467.0,148.28128
19468.0,110.372475
19469.0,124.60702
19470.0,128.4661
19441.0,141.23187
19472.0,142.90433
19500.0,151.6651
19483.0,131.46689
19484.0,130.70596
19485.0,133.05748
19486.0,134.54007
19487.0,143.46791
19488.0,167.38007
19489.0,122.73732
19490.0,134.14369
19491.0,130.06784
19492.0,135.99599
19493.0,138.66098
19494.0,158.84773
19495.0,166.18784
19496.0,121.318954
19497.0,134.99512
19498.0,132.69571
19442.0,147.8043
19473.0,151.74004
19501.0,168.07278
19511.0,134.16376
19512.0,134.03381
19513.0,138.93217
19514.0,143.1874
19515.0,164.2821
19516.0,169.0167
19517.0,122.77321
19518.0,134.58891
19519.0,130.95662
19520.0,137.37434
19521.0,139.60349
19522.0,160.05653
19523.0,167.23161
19524.0,122.26636
19525.0,135.81621
19526.0,134.18929
19527.0,138.79544
19528.0,139.29153
19529.0,159.48662
19443.0,178.9651
19474.0,126.28388
19502.0,136.35374
19444.0,141.61046
19475.0,138.01292
19503.0,143.12318
19445.0,154.352
19476.0,171.47691
19504.0,178.65562
19446.0,186.8852
19477.0,131.53
19505.0,143.67944
19447.0,126.8155
19478.0,126.48432
19506.0,131.74522
19448.0,148.67532
19479.0,154.3546
19507.0,108.495605
19449.0,109.55452
19480.0,119.628365
19508.0,121.00716
19450.0,134.97931
19481.0,140.69212
19509.0,154.54533
19451.0,135.60649
19482.0,141.6487
19510.0,97.82281
20340.0,13.036237
20371.0,117.40958
20399.0,114.35343
20352.0,126.05898
20353.0,128.68704
20354.0,99.03315
20355.0,116.56392
20356.0,126.21376
20357.0,133.20052
20358.0,136.19197
20359.0,147.00468
20360.0,152.19214
20361.0,113.370476
20362.0,125.24734
20363.0,125.942566
20364.0,133.28493
20365.0,133.83505
20366.0,146.79381
20367.0,148.52982
20368.0,110.647705
20369.0,125.11485
20370.0,128.02301
20341.0,140.41011
20372.0,140.68655
20400.0,150.31766
20383.0,130.06256
20384.0,130.3839
20385.0,133.76291
20386.0,134.4044
20387.0,144.03627
20388.0,166.09612
20389.0,121.741005
20390.0,133.14738
20391.0,129.12424
20392.0,135.105
20393.0,137.33784
20394.0,157.89664
20395.0,165.40929
20396.0,121.33929
20397.0,135.11688
20398.0,131.5274
20342.0,147.42561
20373.0,150.70369
20401.0,167.02951
20411.0,133.98701
20412.0,133.20834
20413.0,137.84407
20414.0,141.88841
20415.0,163.35515
20416.0,168.45815
20417.0,122.72156
20418.0,134.53728
20419.0,130.67958
20420.0,137.14992
20421.0,138.94695
20422.0,159.772
20423.0,167.11963
20424.0,122.95326
20425.0,136.68922
20426.0,133.77226
20427.0,137.65298
20428.0,138.08249
20429.0,158.6496
20343.0,178.16512
20374.0,125.99404
20402.0,135.83044
20344.0,141.32062
20375.0,137.72308
20403.0,142.51103
20345.0,153.31566
20376.0,170.9491
20404.0,178.35825
20346.0,186.56245
20377.0,131.39159
20405.0,143.30757
20347.0,126.687126
20378.0,126.60695
20406.0,131.02051
20348.0,150.23425
20379.0,154.83379
20407.0,108.5603
20349.0,109.66656
20380.0,119.500854
20408.0,120.646225
20350.0,136.12141
20381.0,140.69872
20409.0,154.6756
20351.0,136.20818
20382.0,141.94875
20410.0,97.47226
21240.0,31.603588
21271.0,120.59541
21299.0,116.53688
21252.0,128.46156
21253.0,131.53137
21254.0,103.03126
21255.0,120.592255
21256.0,127.190254
21257.0,132.9755
21258.0,136.34735
21259.0,147.37836
21260.0,153.0983
21261.0,112.73477
21262.0,125.6722
21263.0,125.71929
21264.0,133.04797
21265.0,134.41806
21266.0,146.93657
21267.0,149.22107
21268.0,111.668434
21269.0,125.971504
21270.0,128.58356
21241.0,141.482
21272.0,141.8595
21300.0,150.47821
21283.0,131.35995
21284.0,131.34259
21285.0,135.0058
21286.0,134.70721
21287.0,144.40688
21288.0,166.09612
21289.0,121.741005
21290.0,133.14738
21291.0,129.12424
21292.0,135.105
21293.0,137.33784
21294.0,157.89664
21295.0,165.40929
21296.0,121.33929
21297.0,135.11688
21298.0,131.5274
21242.0,147.42561
21273.0,150.70369
21301.0,167.02951
21311.0,133.98701
21312.0,133.20834
21313.0,137.84407
21314.0,141.88841
21315.0,163.35515
21316.0,168.45815
21317.0,122.72156
21318.0,134.53728
21319.0,130.67958
21320.0,137.14992
21321.0,138.94695
21322.0,159.772
21323.0,167.11963
21324.0,122.95326
21325.0,136.68922
21326.0,133.77226
21327.0,137.65298
21328.0,138.08249
21329.0,158.6496
21243.0,178.16512
21274.0,125.99404
21302.0,135.83044
21244.0,141.32062
21275.0,137.72308
21303.0,142.51103
21245.0,153.31566
21276.0,170.9491
21304.0,178.35825
21246.0,186.56245
21277.0,131.39159
21305.0,143.30757
21247.0,126.687126
21278.0,126.60695
21306.0,131.02051
21248.0,150.23425
21279.0,154.83379
21307.0,108.5603
21249.0,109.66656
21280.0,119.500854
21308.0,120.646225
21250.0,136.12141
21281.0,140.69872
21309.0,154.6756
21251.0,136.172
21282.0,141.94875
21310.0,97.47226
22140.0,38.91479
22171.0,119.607635
22199.0,117.06393
22152.0,128.68248
22153.0,131.99184
22154.0,103.080284
22155.0,121.325935
22156.0,126.56573
22157.0,130.49153
22158.0,136.93301
22159.0,146.07689
22160.0,153.79327
22161.0,111.85312
22162.0,123.47943
22163.0,126.019196
22164.0,129.93787
22165.0,135.01123
22166.0,147.6367
22167.0,150.94235
22168.0,111.081764
22169.0,125.47379
22170.0,127.26609
22141.0,141.46117
22172.0,142.33696
22200.0,150.10364
22183.0,132.01897
22184.0,131.34576
22185.0,135.09233
22186.0,134.90005
22187.0,143.32864
22188.0,166.5949
22189.0,122.26702
22190.0,133.67339
22191.0,129.56366
22192.0,135.54442
22193.0,137.77727
22194.0,158.33606
22195.0,165.90807
22196.0,121.86529
22197.0,135.64288
22198.0,131.96683
22142.0,147.86504
22173.0,151.14311
22201.0,167.46893
22211.0,134.43939
22212.0,133.64777
22213.0,138.2835
22214.0,142.32784
22215.0,163.79457
22216.0,168.95692
22217.0,123.24756
22218.0,135.06328
22219.0,131.119
22220.0,137.58934
22221.0,139.38637
22222.0,160.21143
22223.0,167.61841
22224.0,123.47926
22225.0,137.21523
22226.0,134.21169
22227.0,138.0924
22228.0,138.52191
22229.0,158.69707
22143.0,178.6639
22174.0,126.43347
22202.0,136.26987
22144.0,141.76004
22175.0,138.1625
22203.0,142.95045
22145.0,153.75508
22176.0,171.38852
22204.0,178.85703
22146.0,187.06123
22177.0,131.83101
22205.0,143.747
22147.0,127.12651
22178.0,127.04633
22206.0,131.45993
22148.0,150.70288
22179.0,155.36177
22207.0,108.99974
22149.0,110.40798
22180.0,120.24228
22208.0,121.38765
22150.0,136.64891
22181.0,141.26677
22209.0,155.10085
22151.0,136.5567
22182.0,142.3928
22210.0,97.85697
23040.0,21.480238
23071.0,119.91316
23099.0,116.82433
23052.0,128.8058
23053.0,130.70293
23054.0,101.47292
23055.0,119.65827
23056.0,128.7132
23057.0,135.38359
23058.0,138.51273
23059.0,150.43877
23060.0,155.11479
23061.0,115.32583
23062.0,126.920555
23063.0,128.43465
23064.0,136.12675
23065.0,137.07303
23066.0,150.839
23067.0,152.2369
23068.0,113.1212
23069.0,127.15343
23070.0,130.55153
23041.0,144.05212
23072.0,143.80733
23100.0,154.07451
23083.0,131.7052
23084.0,132.5303
23085.0,136.51534
23086.0,137.81845
23087.0,148.36209
23088.0,168.83664
23089.0,123.38597
23090.0,135.67366
23091.0,132.17181
23092.0,139.09981
23093.0,141.94443
23094.0,162.71408
23095.0,167.73245
23096.0,122.15906
23097.0,136.12366
23098.0,133.46437
23042.0,150.40126
23073.0,154.23036
23101.0,171.87952
23111.0,135.49103
23112.0,134.96272
23113.0,140.13391
23114.0,144.72926
23115.0,168.08163
23116.0,171.07953
23117.0,124.24743
23118.0,136.94441
23119.0,133.34175
23120.0,141.14473
23121.0,143.55351
23122.0,164.58945
23123.0,169.4428
23124.0,123.77306
23125.0,137.69598
23126.0,135.70921
23127.0,140.26085
23128.0,141.2595
23129.0,163.19902
23043.0,182.08298
23074.0,128.32217
23102.0,138.32965
23044.0,145.69992
23075.0,142.10239
23103.0,147.05835
23045.0,157.0624
23076.0,176.01918
23104.0,182.7228
23046.0,188.88147
23077.0,132.94463
23105.0,144.86061
23047.0,126.96891
23078.0,126.74605
23106.0,131.22607
23048.0,151.42026
23079.0,155.86154
23107.0,109.12797
23049.0,109.79911
23080.0,119.98466
23108.0,121.13002
23050.0,136.42838
23081.0,141.72107
23109.0,155.95195
23051.0,136.58305
23082.0,142.70682
23110.0,97.64578
23940.0,9.486592
23971.0,119.062744
23999.0,116.2977
23952.0,127.47074
23953.0,129.89876
23954.0,100.19399
23955.0,117.37117
23956.0,127.80892
23957.0,135.04327
23958.0,138.32059
23959.0,150.39362
23960.0,154.92265
23961.0,115.31924
23962.0,126.42188
23963.0,127.27715
23964.0,135.65535
23965.0,136.85858
23966.0,150.38564
23967.0,151.88353
23968.0,112.021545
23969.0,125.89653
23970.0,129.2207
23941.0,142.98508
23972.0,143.83171
24000.0,153.6118
23983.0,131.12033
23984.0,132.07742
23985.0,135.85664
23986.0,137.29248
23987.0,147.93286
23988.0,168.98618
23989.0,123.51635
23990.0,135.80406
23991.0,132.30222
23992.0,139.23021
23993.0,142.07162
23994.0,162.84128
23995.0,167.85965
23996.0,122.26711
23997.0,136.23172
23998.0,133.57243
23942.0,150.40651
23973.0,154.25475
24001.0,171.9039
24011.0,135.49628
24012.0,134.96797
24013.0,140.20816
24014.0,144.82265
24015.0,168.17502
24016.0,171.22906
24017.0,124.37781
24018.0,137.07481
24019.0,133.47215
24020.0,141.27513
24021.0,143.68071
24022.0,164.71664
24023.0,169.56999
24024.0,123.88112
24025.0,137.80405
24026.0,135.81728
24027.0,140.11488
24028.0,141.13268
24029.0,163.07219
23943.0,182.10736
23974.0,128.32742
24002.0,138.3349
23944.0,145.70517
23975.0,142.10764
24003.0,147.0636
23945.0,157.08678
23976.0,176.04356
24004.0,182.74718
23946.0,188.90585
23977.0,132.94987
24005.0,144.86586
23947.0,126.97415
23978.0,126.75129
24006.0,131.25046
23948.0,151.44464
23979.0,155.88593
24007.0,109.13321
23949.0,109.80435
23980.0,119.9899
24008.0,121.13526
23950.0,136.43362
23981.0,141.74545
24009.0,155.97633
23951.0,136.5883
23982.0,142.71207
24010.0,97.651024
24840.0,38.095608
24871.0,122.11838
24899.0,119.08033
24852.0,130.37537
24853.0,132.34952
24854.0,106.17229
24855.0,123.92744
24856.0,126.28269
24857.0,132.68153
24858.0,138.48083
24859.0,149.4898
24860.0,154.71394
24861.0,114.76019
24862.0,126.22278
24863.0,126.89128
24864.0,133.14468
24865.0,137.79474
24866.0,149.88573
24867.0,153.12852
24868.0,113.03766
24869.0,125.03455
24870.0,127.97752
24841.0,142.15517
24872.0,144.8221
24900.0,153.22438
24883.0,131.7708
24884.0,132.48811
24885.0,134.16689
24886.0,136.12218
24887.0,146.3739
24888.0,169.60762
24889.0,124.1378
24890.0,136.4255
24891.0,132.92366
24892.0,139.85165
24893.0,142.69307
24894.0,163.46272
24895.0,168.4811
24896.0,122.888565
24897.0,136.85316
24898.0,134.19388
24842.0,151.02795
24873.0,154.87619
24901.0,172.52534
24911.0,136.11772
24912.0,135.58942
24913.0,140.8296
24914.0,145.44409
24915.0,168.79646
24916.0,171.85051
24917.0,124.99926
24918.0,137.69626
24919.0,134.0936
24920.0,141.89658
24921.0,144.30215
24922.0,165.33809
24923.0,170.19144
24924.0,124.50257
24925.0,138.42549
24926.0,136.43872
24927.0,140.73633
24928.0,141.75412
24929.0,163.69363
24843.0,182.7288
24874.0,128.94887
24902.0,138.95634
24844.0,146.32661
24875.0,142.72908
24903.0,147.68504
24845.0,157.70822
24876.0,176.66501
24904.0,183.36862
24846.0,189.5273
24877.0,133.57132
24905.0,145.4873
24847.0,127.29498
24878.0,127.07212
24906.0,131.57129
24848.0,151.76547
24879.0,156.20676
24907.0,109.45404
24849.0,110.12518
24880.0,120.31073
24908.0,121.45609
24850.0,136.75446
24881.0,142.06628
24909.0,156.29716
24851.0,136.90913
24882.0,143.0329
24910.0,97.971855
25740.0,33.622074
25771.0,119.46287
25799.0,117.03304
25752.0,128.2822
25753.0,132.60849
25754.0,101.367294
25755.0,118.45087
25756.0,127.84341
25757.0,133.65874
25758.0,138.97838
25759.0,149.85326
25760.0,155.54762
25761.0,116.30754
25762.0,127.41747
25763.0,128.16547
25764.0,135.64294
25765.0,138.2528
25766.0,149.48692
25767.0,153.2631
25768.0,111.65372
25769.0,126.80939
25770.0,131.51971
25741.0,142.88332
25772.0,144.83855
25800.0,153.709
25783.0,133.62729
25784.0,134.47275
25785.0,136.62433
25786.0,136.21826
25787.0,147.60822
25788.0,167.24808
25789.0,120.211784
25790.0,132.89713
25791.0,130.69147
25792.0,137.12859
25793.0,139.33109
25794.0,159.65799
25795.0,166.6707
25796.0,118.40499
25797.0,132.9031
25798.0,131.9712
25742.0,147.56027
25773.0,152.16489
25801.0,169.274
25811.0,131.7873
25812.0,132.06013
25813.0,137.68837
25814.0,142.45187
25815.0,164.88945
25816.0,169.0188
25817.0,120.26959
25818.0,133.36421
25819.0,131.05774
25820.0,138.36984
25821.0,140.36525
25822.0,160.9562
25823.0,167.83157
25824.0,119.44185
25825.0,133.89828
25826.0,133.6389
25827.0,137.45518
25828.0,138.29106
25829.0,159.72244
25743.0,180.11884
25774.0,125.35367
25802.0,136.20981
25744.0,142.09909
25775.0,138.89255
25803.0,144.30225
25745.0,154.08635
25776.0,172.25778
25804.0,179.97017
25746.0,185.62422
25777.0,128.99852
25805.0,141.76318
25747.0,123.823975
25778.0,123.83834
25806.0,127.08206
25748.0,148.25446
25779.0,153.93277
25807.0,106.6539
25749.0,108.33527
25780.0,118.422295
25808.0,118.41107
25750.0,135.89929
25781.0,139.63751
25809.0,153.07425
25751.0,134.16339
25782.0,140.61276
25810.0,95.734146
26640.0,18.150322
26671.0,116.55276
26699.0,113.84075
26652.0,124.68072
26653.0,129.54698
26654.0,97.88548
26655.0,118.15203
26656.0,130.25961
26657.0,136.95068
26658.0,138.80238
26659.0,150.0096
26660.0,155.72534
26661.0,116.93472
26662.0,127.88833
26663.0,129.61327
26664.0,137.28317
26665.0,137.88066
26666.0,149.48254
26667.0,152.42065
26668.0,112.91822
26669.0,127.35003
26670.0,131.81851
26641.0,143.35486
26672.0,144.19301
26700.0,153.04494
26683.0,133.60245
26684.0,134.63672
26685.0,137.97736
26686.0,138.95164
26687.0,148.55089
26688.0,167.6702
26689.0,120.73623
26690.0,133.42157
26691.0,131.21591
26692.0,137.65303
26693.0,139.85553
26694.0,160.18243
26695.0,167.09282
26696.0,118.929436
26697.0,133.8609
26698.0,132.929
26642.0,148.08472
26673.0,152.68933
26701.0,169.79845
26711.0,132.31174
26712.0,132.58458
26713.0,138.21281
26714.0,142.97632
26715.0,165.4139
26716.0,169.44092
26717.0,120.79402
26718.0,133.88866
26719.0,131.58218
26720.0,138.89429
26721.0,140.8897
26722.0,161.48065
26723.0,168.2537
26724.0,119.96629
26725.0,134.85608
26726.0,134.5967
26727.0,138.64922
26728.0,139.48509
26729.0,160.91647
26643.0,180.90015
26674.0,125.878105
26702.0,136.73425
26644.0,142.62354
26675.0,139.41699
26703.0,144.82669
26645.0,154.43228
26676.0,172.60371
26704.0,180.57297
26646.0,186.70251
26677.0,129.81995
26705.0,142.58461
26647.0,124.394714
26678.0,124.409065
26706.0,127.65281
26648.0,148.40814
26679.0,154.37709
26707.0,107.456635
26649.0,109.138
26680.0,118.57598
26708.0,118.20762
26650.0,136.09445
26681.0,139.83267
26709.0,152.91228
26651.0,134.34781
26682.0,140.93268
26710.0,96.56763
27540.0,26.486704
27571.0,117.838165
27599.0,116.51326
27552.0,127.68705
27553.0,131.26338
27554.0,99.70371
27555.0,118.83973
27556.0,131.0326
27557.0,136.85928
27558.0,139.42552
27559.0,150.18922
27560.0,155.9194
27561.0,116.94274
27562.0,128.1534
27563.0,130.1295
27564.0,137.73383
27565.0,137.9676
27566.0,149.78351
27567.0,153.03769
27568.0,113.88079
27569.0,128.3573
27570.0,132.871
27541.0,144.2331
27572.0,145.36351
27600.0,153.75548
27583.0,134.89615
27584.0,135.73871
27585.0,138.85216
27586.0,139.16685
27587.0,147.6491
27588.0,167.6702
27589.0,120.73623
27590.0,133.42157
27591.0,131.21591
27592.0,137.65303
27593.0,139.85553
27594.0,160.18243
27595.0,167.09282
27596.0,118.929436
27597.0,133.8609
27598.0,132.929
27542.0,148.08472
27573.0,152.68933
27601.0,169.79845
27611.0,132.31174
27612.0,132.58458
27613.0,138.21281
27614.0,142.97632
27615.0,165.4139
27616.0,169.44092
27617.0,120.79402
27618.0,133.88866
27619.0,131.58218
27620.0,138.89429
27621.0,140.8897
27622.0,161.48065
27623.0,168.2537
27624.0,119.96629
27625.0,134.85608
27626.0,134.5967
27627.0,138.64922
27628.0,139.48509
27629.0,160.91647
27543.0,180.90015
27574.0,125.878105
27602.0,136.73425
27544.0,142.65367
27575.0,139.41699
27603.0,144.82669
27545.0,154.43228
27576.0,172.60371
27604.0,180.57297
27546.0,186.70251
27577.0,129.81995
27605.0,142.58461
27547.0,124.394714
27578.0,124.409065
27606.0,127.65281
27548.0,148.40814
27579.0,154.37709
27607.0,107.456635
27549.0,109.138
27580.0,118.57598
27608.0,118.20762
27550.0,136.09445
27581.0,139.83267
27609.0,152.91228
27551.0,134.45699
27582.0,141.04185
27610.0,96.676796
28440.0,19.56981
28471.0,117.13916
28499.0,114.9129
28452.0,124.17148
28453.0,129.89838
28454.0,98.01085
28455.0,116.9258
28456.0,130.78949
28457.0,137.48026
28458.0,139.06575
28459.0,150.31511
28460.0,155.94461
28461.0,117.46461
28462.0,128.68324
28463.0,130.93394
28464.0,138.29535
28465.0,137.34413
28466.0,149.60986
28467.0,153.0629
28468.0,114.38951
28469.0,127.87991
28470.0,132.71487
28441.0,145.10284
28472.0,144.51439
28500.0,153.46529
28483.0,134.58667
28484.0,135.03082
28485.0,139.47116
28486.0,139.24022
28487.0,148.50752
28488.0,167.6954
28489.0,120.761444
28490.0,133.44678
28491.0,131.24112
28492.0,138.12938
28493.0,140.33188
28494.0,160.65878
28495.0,167.11803
28496.0,118.95465
28497.0,133.88611
28498.0,132.95421
28442.0,148.71765
28473.0,153.32227
28501.0,170.43141
28511.0,132.35777
28512.0,132.63062
28513.0,138.84576
28514.0,143.60927
28515.0,166.04684
28516.0,169.62273
28517.0,120.97584
28518.0,134.07047
28519.0,131.76399
28520.0,139.52724
28521.0,141.52264
28522.0,162.1136
28523.0,168.4355
28524.0,120.148094
28525.0,135.03789
28526.0,134.7785
28527.0,139.28217
28528.0,140.11804
28529.0,161.54942
28443.0,181.08197
28474.0,126.05992
28502.0,136.91606
28444.0,142.67888
28475.0,139.4422
28503.0,145.30304
28445.0,154.90863
28476.0,173.08006
28504.0,180.59818
28446.0,186.72772
28477.0,129.84515
28505.0,142.60982
28447.0,124.52825
28478.0,124.88543
28506.0,128.12921
28448.0,148.88449
28479.0,154.4023
28507.0,107.20138
28449.0,108.85753
28480.0,118.29551
28508.0,117.92713
28450.0,136.15964
28481.0,140.17834
28509.0,153.25795
28451.0,134.90813
28482.0,141.04185
28510.0,96.39631
29340.0,32.2033
29371.0,119.654594
29399.0,116.49268
29352.0,129.14284
29353.0,131.63496
29354.0,100.16723
29355.0,121.1805
29356.0,127.94789
29357.0,137.05913
29358.0,139.47356
29359.0,149.97649
29360.0,155.65295
29361.0,115.92755
29362.0,128.82393
29363.0,130.82642
29364.0,138.92447
29365.0,139.0287
29366.0,150.21991
29367.0,153.5849
29368.0,113.64109
29369.0,129.51035
29370.0,132.30623
29341.0,145.08737
29372.0,144.5826
29400.0,153.69206
29383.0,135.28088
29384.0,133.41656
29385.0,138.50725
29386.0,139.38203
29387.0,146.81139
29388.0,167.66512
29389.0,120.57475
29390.0,133.2601
29391.0,131.05444
29392.0,137.9427
29393.0,139.76411
29394.0,160.221
29395.0,166.68024
29396.0,118.36046
29397.0,133.29193
29398.0,132.36003
29342.0,148.51453
29373.0,153.14555
29401.0,170.38464
29411.0,132.15463
29412.0,132.42747
29413.0,138.65909
29414.0,143.449
29415.0,165.91566
29416.0,169.49155
29417.0,120.78915
29418.0,133.88379
29419.0,131.57732
29420.0,139.34056
29421.0,140.95488
29422.0,161.57492
29423.0,167.89682
29424.0,119.5539
29425.0,134.44371
29426.0,134.18433
29427.0,138.68799
29428.0,139.55028
29429.0,161.01074
29343.0,180.93433
29374.0,125.68113
29402.0,136.5373
29344.0,142.30011
29375.0,139.06343
29403.0,144.92427
29345.0,154.44275
29376.0,172.64326
29404.0,180.16138
29346.0,186.2979
29377.0,129.46637
29405.0,142.23106
29347.0,124.12373
29378.0,124.48091
29406.0,127.6445
29348.0,148.69974
29379.0,153.97191
29407.0,106.79686
29349.0,108.45301
29380.0,117.89099
29408.0,117.52261
29350.0,135.75513
29381.0,139.56384
29409.0,153.0732
29351.0,134.44403
29382.0,140.33212
29410.0,95.99179
30240.0,11.79811
30271.0,117.259026
30299.0,114.30462
30252.0,124.653885
30253.0,128.47038
30254.0,97.51588
30255.0,115.66899
30256.0,130.25668
30257.0,136.95447
30258.0,138.7906
30259.0,149.25908
30260.0,155.06274
30261.0,116.75797
30262.0,127.71157
30263.0,129.9232
30264.0,137.58148
30265.0,137.57634
30266.0,149.43344
30267.0,151.94357
30268.0,113.38133
30269.0,127.81317
30270.0,132.47842
30241.0,143.53351
30272.0,144.1952
30300.0,152.38463
30283.0,133.74805
30284.0,134.58826
30285.0,138.1128
30286.0,138.64644
30287.0,147.70058
30288.0,167.33713
30289.0,120.42459
30290.0,133.10992
30291.0,130.90427
30292.0,137.64809
30293.0,139.4695
30294.0,159.7526
30295.0,165.96263
30296.0,117.82068
30297.0,132.75214
30298.0,131.82024
30242.0,148.51352
30273.0,153.14455
30301.0,170.2099
30311.0,132.15364
30312.0,132.42648
30313.0,138.6581
30314.0,143.44801
30315.0,165.74089
30316.0,169.31274
30317.0,120.788155
30318.0,133.8828
30319.0,131.57632
30320.0,138.9935
30321.0,140.60782
30322.0,161.05408
30323.0,167.12677
30324.0,118.96168
30325.0,133.85147
30326.0,133.59209
30327.0,138.4024
30328.0,139.2647
30329.0,160.55138
30243.0,180.75665
30274.0,126.1363
30302.0,136.99246
30244.0,142.23477
30275.0,138.8614
30303.0,144.47562
30245.0,154.12964
30276.0,172.15636
30304.0,179.67047
30246.0,185.80699
30277.0,129.29301
30305.0,142.05771
30247.0,123.6452
30278.0,124.16223
30306.0,127.325806
30248.0,148.26166
30279.0,153.52983
30307.0,106.31833
30249.0,108.081345
30280.0,117.519325
30308.0,117.15095
30250.0,135.44202
30281.0,139.25073
30309.0,152.66917
30251.0,134.04001
30282.0,139.86215
30310.0,95.71935
31140.0,31.880075
31171.0,119.63081
31199.0,117.55613
31152.0,124.58264
31153.0,130.58218
31154.0,100.08575
31155.0,119.21175
31156.0,128.30254
31157.0,136.16176
31158.0,139.2498
31159.0,149.40776
31160.0,155.4208
31161.0,117.12402
31162.0,128.72594
31163.0,130.95045
31164.0,136.88374
31165.0,138.44548
31166.0,150.12292
31167.0,152.92093
31168.0,114.73474
31169.0,128.93399
31170.0,133.03897
31141.0,144.8963
31172.0,145.20277
31200.0,153.64366
31183.0,133.3666
31184.0,135.04636
31185.0,139.43384
31186.0,139.3834
31187.0,147.1077
31188.0,167.33713
31189.0,120.42459
31190.0,133.10992
31191.0,130.90427
31192.0,137.64809
31193.0,139.4695
31194.0,159.7526
31195.0,165.96263
31196.0,117.82068
31197.0,132.75214
31198.0,131.82024
31142.0,148.51352
31173.0,153.14455
31201.0,170.2099
31211.0,132.15364
31212.0,132.42648
31213.0,138.6581
31214.0,143.44801
31215.0,165.74089
31216.0,169.31274
31217.0,120.788155
31218.0,133.8828
31219.0,131.57632
31220.0,138.9935
31221.0,140.60782
31222.0,161.05408
31223.0,167.12677
31224.0,118.96168
31225.0,133.85147
31226.0,133.59209
31227.0,138.4024
31228.0,139.2647
31229.0,160.55138
31143.0,180.75665
31174.0,126.1363
31202.0,136.99246
31144.0,142.23477
31175.0,138.8614
31203.0,144.47562
31145.0,154.12964
31176.0,172.15636
31204.0,179.67047
31146.0,185.80699
31177.0,129.29301
31205.0,142.05771
31147.0,123.6452
31178.0,124.16223
31206.0,127.325806
31148.0,148.26166
31179.0,153.52983
31207.0,106.31833
31149.0,108.081345
31180.0,117.519325
31208.0,117.15095
31150.0,135.44202
31181.0,139.25073
31209.0,152.66917
31151.0,134.04001
31182.0,139.86215
31210.0,95.71935
32040.0,35.681038
32071.0,118.39866
32099.0,116.437065
32052.0,127.63387
32053.0,129.46645
32054.0,102.52686
32055.0,119.33109
32056.0,131.41707
32057.0,134.7025
32058.0,140.36641
32059.0,149.94914
32060.0,156.5286
32061.0,116.430695
32062.0,127.797615
32063.0,129.35684
32064.0,137.51555
32065.0,139.77632
32066.0,151.51996
32067.0,154.39218
32068.0,115.00293
32069.0,128.23979
32070.0,132.95009
32041.0,143.37257
32072.0,145.63628
32100.0,154.89793
32083.0,135.16277
32084.0,136.69754
32085.0,138.628
32086.0,137.97055
32087.0,148.48155
32088.0,167.2036
32089.0,120.291046
32090.0,132.9764
32091.0,130.77074
32092.0,137.7043
32093.0,140.12474
32094.0,159.61906
32095.0,165.8291
32096.0,117.68713
32097.0,132.6186
32098.0,131.6867
32042.0,148.30652
32073.0,152.79393
32101.0,169.81314
32111.0,132.07025
32112.0,132.3431
32113.0,138.71431
32114.0,144.10326
32115.0,165.60736
32116.0,169.17921
32117.0,120.654594
32118.0,133.74927
32119.0,131.4428
32120.0,139.04971
32121.0,141.26306
32122.0,160.92055
32123.0,166.99324
32124.0,118.82813
32125.0,133.71794
32126.0,133.45856
32127.0,138.4586
32128.0,139.91994
32129.0,160.41785
32043.0,180.35992
32074.0,125.79038
32102.0,136.64655
32044.0,141.88885
32075.0,138.51549
32103.0,144.31944
32045.0,153.82985
32076.0,171.81046
32104.0,179.32454
32046.0,185.22551
32077.0,128.8073
32105.0,141.4762
32047.0,122.97556
32078.0,123.682335
32106.0,127.20555
32048.0,147.77705
32079.0,153.04523
32107.0,105.92947
32049.0,107.69248
32080.0,117.0347
32108.0,116.66632
32050.0,135.14716
32081.0,139.31548
32109.0,152.18457
32051.0,133.75462
32082.0,139.32957
32110.0,95.38278
32940.0,13.416955
32971.0,118.982254
32999.0,115.46866
32952.0,127.764786
32953.0,130.38449
32954.0,100.58834
32955.0,116.76056
32956.0,131.07837
32957.0,137.95334
32958.0,139.81169
32959.0,151.49648
32960.0,156.74527
32961.0,118.70877
32962.0,128.34848
32963.0,131.00679
32964.0,138.14874
32965.0,137.84474
32966.0,149.45013
32967.0,152.34305
32968.0,115.738914
32969.0,129.39816
32970.0,133.5922
32941.0,144.22932
32972.0,143.71173
33000.0,152.9173
32983.0,134.65005
32984.0,135.74286
32985.0,139.23254
32986.0,140.0829
32987.0,149.07939
32988.0,167.98598
32989.0,121.387405
32990.0,133.10608
32991.0,130.90042
32992.0,139.0201
32993.0,141.34254
32994.0,160.22227
32995.0,166.23009
32996.0,119.02397
32997.0,132.66908
32998.0,131.73718
32942.0,148.5659
32973.0,152.60776
33001.0,170.29549
33011.0,132.19994
33012.0,132.47278
33013.0,140.03394
33014.0,145.33463
33015.0,166.98204
33016.0,170.38371
33017.0,121.751
33018.0,133.87895
33019.0,131.57248
33020.0,140.36551
33021.0,142.48087
33022.0,161.52376
33023.0,167.3637
33024.0,119.72816
33025.0,133.33163
33026.0,133.07225
33027.0,138.62039
33028.0,139.98373
33029.0,160.62495
32943.0,180.67207
32974.0,127.6316
33002.0,137.52113
32944.0,142.98576
32975.0,139.6124
33003.0,144.80115
32945.0,153.988
32976.0,171.4556
33004.0,178.79955
32946.0,184.79295
32977.0,130.86366
33005.0,142.56587
32947.0,124.82123
32978.0,125.18277
33006.0,128.60368
32948.0,148.17342
32979.0,153.54138
33007.0,108.62296
32949.0,109.870804
32980.0,119.09589
33008.0,118.97274
32950.0,136.79921
32981.0,140.855
33009.0,153.50238
32951.0,134.82327
32982.0,140.97192
33010.0,98.55229
33840.0,35.669483
33871.0,117.13256
33899.0,116.895775
33852.0,129.19218
33853.0,135.12914
33854.0,102.255455
33855.0,119.24707
33856.0,130.83098
33857.0,137.08977
33858.0,140.35616
33859.0,150.97478
33860.0,157.53894
33861.0,115.86398
33862.0,126.08076
33863.0,128.25638
33864.0,134.33556
33865.0,138.5031
33866.0,148.1304
33867.0,153.29144
33868.0,115.462746
33869.0,127.54934
33870.0,134.81357
33841.0,142.42996
33872.0,144.3389
33900.0,153.44144
33883.0,136.0686
33884.0,135.62355
33885.0,137.41365
33886.0,140.65384
33887.0,149.11348
33888.0,168.07124
33889.0,121.47269
33890.0,133.19035
33891.0,130.9847
33892.0,139.10437
33893.0,141.42682
33894.0,160.30655
33895.0,166.20482
33896.0,118.99869
33897.0,132.64381
33898.0,131.71191
33842.0,148.65611
33873.0,152.69797
33901.0,170.3857
33911.0,132.29015
33912.0,132.56299
33913.0,140.12415
33914.0,145.42484
33915.0,167.0673
33916.0,170.46898
33917.0,121.83628
33918.0,133.96323
33919.0,131.65675
33920.0,140.44978
33921.0,142.56514
33922.0,161.60803
33923.0,167.33842
33924.0,119.70287
33925.0,133.30637
33926.0,133.04698
33927.0,138.59512
33928.0,139.95847
33929.0,160.59969
33843.0,180.76228
33874.0,127.721825
33902.0,137.61134
33844.0,143.07597
33875.0,139.7026
33903.0,144.89136
33845.0,154.07822
33876.0,171.5458
33904.0,178.88976
33846.0,184.88316
33877.0,130.95387
33905.0,142.65608
33847.0,124.91145
33878.0,125.272995
33906.0,128.6939
33848.0,148.26363
33879.0,153.63159
33907.0,108.71319
33849.0,109.96103
33880.0,119.18611
33908.0,119.062965
33850.0,136.88942
33881.0,140.9452
33909.0,153.59259
33851.0,134.91348
33882.0,141.06213
33910.0,98.55229
34740.0,18.776527
34771.0,119.12057
34799.0,114.837524
34752.0,127.31924
34753.0,130.61864
34754.0,101.04441
34755.0,117.63584
34756.0,133.95789
34757.0,140.42444
34758.0,141.17377
34759.0,153.12238
34760.0,159.44206
34761.0,120.30518
34762.0,130.03188
34763.0,132.79393
34764.0,139.47795
34765.0,139.49026
34766.0,151.16539
34767.0,154.57668
34768.0,117.88109
34769.0,129.8121
34770.0,135.15633
34741.0,148.03088
34772.0,145.8014
34800.0,155.42775
34783.0,137.27669
34784.0,137.91408
34785.0,142.21
34786.0,141.60565
34787.0,150.89148
34788.0,167.69295
34789.0,123.56297
34790.0,134.83372
34791.0,132.05733
34792.0,139.67735
34793.0,142.91385
34794.0,160.7882
34795.0,166.6424
34796.0,120.382355
34797.0,133.99495
34798.0,132.80736
34742.0,150.9121
34773.0,155.18625
34801.0,170.73918
34811.0,134.59528
34812.0,134.41267
34813.0,142.19278
34814.0,147.65166
34815.0,167.2354
34816.0,170.07222
34817.0,124.42889
34818.0,136.10892
34819.0,133.2317
34820.0,141.52509
34821.0,144.55449
34822.0,162.08968
34823.0,167.25522
34824.0,121.086555
34825.0,134.6575
34826.0,134.14243
34827.0,140.31766
34828.0,142.7346
34829.0,161.24103
34743.0,180.12772
34774.0,129.94398
34802.0,139.84096
34744.0,143.76219
34775.0,140.91835
34803.0,146.663
34745.0,155.60985
34776.0,171.64229
34804.0,178.49687
34746.0,184.00911
34777.0,133.15677
34805.0,144.86646
34747.0,126.52721
34778.0,126.88017
34806.0,129.36852
34748.0,147.52377
34779.0,151.90367
34807.0,109.69461
34749.0,110.94245
34780.0,120.17504
34808.0,119.69714
34750.0,138.60103
34781.0,142.1504
34809.0,153.00407
34751.0,135.98239
34782.0,141.14297
34810.0,99.40126
35640.0,13.96834
35671.0,118.07224
35699.0,114.86773
35652.0,127.60297
35653.0,130.17693
35654.0,101.617004
35655.0,116.697815
35656.0,133.0889
35657.0,140.26343
35658.0,141.17377
35659.0,151.96811
35660.0,158.25987
35661.0,120.50988
35662.0,129.36804
35663.0,131.8878
35664.0,139.01479
35665.0,139.49026
35666.0,149.69319
35667.0,153.30022
35668.0,116.70259
35669.0,130.00616
35670.0,134.3943
35641.0,147.71036
35672.0,145.8014
35700.0,155.12093
35683.0,137.08263
35684.0,137.71999
35685.0,141.67116
35686.0,141.41156
35687.0,150.17456
35688.0,167.02744
35689.0,123.56297
35690.0,134.83372
35691.0,132.05733
35692.0,139.67735
35693.0,142.91385
35694.0,159.38882
35695.0,164.9728
35696.0,120.382355
35697.0,133.99495
35698.0,132.80736
35642.0,150.9121
35673.0,155.18625
35701.0,170.28624
35711.0,134.59528
35712.0,134.41267
35713.0,142.19278
35714.0,147.65166
35715.0,166.12238
35716.0,169.40671
35717.0,124.42889
35718.0,136.10892
35719.0,133.2317
35720.0,141.52509
35721.0,144.55449
35722.0,160.6903
35723.0,165.58562
35724.0,121.086555
35725.0,134.6575
35726.0,134.14243
35727.0,140.31766
35728.0,142.7346
35729.0,159.84166
35643.0,179.711
35674.0,129.94398
35702.0,139.84096
35644.0,143.76219
35675.0,140.91835
35703.0,146.663
35645.0,155.63167
35676.0,171.2112
35704.0,178.10197
35646.0,183.61421
35677.0,132.94351
35705.0,144.88828
35647.0,126.54903
35678.0,126.90199
35706.0,129.39034
35648.0,147.07086
35679.0,151.48695
35707.0,109.69461
35649.0,110.94245
35680.0,120.17504
35708.0,119.69714
35650.0,138.60103
35681.0,142.1504
35709.0,152.55113
35651.0,135.52945
35682.0,140.72626
35710.0,99.40126
36540.0,9.612782
36571.0,117.12006
36599.0,114.050224
36552.0,126.64391
36553.0,129.2162
36554.0,99.70451
36555.0,115.831024
36556.0,132.80185
36557.0,140.02145
36558.0,141.4863
36559.0,151.96811
36560.0,158.39595
36561.0,120.20518
36562.0,129.25743
36563.0,131.58311
36564.0,139.5515
36565.0,139.93884
36566.0,149.69319
36567.0,153.30022
36568.0,116.591965
36569.0,129.70149
36570.0,134.08961
36541.0,147.06561
36572.0,145.8014
36600.0,155.12093
36583.0,136.79555
36584.0,137.43294
36585.0,141.56523
36586.0,141.41156
36587.0,149.9805
36588.0,167.02744
36589.0,123.56569
36590.0,134.83643
36591.0,132.06003
36592.0,139.68005
36593.0,142.91385
36594.0,159.38882
36595.0,164.9728
36596.0,120.38507
36597.0,133.99765
36598.0,132.81006
36542.0,150.91481
36573.0,155.18625
36601.0,170.28624
36611.0,134.59798
36612.0,134.41537
36613.0,142.19548
36614.0,147.65166
36615.0,166.12238
36616.0,169.40671
36617.0,124.4316
36618.0,136.11162
36619.0,133.2344
36620.0,141.52779
36621.0,144.55449
36622.0,160.6903
36623.0,165.58562
36624.0,121.08927
36625.0,134.6602
36626.0,134.14513
36627.0,140.32036
36628.0,142.7346
36629.0,159.84166
36543.0,179.711
36574.0,129.94669
36602.0,139.84366
36544.0,143.49916
36575.0,140.92105
36603.0,146.66571
36545.0,155.63167
36576.0,171.2112
36604.0,178.10197
36546.0,183.61421
36577.0,133.17844
36605.0,145.1232
36547.0,126.62334
36578.0,126.9763
36606.0,129.39034
36548.0,147.07086
36579.0,151.48695
36607.0,109.92955
36549.0,111.17739
36580.0,120.40998
36608.0,119.77147
36550.0,138.67534
36581.0,142.1504
36609.0,152.55113
36551.0,135.52945
36582.0,140.72626
36610.0,99.6362
37440.0,18.02028
37471.0,117.6778
37499.0,114.27649
37452.0,127.61054
37453.0,130.45265
37454.0,100.23638
37455.0,117.27997
37456.0,133.13199
37457.0,140.64459
37458.0,141.4863
37459.0,151.96811
37460.0,158.39595
37461.0,120.341255
37462.0,130.48218
37463.0,132.15108
37464.0,140.0106
37465.0,140.1329
37466.0,149.82927
37467.0,153.76924
37468.0,116.591965
37469.0,130.4253
37470.0,134.08961
37441.0,147.25967
37472.0,145.99547
37500.0,155.31499
37483.0,136.79555
37484.0,137.43294
37485.0,142.15535
37486.0,141.60565
37487.0,150.46759
37488.0,167.02744
37489.0,123.56569
37490.0,134.83643
37491.0,132.06003
37492.0,139.68005
37493.0,142.91385
37494.0,159.38882
37495.0,164.9728
37496.0,120.38507
37497.0,133.99765
37498.0,132.81006
37442.0,150.91481
37473.0,155.18625
37501.0,170.28624
37511.0,134.59798
37512.0,134.41537
37513.0,142.19548
37514.0,147.65166
37515.0,166.12238
37516.0,169.40671
37517.0,124.4316
37518.0,136.11162
37519.0,133.2344
37520.0,141.52779
37521.0,144.55449
37522.0,160.6903
37523.0,165.58562
37524.0,121.08927
37525.0,134.6602
37526.0,134.14513
37527.0,140.32036
37528.0,142.7346
37529.0,159.84166
37443.0,179.711
37474.0,129.94669
37502.0,139.84366
37444.0,143.49916
37475.0,140.92105
37503.0,146.66571
37445.0,155.63167
37476.0,171.2112
37504.0,178.10197
37446.0,183.61421
37477.0,133.17844
37505.0,145.1232
37447.0,126.62334
37478.0,126.9763
37506.0,129.39034
37448.0,147.07086
37479.0,151.48695
37507.0,109.92955
37449.0,111.17739
37480.0,120.40998
37508.0,119.77147
37450.0,138.67534
37481.0,142.1504
37509.0,152.55113
37451.0,135.52945
37482.0,140.72626
37510.0,99.6362
38340.0,24.780582
38371.0,117.14049
38399.0,116.58376
38352.0,127.8715
38353.0,131.89578
38354.0,102.005615
38355.0,117.21222
38356.0,134.06653
38357.0,140.83958
38358.0,141.34705
38359.0,152.10419
38360.0,158.61794
38361.0,120.53423
38362.0,129.12283
38363.0,131.68636
38364.0,140.18703
38365.0,140.18414
38366.0,150.08403
38367.0,154.27757
38368.0,116.85112
38369.0,130.73274
38370.0,134.86925
38341.0,148.49277
38372.0,146.00609
38400.0,155.55482
38383.0,138.11046
38384.0,137.99196
38385.0,143.02284
38386.0,141.87138
38387.0,150.33557
38388.0,167.02744
38389.0,123.56569
38390.0,134.83643
38391.0,132.06003
38392.0,139.68005
38393.0,142.91385
38394.0,159.38882
38395.0,164.9728
38396.0,120.38507
38397.0,133.99765
38398.0,132.81006
38342.0,150.91481
38373.0,155.18625
38401.0,170.28624
38411.0,134.59798
38412.0,134.41537
38413.0,142.19548
38414.0,147.65166
38415.0,166.12238
38416.0,169.40671
38417.0,124.4316
38418.0,136.11162
38419.0,133.2344
38420.0,141.52779
38421.0,144.55449
38422.0,160.6903
38423.0,165.58562
38424.0,121.08927
38425.0,134.6602
38426.0,134.14513
38427.0,140.32036
38428.0,142.7346
38429.0,159.84166
38343.0,179.711
38374.0,129.94669
38402.0,139.84366
38344.0,143.49916
38375.0,140.92105
38403.0,146.66571
38345.0,155.63167
38376.0,171.2112
38404.0,178.12337
38346.0,183.6356
38377.0,133.17844
38405.0,145.1232
38347.0,126.62334
38378.0,126.9763
38406.0,129.39034
38348.0,147.07086
38379.0,151.47202
38407.0,109.92955
38349.0,111.17739
38380.0,120.40998
38408.0,119.77147
38350.0,138.85619
38381.0,142.33125
38409.0,152.73198
38351.0,135.52945
38382.0,140.72626
38410.0,99.6362
39240.0,14.619211
39271.0,116.40472
39299.0,113.04495
39252.0,126.716255
39253.0,128.51878
39254.0,99.94996
39255.0,115.89605
39256.0,133.19986
39257.0,140.1661
39258.0,141.24231
39259.0,151.60782
39260.0,157.56944
39261.0,120.24633
39262.0,129.10449
39263.0,131.31248
39264.0,139.33888
39265.0,139.2333
39266.0,149.00276
39267.0,152.60979
39268.0,116.43904
39269.0,129.41249
39270.0,134.07375
39241.0,146.90341
39272.0,145.19487
39300.0,154.4305
39283.0,137.36928
39284.0,137.69487
39285.0,142.02126
39286.0,141.3747
39287.0,149.48413
39288.0,166.63948
39289.0,123.65162
39290.0,134.92235
39291.0,132.14595
39292.0,139.76598
39293.0,142.99977
39294.0,159.00087
39295.0,164.49892
39296.0,120.38507
39297.0,133.99765
39298.0,132.81006
39242.0,151.00073
39273.0,155.27217
39301.0,169.89148
39311.0,134.6839
39312.0,134.5013
39313.0,142.2814
39314.0,147.73758
39315.0,165.72763
39316.0,169.01196
39317.0,124.51753
39318.0,136.19754
39319.0,133.32033
39320.0,141.61371
39321.0,144.64041
39322.0,159.8955
39323.0,164.70488
39324.0,120.6892
39325.0,134.26013
39326.0,133.74506
39327.0,139.92029
39328.0,142.33453
39329.0,158.96092
39243.0,179.31625
39274.0,130.03261
39302.0,139.92958
39244.0,143.58508
39275.0,141.00697
39303.0,146.75163
39245.0,155.71759
39276.0,170.81645
39304.0,177.72862
39246.0,183.24086
39277.0,133.26436
39305.0,145.20912
39247.0,126.70927
39278.0,127.06223
39306.0,129.47626
39248.0,146.67612
39279.0,151.07727
39307.0,110.01548
39249.0,111.20936
39280.0,120.44195
39308.0,119.80344
39250.0,138.88815
39281.0,142.36322
39309.0,152.28328
39251.0,135.56142
39282.0,140.75822
39310.0,99.66817
40140.0,36.264805
40171.0,118.525116
40199.0,118.33518
40152.0,127.410736
40153.0,134.8265
40154.0,102.735565
40155.0,120.84465
40156.0,130.91896
40157.0,139.34322
40158.0,141.1903
40159.0,150.87076
40160.0,157.84804
40161.0,120.0485
40162.0,128.62189
40163.0,131.97311
40164.0,136.95865
40165.0,139.77522
40166.0,149.08159
40167.0,151.19786
40168.0,117.23979
40169.0,128.08751
40170.0,134.62979
40141.0,145.83443
40172.0,146.2755
40200.0,155.93233
40183.0,135.5209
40184.0,138.91203
40185.0,139.12125
40186.0,141.1379
40187.0,147.50348
40188.0,167.4201
40189.0,124.34823
40190.0,135.61893
40191.0,132.84253
40192.0,140.46255
40193.0,143.69635
40194.0,159.71173
40195.0,165.20978
40196.0,121.08168
40197.0,134.7923
40198.0,133.6047
40142.0,151.69733
40173.0,155.96873
40201.0,170.67212
40211.0,135.38048
40212.0,135.19788
40213.0,142.97798
40214.0,148.43416
40215.0,166.50826
40216.0,169.79259
40217.0,125.21414
40218.0,136.89412
40219.0,134.0169
40220.0,142.31029
40221.0,145.33699
40222.0,160.60635
40223.0,165.41574
40224.0,121.385796
40225.0,135.05478
40226.0,134.5397
40227.0,140.81636
40228.0,143.2306
40229.0,159.27365
40143.0,179.94725
40174.0,130.72919
40202.0,140.62616
40144.0,144.28166
40175.0,141.70355
40203.0,147.44821
40145.0,156.52032
40176.0,171.70323
40204.0,178.6154
40146.0,183.97801
40177.0,134.096
40205.0,146.04076
40147.0,127.48836
40178.0,127.487175
40206.0,129.9011
40148.0,147.01227
40179.0,151.56305
40207.0,110.76667
40149.0,111.96055
40180.0,121.19314
40208.0,120.55463
40150.0,139.63934
40181.0,143.11441
40209.0,152.76906
40151.0,135.89757
40182.0,141.244
40210.0,100.75496
41040.0,26.819324
41071.0,117.140945
41099.0,114.80924
41052.0,125.739624
41053.0,128.46681
41054.0,99.354225
41055.0,116.96516
41056.0,133.66243
41057.0,140.44022
41058.0,140.3211
41059.0,150.5009
41060.0,157.5998
41061.0,119.75416
41062.0,130.0271
41063.0,131.71066
41064.0,139.86844
41065.0,138.94743
41066.0,148.51587
41067.0,153.47833
41068.0,117.41795
41069.0,130.92401
41070.0,134.5254
41041.0,149.15259
41072.0,145.38136
41100.0,154.44868
41083.0,138.12851
41084.0,137.52011
41085.0,142.45015
41086.0,140.56184
41087.0,148.722
41088.0,167.7887
41089.0,124.80883
41090.0,136.07951
41091.0,133.30312
41092.0,141.20384
41093.0,143.77515
41094.0,160.23508
41095.0,165.25128
41096.0,121.63786
41097.0,135.34846
41098.0,134.16087
41042.0,151.75766
41073.0,155.55171
41101.0,170.44669
41111.0,135.91713
41112.0,135.73453
41113.0,143.45522
41114.0,148.43402
41115.0,166.76334
41116.0,170.10176
41117.0,125.67471
41118.0,137.3547
41119.0,134.4775
41120.0,142.99216
41121.0,145.35637
41122.0,161.07028
41123.0,165.39783
41124.0,121.886955
41125.0,135.55594
41126.0,135.04086
41127.0,141.31752
41128.0,143.3094
41129.0,160.24045
41043.0,179.26588
41074.0,130.80322
41102.0,140.7002
41044.0,144.3334
41075.0,141.7553
41103.0,147.49994
41045.0,156.07558
41076.0,171.5231
41104.0,177.46951
41046.0,182.57938
41077.0,134.54808
41105.0,146.25777
41047.0,127.05314
41078.0,127.05188
41106.0,129.15894
41048.0,147.10121
41079.0,150.85732
41107.0,110.58558
41049.0,111.198654
41080.0,120.43126
41108.0,119.79273
41050.0,138.84818
41081.0,142.01639
41109.0,152.09564
41051.0,134.35007
41082.0,138.75667
41110.0,99.441216
41940.0,9.95727
41971.0,116.67497
41999.0,113.107056
41952.0,125.18162
41953.0,127.56043
41954.0,100.17155
41955.0,115.80102
41956.0,131.38191
41957.0,138.33815
41958.0,139.53694
41959.0,149.58583
41960.0,157.20496
41961.0,119.54261
41962.0,128.4097
41963.0,129.52817
41964.0,137.36052
41965.0,136.77536
41966.0,147.10692
41967.0,151.8246
41968.0,116.356674
41969.0,129.46619
41970.0,133.75441
41941.0,146.3592
41972.0,143.45651
42000.0,152.4707
41983.0,136.30385
41984.0,136.03395
41985.0,140.16624
41986.0,139.84424
41987.0,147.59872
41988.0,167.21909
41989.0,123.06655
41990.0,134.47308
41991.0,131.69669
41992.0,139.59741
41993.0,142.64035
41994.0,159.10028
41995.0,164.68167
41996.0,120.03146
41997.0,134.63646
41998.0,133.44887
41942.0,150.85793
41973.0,154.60315
42001.0,169.49812
42011.0,134.05527
42012.0,133.87267
42013.0,141.59335
42014.0,147.17972
42015.0,165.50903
42016.0,169.53215
42017.0,123.82065
42018.0,135.63652
42019.0,132.75931
42020.0,141.27397
42021.0,144.10982
42022.0,159.82373
42023.0,164.71646
42024.0,120.16883
42025.0,134.73218
42026.0,134.2171
42027.0,140.54941
42028.0,143.01292
42029.0,159.8852
41943.0,178.88255
41974.0,129.90352
42002.0,139.80049
41944.0,143.4337
41975.0,140.85559
42003.0,146.60025
41945.0,155.013
41976.0,170.46056
42004.0,177.10616
41946.0,182.216
41977.0,133.54222
42005.0,145.2519
41947.0,126.55424
41978.0,126.553055
42006.0,128.60333
41948.0,146.42833
41979.0,150.88362
42007.0,109.983246
41949.0,110.59632
41980.0,119.82891
42008.0,119.1904
41950.0,139.0171
41981.0,142.11476
42009.0,152.19398
41951.0,133.90587
41982.0,138.78297
42010.0,98.87747
42840.0,23.88613
42871.0,117.57802
42899.0,114.05616
42852.0,126.08874
42853.0,129.94096
42854.0,100.67502
42855.0,117.582504
42856.0,131.869
42857.0,138.79736
42858.0,139.86708
42859.0,149.96217
42860.0,157.56302
42861.0,119.872765
42862.0,129.70595
42863.0,130.78215
42864.0,137.82372
42865.0,137.72626
42866.0,147.54396
42867.0,152.35435
42868.0,118.0642
42869.0,131.33427
42870.0,134.1209
42841.0,148.37874
42872.0,143.6506
42900.0,153.2135
42883.0,136.30385
42884.0,136.38902
42885.0,141.41994
42886.0,140.47519
42887.0,148.23212
42888.0,167.21909
42889.0,123.06655
42890.0,134.47308
42891.0,131.69669
42892.0,139.59741
42893.0,142.64035
42894.0,159.10028
42895.0,164.68167
42896.0,120.03146
42897.0,134.63646
42898.0,133.44887
42842.0,150.85793
42873.0,154.60315
42901.0,169.49812
42911.0,134.05527
42912.0,133.87267
42913.0,141.59335
42914.0,147.17972
42915.0,165.50903
42916.0,169.53215
42917.0,123.82065
42918.0,135.63652
42919.0,132.75931
42920.0,141.27397
42921.0,144.10982
42922.0,159.82373
42923.0,164.71646
42924.0,120.16883
42925.0,134.73218
42926.0,134.2171
42927.0,140.54941
42928.0,143.01292
42929.0,159.8852
42843.0,178.88255
42874.0,129.90352
42902.0,139.80049
42844.0,143.4337
42875.0,140.85559
42903.0,146.60025
42845.0,155.013
42876.0,170.46056
42904.0,177.10616
42846.0,182.216
42877.0,133.54222
42905.0,145.2519
42847.0,126.55424
42878.0,126.553055
42906.0,128.60333
42848.0,146.42833
42879.0,150.88362
42907.0,109.983246
42849.0,110.59632
42880.0,119.82891
42908.0,119.1904
42850.0,139.0171
42881.0,142.11476
42909.0,152.19398
42851.0,133.90587
42882.0,138.78297
42910.0,98.87747
43740.0,14.133348
43771.0,116.16849
43799.0,113.0244
43752.0,124.62067
43753.0,128.10164
43754.0,99.41996
43755.0,115.45301
43756.0,131.24586
43757.0,138.4742
43758.0,139.53694
43759.0,149.72191
43760.0,157.34103
43761.0,119.54261
43762.0,128.4097
43763.0,129.66423
43764.0,137.69066
43765.0,136.91144
43766.0,147.43706
43767.0,152.09956
43768.0,116.35133
43769.0,129.85168
43770.0,133.55498
43741.0,146.5533
43772.0,143.45651
43800.0,152.4707
43783.0,136.30385
43784.0,136.22801
43785.0,140.16624
43786.0,140.0383
43787.0,147.59872
43788.0,167.21909
43789.0,123.06655
43790.0,134.47308
43791.0,131.69669
43792.0,139.59741
43793.0,142.64035
43794.0,159.10028
43795.0,164.68167
43796.0,120.03146
43797.0,134.63646
43798.0,133.44887
43742.0,150.85793
43773.0,154.60315
43801.0,169.49812
43811.0,134.05527
43812.0,133.87267
43813.0,141.59335
43814.0,147.17972
43815.0,165.50903
43816.0,169.53215
43817.0,123.82065
43818.0,135.63652
43819.0,132.75931
43820.0,141.27397
43821.0,144.10982
43822.0,159.82373
43823.0,164.71646
43824.0,120.16883
43825.0,134.73218
43826.0,134.2171
43827.0,140.54941
43828.0,143.01292
43829.0,159.71805
43743.0,178.88255
43774.0,129.90352
43802.0,139.80049
43744.0,143.4337
43775.0,140.85559
43803.0,146.60025
43745.0,154.97632
43776.0,170.35083
43804.0,176.99643
43746.0,182.64978
43777.0,133.50554
43805.0,145.21523
43747.0,126.488686
43778.0,126.4875
43806.0,128.53778
43748.0,146.42833
43779.0,150.88362
43807.0,109.983246
43749.0,110.59632
43780.0,119.82891
43808.0,119.1904
43750.0,139.0171
43781.0,142.11476
43809.0,152.19398
43751.0,133.95673
43782.0,138.78297
43810.0,98.87747
44640.0,29.013798
44671.0,118.974724
44699.0,113.70678
44652.0,127.09064
44653.0,128.91838
44654.0,101.330444
44655.0,118.8994
44656.0,132.04512
44657.0,138.97499
44658.0,139.9917
44659.0,149.61903
44660.0,157.13884
44661.0,119.99337
44662.0,129.43213
44663.0,130.23938
44664.0,138.66652
44665.0,137.24031
44666.0,147.20084
44667.0,152.9636
44668.0,116.76421
44669.0,129.87372
44670.0,134.03827
44641.0,147.06844
44672.0,143.87636
44700.0,153.14378
44683.0,137.06636
44684.0,137.02397
44685.0,140.90436
44686.0,140.13358
44687.0,147.20741
44688.0,166.88966
44689.0,122.7446
44690.0,134.15114
44691.0,131.37474
44692.0,139.27547
44693.0,142.31093
44694.0,158.77086
44695.0,164.35225
44696.0,119.70951
44697.0,134.31451
44698.0,133.12692
44642.0,150.83888
44673.0,154.57663
44701.0,169.4716
44711.0,133.73332
44712.0,133.55072
44713.0,141.27141
44714.0,146.8503
44715.0,165.17961
44716.0,169.20273
44717.0,123.498695
44718.0,135.31458
44719.0,132.43736
44720.0,140.95203
44721.0,143.7804
44722.0,159.49431
44723.0,164.38704
44724.0,119.84688
44725.0,134.41023
44726.0,133.89516
44727.0,140.22746
44728.0,142.6835
44729.0,159.38863
44643.0,178.82082
44674.0,129.84926
44702.0,139.74623
44644.0,143.37944
44675.0,140.80133
44703.0,146.54599
44645.0,154.91458
44676.0,170.2891
44704.0,176.9347
44646.0,182.9071
44677.0,133.77034
44705.0,145.48003
44647.0,126.39312
44678.0,126.39194
44706.0,128.43474
44648.0,146.42833
44679.0,150.88362
44707.0,109.99073
44649.0,110.61107
44680.0,119.84366
44708.0,119.20515
44650.0,139.034
44681.0,142.11476
44709.0,152.19398
44651.0,133.95673
44682.0,138.78297
44710.0,98.89437
630.0,17.91908
661.0,113.882744
689.0,113.4154
642.0,123.35321
643.0,129.31839
644.0,97.74702
645.0,116.18894
646.0,127.51501
647.0,131.33801
648.0,135.8908
649.0,143.51743
650.0,147.81383
651.0,113.15714
652.0,125.03817
653.0,126.46751
654.0,134.00856
655.0,135.29427
656.0,141.09404
657.0,147.25185
658.0,112.6583
659.0,126.00596
660.0,128.67876
631.0,135.57318
662.0,138.22878
690.0,145.71974
673.0,128.05832
674.0,130.12862
675.0,132.61656
676.0,134.45082
677.0,141.15959
678.0,163.19928
679.0,116.98501
680.0,129.04163
681.0,126.66611
682.0,135.2082
683.0,136.54456
684.0,153.79417
685.0,160.42564
686.0,115.52272
687.0,129.45154
688.0,129.26918
632.0,141.90271
663.0,147.44878
691.0,164.91376
701.0,127.63819
702.0,129.1014
703.0,136.68869
704.0,140.35382
705.0,160.05072
706.0,164.52155
707.0,117.040344
708.0,129.50629
709.0,127.33361
710.0,135.77791
711.0,136.63469
712.0,154.19612
713.0,160.71347
714.0,116.753426
715.0,130.61832
716.0,131.10844
717.0,137.13626
718.0,134.82497
719.0,153.45264
633.0,176.05745
664.0,121.86965
692.0,133.8497
634.0,135.19247
665.0,135.84021
693.0,143.33078
635.0,150.95149
666.0,171.0852
694.0,176.59012
636.0,182.04193
667.0,127.44518
695.0,139.66927
637.0,120.06852
668.0,127.42767
696.0,131.29816
638.0,150.17784
669.0,155.68346
697.0,106.212166
639.0,104.89836
670.0,116.73459
698.0,118.88935
640.0,134.12675
671.0,139.9838
699.0,154.18245
641.0,135.5881
672.0,142.47954
700.0,95.30813
1530.0,50.81928
1561.0,117.09621
1589.0,118.65168
1542.0,122.24315
1543.0,130.15388
1544.0,103.060005
1545.0,125.108345
1546.0,122.929794
1547.0,125.95916
1548.0,133.44058
1549.0,142.41273
1550.0,148.41048
1551.0,112.63114
1552.0,123.13232
1553.0,125.01844
1554.0,127.835625
1555.0,135.4288
1556.0,139.00317
1557.0,146.41785
1558.0,112.36117
1559.0,124.853615
1560.0,125.315414
1531.0,134.56262
1562.0,137.8035
1590.0,144.88878
1573.0,127.568275
1574.0,126.93774
1575.0,128.4995
1576.0,130.69917
1577.0,136.65553
1578.0,163.61235
1579.0,116.72275
1580.0,128.77936
1581.0,126.40385
1582.0,134.94594
1583.0,136.28229
1584.0,153.5319
1585.0,160.40373
1586.0,115.38203
1587.0,129.31085
1588.0,129.1285
1532.0,141.64044
1563.0,147.18651
1591.0,164.65149
1601.0,127.37591
1602.0,128.83913
1603.0,136.42642
1604.0,140.09155
1605.0,159.78845
1606.0,164.93462
1607.0,116.77808
1608.0,129.24402
1609.0,127.07134
1610.0,135.51564
1611.0,136.37242
1612.0,153.93385
1613.0,160.69156
1614.0,116.61273
1615.0,130.47763
1616.0,130.96776
1617.0,136.99557
1618.0,134.80305
1619.0,153.43073
1533.0,176.47052
1564.0,121.60739
1592.0,133.58743
1534.0,134.9302
1565.0,135.57794
1593.0,143.06851
1535.0,150.68922
1566.0,170.82294
1594.0,177.00319
1536.0,182.455
1567.0,127.51162
1595.0,139.7357
1537.0,120.215805
1568.0,127.57498
1596.0,131.44547
1538.0,150.22975
1569.0,156.082
1597.0,106.26408
1539.0,104.95027
1570.0,116.7865
1598.0,118.94126
1540.0,134.17867
1571.0,140.0357
1599.0,154.23436
1541.0,135.5881
1572.0,142.47954
1600.0,95.30813
2430.0,30.122498
2461.0,116.53098
2489.0,114.323586
2442.0,125.2561
2443.0,131.20616
2444.0,100.8708
2445.0,122.082344
2446.0,126.67904
2447.0,131.14789
2448.0,135.99632
2449.0,144.64107
2450.0,149.30908
2451.0,112.843864
2452.0,123.82368
2453.0,126.14068
2454.0,133.63316
2455.0,135.80331
2456.0,141.80875
2457.0,148.76988
2458.0,112.431114
2459.0,125.42387
2460.0,128.63297
2431.0,136.34006
2462.0,139.28038
2490.0,146.71028
2473.0,127.93636
2474.0,129.46094
2475.0,132.17981
2476.0,133.30211
2477.0,139.47906
2478.0,161.73785
2479.0,115.04261
2480.0,127.09919
2481.0,124.7237
2482.0,133.2658
2483.0,135.25769
2484.0,152.44394
2485.0,159.18481
2486.0,114.35746
2487.0,128.28625
2488.0,128.10393
2432.0,141.23767
2463.0,146.7837
2491.0,164.28256
2501.0,126.2784
2502.0,127.74162
2503.0,135.32893
2504.0,138.99406
2505.0,158.72845
2506.0,164.05005
2507.0,115.821915
2508.0,128.28784
2509.0,126.115166
2510.0,134.55946
2511.0,136.07182
2512.0,153.81107
2513.0,160.43782
2514.0,116.45243
2515.0,130.31732
2516.0,130.80748
2517.0,136.83527
2518.0,134.64278
2519.0,153.3079
2433.0,176.40193
2464.0,121.50132
2492.0,133.57867
2434.0,134.3309
2465.0,134.97864
2493.0,142.5665
2435.0,150.6329
2466.0,170.80411
2494.0,177.08165
2436.0,181.38118
2467.0,126.40033
2495.0,138.7217
2437.0,120.44513
2468.0,127.07493
2496.0,131.28973
2438.0,150.01422
2469.0,155.92442
2497.0,106.73568
2439.0,104.66447
2470.0,116.35569
2498.0,118.60774
2440.0,133.63835
2471.0,139.7425
2499.0,154.07593
2441.0,134.90382
2472.0,141.85321
2500.0,95.14008
3330.0,16.406448
3361.0,115.00567
3389.0,112.777214
3342.0,123.08418
3343.0,127.170235
3344.0,96.608635
3345.0,116.530266
3346.0,126.389046
3347.0,131.70084
3348.0,135.76761
3349.0,144.43219
3350.0,148.21758
3351.0,113.04856
3352.0,124.94019
3353.0,125.97077
3354.0,134.37137
3355.0,135.65707
3356.0,141.81473
3357.0,147.6556
3358.0,112.48296
3359.0,125.05056
3360.0,128.37607
3331.0,136.15604
3362.0,138.37581
3390.0,146.15096
3373.0,127.44926
3374.0,128.88963
3375.0,132.0345
3376.0,133.99042
3377.0,141.15266
3378.0,161.80316
3379.0,115.04261
3380.0,127.09919
3381.0,124.7237
3382.0,133.2658
3383.0,135.25769
3384.0,152.44394
3385.0,159.25012
3386.0,114.35746
3387.0,128.28625
3388.0,128.10393
3332.0,141.23767
3363.0,146.7837
3391.0,164.28256
3401.0,126.2784
3402.0,127.74162
3403.0,135.32893
3404.0,138.99406
3405.0,158.72845
3406.0,164.11536
3407.0,115.821915
3408.0,128.28784
3409.0,126.115166
3410.0,134.55946
3411.0,136.07182
3412.0,153.81107
3413.0,160.50313
3414.0,116.45243
3415.0,130.31732
3416.0,130.80748
3417.0,136.83527
3418.0,134.64278
3419.0,153.3079
3333.0,176.46724
3364.0,121.50132
3392.0,133.57867
3334.0,134.3309
3365.0,134.97864
3393.0,142.5665
3335.0,150.6329
3366.0,170.80411
3394.0,177.25757
3336.0,181.55708
3367.0,126.40033
3395.0,138.7217
3337.0,120.44513
3368.0,127.07493
3396.0,131.28973
3338.0,150.01422
3369.0,156.10034
3397.0,106.73568
3339.0,104.66447
3370.0,116.35569
3398.0,118.60774
3340.0,133.63835
3371.0,139.7425
3399.0,154.07593
3341.0,134.90382
3372.0,141.86206
3400.0,95.14008
4230.0,16.303389
4261.0,116.67678
4289.0,113.22651
4242.0,122.93349
4243.0,126.29551
4244.0,96.88322
4245.0,114.65133
4246.0,126.389046
4247.0,131.40782
4248.0,136.05954
4249.0,143.94618
4250.0,148.21758
4251.0,112.843864
4252.0,124.276375
4253.0,125.678825
4254.0,133.70753
4255.0,135.36514
4256.0,141.81473
4257.0,147.6556
4258.0,112.088615
4259.0,125.59728
4260.0,128.63084
4231.0,136.15604
4262.0,138.37581
4290.0,146.71028
4273.0,127.44926
4274.0,128.88963
4275.0,132.22858
4276.0,134.28343
4277.0,140.85965
4278.0,161.80316
4279.0,115.04261
4280.0,127.09919
4281.0,124.7237
4282.0,133.2658
4283.0,135.25769
4284.0,152.44394
4285.0,159.25012
4286.0,114.35746
4287.0,128.28625
4288.0,128.10393
4232.0,141.23767
4263.0,146.7837
4291.0,164.28256
4301.0,126.2784
4302.0,127.74162
4303.0,135.32893
4304.0,138.99406
4305.0,158.72845
4306.0,164.11536
4307.0,115.821915
4308.0,128.28784
4309.0,126.115166
4310.0,134.55946
4311.0,136.07182
4312.0,153.81107
4313.0,160.50313
4314.0,116.45243
4315.0,130.31732
4316.0,130.80748
4317.0,136.83527
4318.0,134.64278
4319.0,153.3079
4233.0,176.46724
4264.0,121.50132
4292.0,133.57867
4234.0,134.3309
4265.0,134.97864
4293.0,142.5665
4235.0,150.6329
4266.0,170.80411
4294.0,177.25757
4236.0,181.55708
4267.0,126.40033
4295.0,138.7217
4237.0,120.44513
4268.0,127.07493
4296.0,131.28973
4238.0,150.01422
4269.0,156.10034
4297.0,106.73568
4239.0,104.66447
4270.0,116.35569
4298.0,118.60774
4240.0,133.63835
4271.0,139.7425
4299.0,154.07593
4241.0,134.90382
4272.0,141.86206
4300.0,95.14008
5130.0,50.93167
5161.0,120.52624
5189.0,117.89976
5142.0,123.78566
5143.0,129.29793
5144.0,111.4717
5145.0,124.492424
5146.0,123.06269
5147.0,127.73574
5148.0,134.28706
5149.0,141.0294
5150.0,147.16113
5151.0,111.021935
5152.0,122.93247
5153.0,122.322334
5154.0,130.13683
5155.0,134.08296
5156.0,140.53172
5157.0,145.8811
5158.0,111.393684
5159.0,124.589745
5160.0,127.09609
5131.0,135.5021
5162.0,139.51512
5190.0,144.96393
5173.0,127.24551
5174.0,128.51196
5175.0,129.59079
5176.0,132.22461
5177.0,137.22685
5178.0,161.48512
5179.0,115.26268
5180.0,127.31926
5181.0,124.94376
5182.0,133.1117
5183.0,135.10359
5184.0,152.66002
5185.0,160.01286
5186.0,114.57753
5187.0,128.50632
5188.0,128.32399
5132.0,141.4675
5163.0,147.0135
5191.0,163.7066
5201.0,126.498474
5202.0,127.9617
5203.0,135.55148
5204.0,139.21661
5205.0,158.65392
5206.0,163.42485
5207.0,116.041985
5208.0,128.5079
5209.0,126.33523
5210.0,134.40536
5211.0,135.91772
5212.0,153.65468
5213.0,160.8934
5214.0,116.6725
5215.0,130.53738
5216.0,131.02754
5217.0,136.66992
5218.0,134.47743
5219.0,153.13182
5133.0,175.20737
5164.0,121.7214
5192.0,133.79875
5134.0,134.55095
5165.0,135.19868
5193.0,142.79631
5135.0,150.46967
5166.0,169.83502
5194.0,176.1177
5136.0,180.69386
5167.0,126.636284
5195.0,138.95769
5137.0,120.68112
5168.0,127.33702
5196.0,131.55185
5138.0,149.76294
5169.0,155.1652
5197.0,106.97167
5139.0,104.90046
5170.0,116.59168
5198.0,118.843735
5140.0,133.90047
5171.0,140.00461
5199.0,153.85944
5141.0,134.74799
5172.0,141.02237
5200.0,95.570595
6030.0,48.21729
6061.0,119.54668
6089.0,118.400276
6042.0,122.05258
6043.0,122.88719
6044.0,112.05628
6045.0,117.34037
6046.0,125.17823
6047.0,128.81572
6048.0,133.13557
6049.0,137.24222
6050.0,144.14284
6051.0,110.6775
6052.0,122.71552
6053.0,124.16645
6054.0,131.5129
6055.0,133.11377
6056.0,139.82115
6057.0,146.66971
6058.0,111.170906
6059.0,124.790504
6060.0,128.26292
6031.0,134.74702
6062.0,137.81847
6090.0,145.15936
6073.0,126.928215
6074.0,127.76469
6075.0,130.83209
6076.0,132.7884
6077.0,138.7078
6078.0,162.55032
6079.0,116.773865
6080.0,128.83047
6081.0,126.45495
6082.0,134.6229
6083.0,136.33289
6084.0,153.80093
6085.0,161.07806
6086.0,116.13901
6087.0,130.06784
6088.0,129.88548
6032.0,140.88127
6063.0,145.64781
6091.0,162.2525
6101.0,127.49021
6102.0,128.95343
6103.0,136.54321
6104.0,139.9264
6105.0,159.27533
6106.0,163.97058
6107.0,117.03371
6108.0,129.49966
6109.0,127.326965
6110.0,135.39713
6111.0,136.62752
6112.0,154.2761
6113.0,161.43913
6114.0,117.714516
6115.0,131.57944
6116.0,132.06956
6117.0,137.66168
6118.0,135.18723
6119.0,153.64279
6033.0,174.17514
6064.0,120.624664
6092.0,132.70203
6034.0,133.94601
6065.0,134.09618
6093.0,141.6938
6035.0,150.10594
6066.0,168.88535
6094.0,175.09235
6036.0,179.64859
6067.0,125.48292
6095.0,137.80428
6037.0,120.12237
6068.0,126.356476
6096.0,130.34595
6038.0,148.89047
6069.0,153.79526
6097.0,105.99112
6039.0,104.341705
6070.0,115.61113
6098.0,117.86318
6040.0,133.34172
6071.0,138.79872
6099.0,152.56517
6041.0,134.06673
6072.0,140.27037
6100.0,94.410614
6930.0,66.264084
6961.0,115.00522
6989.0,120.575356
6942.0,126.00455
6943.0,130.52663
6944.0,107.307495
6945.0,124.08764
6946.0,122.17544
6947.0,126.71676
6948.0,129.52939
6949.0,136.55121
6950.0,141.31482
6951.0,109.122475
6952.0,117.65036
6953.0,118.55536
6954.0,128.42892
6955.0,132.05122
6956.0,136.93501
6957.0,143.74863
6958.0,109.404335
6959.0,124.76532
6960.0,124.82396
6931.0,131.43524
6962.0,137.17601
6990.0,141.65694
6973.0,125.74075
6974.0,124.80389
6975.0,127.949974
6976.0,131.50992
6977.0,138.81157
6978.0,162.57208
6979.0,115.543465
6980.0,127.60005
6981.0,125.37397
6982.0,133.73819
6983.0,135.79817
6984.0,153.50574
6985.0,161.13783
6986.0,114.77529
6987.0,129.09204
6988.0,129.0591
6932.0,140.3113
6963.0,145.3835
6991.0,162.23404
7001.0,126.94479
7002.0,128.6254
7003.0,136.4115
7004.0,140.10037
7005.0,159.69514
7006.0,164.7453
7007.0,116.556305
7008.0,129.02222
7009.0,126.998955
7010.0,135.26538
7011.0,136.8458
7012.0,154.66592
7013.0,162.1839
7014.0,117.04453
7015.0,131.29736
7016.0,131.93694
7017.0,137.71664
7018.0,135.72551
7019.0,154.4206
6933.0,174.26672
6964.0,119.90819
6992.0,131.98557
6934.0,133.22952
6965.0,133.5291
6993.0,141.1238
6935.0,149.99405
6966.0,168.86687
6994.0,175.18393
6936.0,179.35841
6967.0,124.84043
6995.0,137.16177
6937.0,119.62932
6968.0,125.86049
6996.0,129.92632
6938.0,147.87785
6969.0,152.89267
6997.0,104.41751
6939.0,102.750305
6970.0,114.01973
6998.0,116.42121
6940.0,132.2127
6971.0,138.01831
6999.0,151.80418
6941.0,133.47983
6972.0,139.79353
7000.0,92.852844
7830.0,43.80355
7861.0,119.46509
7889.0,114.54224
7842.0,127.57525
7843.0,134.38203
7844.0,100.59207
7845.0,118.95183
7846.0,120.25388
7847.0,126.69857
7848.0,131.4702
7849.0,139.68042
7850.0,144.5902
7851.0,110.670006
7852.0,121.06957
7853.0,122.96917
7854.0,128.76846
7855.0,132.58112
7856.0,138.99878
7857.0,146.69537
7858.0,109.80442
7859.0,122.82366
7860.0,127.385475
7831.0,131.24869
7862.0,136.08957
7890.0,142.83612
7873.0,126.93305
7874.0,126.2391
7875.0,126.369385
7876.0,129.32556
7877.0,137.07248
7878.0,161.4308
7879.0,115.854996
7880.0,127.05004
7881.0,124.59528
7882.0,132.68767
7883.0,135.2067
7884.0,152.8298
7885.0,160.5437
7886.0,115.274765
7887.0,128.73
7888.0,128.81317
7832.0,140.14436
7863.0,144.72325
7891.0,161.45667
7901.0,126.9304
7902.0,128.38232
7903.0,135.89656
7904.0,139.16249
7905.0,158.55383
7906.0,163.60402
7907.0,116.867836
7908.0,128.4722
7909.0,126.22024
7910.0,134.21483
7911.0,136.25429
7912.0,154.07837
7913.0,161.67815
7914.0,117.544014
7915.0,130.93532
7916.0,131.69101
7917.0,137.19885
7918.0,135.87347
7919.0,154.48413
7833.0,173.65364
7864.0,120.52387
7892.0,131.73972
7834.0,133.78088
7865.0,133.47993
7893.0,140.8028
7835.0,150.10796
7866.0,168.49185
7894.0,174.80891
7836.0,179.86185
7867.0,125.11252
7895.0,137.43387
7837.0,120.76504
7868.0,126.000916
7896.0,130.06676
7838.0,149.13725
7869.0,153.78023
7897.0,105.93073
7839.0,104.46018
7870.0,115.357796
7898.0,117.53056
7840.0,132.42401
7871.0,137.85777
7899.0,152.22493
7841.0,134.23062
7872.0,140.2894
7900.0,93.38511
8730.0,57.135742
8761.0,110.612564
8789.0,119.29735
8742.0,126.88734
8743.0,126.455345
8744.0,108.095566
8745.0,125.441025
8746.0,120.675255
8747.0,125.71135
8748.0,130.9961
8749.0,138.07773
8750.0,139.29176
8751.0,107.65141
8752.0,119.75683
8753.0,120.54878
8754.0,126.76759
8755.0,130.97754
8756.0,138.30447
8757.0,142.88223
8758.0,108.45036
8759.0,121.99694
8760.0,119.201385
8731.0,129.66388
8762.0,134.48628
8790.0,142.7014
8773.0,123.945366
8774.0,124.50957
8775.0,127.85197
8776.0,127.5922
8777.0,136.91394
8778.0,161.28947
8779.0,114.81558
8780.0,126.28853
8781.0,124.65194
8782.0,132.5692
8783.0,135.08844
8784.0,152.68848
8785.0,160.40237
8786.0,114.66672
8787.0,128.35461
8788.0,129.57596
8732.0,140.16475
8763.0,144.605
8791.0,161.31534
8801.0,125.59613
8802.0,127.807625
8803.0,135.19978
8804.0,138.9857
8805.0,158.35397
8806.0,163.40416
8807.0,115.76988
8808.0,127.65218
8809.0,126.21836
8810.0,134.03786
8811.0,136.07753
8812.0,153.93704
8813.0,161.53682
8814.0,116.93597
8815.0,130.55994
8816.0,132.4538
8817.0,138.22305
8818.0,136.60278
8819.0,155.19037
8733.0,173.51231
8764.0,119.48447
8792.0,130.40541
8734.0,133.10521
8765.0,132.96379
8793.0,140.16455
8735.0,149.9897
8766.0,168.35052
8794.0,174.66759
8736.0,179.72052
8767.0,124.035034
8795.0,136.35643
8737.0,120.907524
8768.0,125.362625
8796.0,129.9485
8738.0,148.99593
8769.0,153.6389
8797.0,105.119545
8739.0,104.30764
8770.0,114.54661
8798.0,117.28067
8740.0,132.71065
8771.0,137.73953
8799.0,152.0836
8741.0,134.0893
8772.0,140.14807
8800.0,92.57392
9630.0,60.59432
9661.0,108.50246
9689.0,122.384674
9642.0,123.65627
9643.0,131.91895
9644.0,108.71389
9645.0,112.69464
9646.0,119.8586
9647.0,124.08866
9648.0,129.55678
9649.0,137.20744
9650.0,138.45613
9651.0,107.18194
9652.0,114.60764
9653.0,118.71865
9654.0,124.52326
9655.0,127.82648
9656.0,137.25755
9657.0,140.94325
9658.0,106.90128
9659.0,121.4205
9660.0,123.80197
9631.0,132.27641
9662.0,134.28978
9690.0,141.65971
9673.0,124.06833
9674.0,126.29034
9675.0,126.83523
9676.0,129.93167
9677.0,134.23712
9678.0,161.18787
9679.0,114.4432
9680.0,125.91617
9681.0,124.27962
9682.0,132.25058
9683.0,134.76985
9684.0,152.36989
9685.0,160.30077
9686.0,114.294334
9687.0,127.98223
9688.0,129.20361
9632.0,140.68929
9663.0,145.12953
9691.0,161.38577
9701.0,126.60963
9702.0,128.82118
9703.0,135.72435
9704.0,139.05614
9705.0,158.42441
9706.0,163.41042
9707.0,115.50539
9708.0,127.38769
9709.0,125.95388
9710.0,133.82713
9711.0,135.8668
9712.0,153.72632
9713.0,161.54308
9714.0,116.12022
9715.0,129.74419
9716.0,131.63808
9717.0,137.46106
9718.0,135.84082
9719.0,154.53543
9633.0,173.24849
9664.0,119.33708
9692.0,130.25804
9634.0,132.95784
9665.0,132.81642
9693.0,140.13785
9635.0,149.96303
9666.0,167.86972
9694.0,174.40376
9636.0,179.45673
9667.0,123.88765
9695.0,136.20903
9637.0,119.779305
9668.0,124.35511
9696.0,128.69386
9638.0,147.33006
9669.0,152.1871
9697.0,103.65633
9639.0,102.84444
9670.0,112.70912
9698.0,115.44323
9640.0,131.52235
9671.0,136.60214
9699.0,150.94621
9641.0,132.82188
9672.0,139.03513
9700.0,91.67223
10530.0,55.783737
10561.0,123.15657
10589.0,116.43929
10542.0,125.1179
10543.0,136.6911
10544.0,108.61655
10545.0,118.15463
10546.0,121.74703
10547.0,125.13528
10548.0,127.85416
10549.0,139.08762
10550.0,144.8753
10551.0,108.114235
10552.0,118.9036
10553.0,120.17669
10554.0,126.24606
10555.0,129.43297
10556.0,138.51788
10557.0,141.84634
10558.0,109.18099
10559.0,123.12544
10560.0,125.55857
10531.0,133.02608
10562.0,136.0723
10590.0,141.26198
10573.0,126.195274
10574.0,126.77853
10575.0,131.128
10576.0,131.00465
10577.0,135.14282
10578.0,161.42284
10579.0,114.70647
10580.0,126.179436
10581.0,124.54284
10582.0,132.51387
10583.0,135.03314
10584.0,152.60486
10585.0,160.53574
10586.0,114.5576
10587.0,128.24553
10588.0,129.4669
10532.0,141.65813
10563.0,146.09834
10591.0,162.22485
10601.0,126.76475
10602.0,128.97632
10603.0,135.98761
10604.0,139.3194
10605.0,158.65938
10606.0,163.64539
10607.0,115.842316
10608.0,127.7246
10609.0,126.290825
10610.0,134.16406
10611.0,136.20374
10612.0,154.03493
10613.0,161.85168
10614.0,116.457146
10615.0,130.08112
10616.0,131.975
10617.0,138.35207
10618.0,136.73183
10619.0,155.32448
10533.0,173.40347
10564.0,119.669205
10592.0,130.79697
10534.0,133.28998
10565.0,133.14856
10593.0,140.67677
10535.0,150.50195
10566.0,168.27888
10594.0,174.55875
10536.0,180.0723
10567.0,124.88382
10595.0,137.41203
10537.0,119.95885
10568.0,124.53466
10596.0,128.87343
10538.0,147.8702
10569.0,152.26822
10597.0,103.73774
10539.0,103.051834
10570.0,112.916534
10598.0,115.65063
10540.0,131.72978
10571.0,136.80957
10599.0,151.40517
10541.0,133.38148
10572.0,139.13571
10600.0,91.98034
11430.0,69.65022
11461.0,128.2172
11489.0,126.05262
11442.0,132.33972
11443.0,128.8319
11444.0,110.55365
11445.0,114.27552
11446.0,119.06941
11447.0,124.94482
11448.0,130.54552
11449.0,135.82887
11450.0,138.64453
11451.0,107.929344
11452.0,117.378136
11453.0,119.2615
11454.0,127.97793
11455.0,128.11058
11456.0,136.81934
11457.0,142.36772
11458.0,108.61416
11459.0,122.52576
11460.0,122.20526
11431.0,133.24635
11462.0,136.78877
11490.0,141.41165
11473.0,126.32178
11474.0,122.474396
11475.0,129.21408
11476.0,127.224846
11477.0,137.3746
11478.0,162.40112
11479.0,117.53784
11480.0,129.0108
11481.0,127.28826
11482.0,135.10782
11483.0,137.73674
11484.0,155.29973
11485.0,162.25182
11486.0,118.12672
11487.0,132.00618
11488.0,132.11899
11432.0,143.41096
11463.0,147.54448
11491.0,164.40775
11501.0,129.44987
11502.0,130.55717
11503.0,137.40569
11504.0,140.92241
11505.0,160.25366
11506.0,164.68526
11507.0,118.306274
11508.0,130.18858
11509.0,128.66893
11510.0,136.8196
11511.0,138.96892
11512.0,156.79141
11513.0,163.62935
11514.0,119.65892
11515.0,133.47443
11516.0,134.25975
11517.0,140.56639
11518.0,139.48193
11519.0,158.45862
11433.0,174.23256
11464.0,121.470726
11492.0,132.70215
11434.0,136.1257
11465.0,134.50127
11493.0,142.67699
11435.0,152.94594
11466.0,169.38422
11494.0,176.66298
11436.0,183.16907
11467.0,128.26566
11495.0,141.29895
11437.0,124.591545
11468.0,127.59002
11496.0,132.22261
11438.0,149.15013
11469.0,153.81126
11497.0,105.80202
11439.0,105.63139
11470.0,115.97142
11498.0,119.536804
11440.0,134.45175
11471.0,139.26555
11499.0,154.31776
11441.0,135.15039
11472.0,141.16772
11500.0,95.21204
12330.0,49.29402
12361.0,121.25809
12389.0,120.7381
12342.0,123.515625
12343.0,134.3765
12344.0,101.9083
12345.0,121.80601
12346.0,127.0607
12347.0,130.13513
12348.0,134.95406
12349.0,143.9808
12350.0,148.84152
12351.0,112.08204
12352.0,124.07961
12353.0,124.49491
12354.0,131.81038
12355.0,135.92117
12356.0,143.89738
12357.0,149.15326
12358.0,112.51251
12359.0,125.643105
12360.0,126.701195
12331.0,140.07716
12362.0,141.17874
12390.0,148.98775
12373.0,131.01683
12374.0,132.17905
12375.0,133.40955
12376.0,134.51889
12377.0,143.55756
12378.0,165.95035
12379.0,122.495895
12380.0,133.96893
12381.0,131.1377
12382.0,138.224
12383.0,140.16745
12384.0,158.47247
12385.0,165.7646
12386.0,122.98542
12387.0,136.3399
12388.0,135.31305
12332.0,146.46126
12363.0,149.31416
12391.0,166.90738
12401.0,132.70616
12402.0,132.94542
12403.0,139.255
12404.0,143.18103
12405.0,163.5139
12406.0,167.94804
12407.0,122.819496
12408.0,134.70186
12409.0,132.31416
12410.0,139.89005
12411.0,141.39767
12412.0,159.96217
12413.0,167.14018
12414.0,124.25802
12415.0,137.54854
12416.0,137.1942
12417.0,142.43918
12418.0,141.22523
12419.0,159.36763
12333.0,175.71696
12364.0,123.923935
12392.0,135.15543
12334.0,138.73158
12365.0,136.20802
12393.0,143.83606
12335.0,154.60515
12366.0,171.05865
12394.0,178.04915
12336.0,184.31413
12367.0,131.46544
12395.0,144.49873
12337.0,126.0934
12368.0,128.98799
12396.0,133.23145
12338.0,150.54402
12369.0,154.55765
12397.0,109.15924
12339.0,108.10597
12370.0,118.288895
12398.0,120.98627
12340.0,136.09073
12371.0,140.74963
12399.0,155.80185
12341.0,136.92206
12372.0,141.78381
12400.0,97.79084
13230.0,72.39656
13261.0,120.64351
13289.0,118.47071
13242.0,129.93893
13243.0,136.6045
13244.0,100.69754
13245.0,129.2021
13246.0,125.40161
13247.0,129.68811
13248.0,132.98161
13249.0,143.00783
13250.0,146.63385
13251.0,112.79312
13252.0,126.457306
13253.0,123.83125
13254.0,130.39859
13255.0,131.55267
13256.0,139.47118
13257.0,147.34221
13258.0,112.62633
13259.0,126.143776
13260.0,127.34289
13231.0,137.86507
13262.0,140.51471
13290.0,150.57776
13273.0,130.89246
13274.0,131.4048
13275.0,133.16982
13276.0,135.4734
13277.0,147.6896
13278.0,167.12524
13279.0,123.07535
13280.0,134.54837
13281.0,131.71713
13282.0,138.80344
13283.0,140.74689
13284.0,159.64737
13285.0,166.90819
13286.0,123.53356
13287.0,136.88803
13288.0,135.86118
13232.0,147.0407
13263.0,149.8936
13291.0,168.08228
13301.0,133.2856
13302.0,133.52486
13303.0,139.83444
13304.0,143.76047
13305.0,164.6888
13306.0,169.12294
13307.0,123.39895
13308.0,135.2813
13309.0,132.8936
13310.0,140.46948
13311.0,141.97711
13312.0,161.13707
13313.0,168.28377
13314.0,124.80616
13315.0,138.09666
13316.0,137.74232
13317.0,142.9873
13318.0,141.77336
13319.0,160.51122
13233.0,176.89186
13264.0,124.50338
13292.0,135.73486
13234.0,139.42082
13265.0,136.89726
13293.0,144.5253
13235.0,155.31325
13266.0,172.36221
13294.0,179.3527
13236.0,185.61769
13267.0,132.15468
13295.0,145.18797
13237.0,126.78261
13268.0,129.67723
13296.0,133.93954
13238.0,151.2574
13269.0,155.271
13297.0,109.8485
13239.0,108.55685
13270.0,118.739784
13298.0,121.43714
13240.0,136.18062
13271.0,140.85838
13299.0,155.91588
13241.0,136.9459
13272.0,141.80766
13300.0,97.92536
14130.0,19.568861
14161.0,115.912186
14189.0,114.4602
14142.0,128.48946
14143.0,133.27974
14144.0,99.97219
14145.0,119.18223
14146.0,130.51347
14147.0,134.97519
14148.0,137.98015
14149.0,148.31966
14150.0,151.69447
14151.0,115.146194
14152.0,126.23115
14153.0,128.18079
14154.0,135.26228
14155.0,135.74185
14156.0,146.68501
14157.0,150.24966
14158.0,114.21798
14159.0,127.68042
14160.0,130.7311
14131.0,142.26796
14162.0,142.20486
14190.0,151.58856
14173.0,132.5475
14174.0,134.22113
14175.0,135.5108
14176.0,136.52797
14177.0,146.2329
14178.0,167.09715
14179.0,124.67456
14180.0,136.51059
14181.0,133.35602
14182.0,139.46834
14183.0,142.105
14184.0,160.28577
14185.0,166.77594
14186.0,124.69518
14187.0,138.20274
14188.0,136.74506
14132.0,148.24942
14163.0,151.7955
14191.0,168.97203
14201.0,135.28574
14202.0,135.40958
14203.0,140.52345
14204.0,144.72484
14205.0,164.93346
14206.0,168.6813
14207.0,124.613846
14208.0,136.85922
14209.0,134.14821
14210.0,140.7501
14211.0,142.95094
14212.0,161.39119
14213.0,167.76724
14214.0,125.617905
14215.0,138.93471
14216.0,138.1495
14217.0,142.27187
14218.0,142.88841
14219.0,160.34421
14133.0,177.34908
14164.0,125.92064
14192.0,137.54889
14134.0,141.51355
14165.0,139.04097
14193.0,145.68695
14135.0,155.73105
14166.0,172.21008
14194.0,179.32957
14136.0,185.09828
14167.0,130.86111
14195.0,144.2912
14137.0,125.57702
14168.0,126.974525
14196.0,131.94876
14138.0,147.87463
14169.0,153.06882
14197.0,108.196754
14139.0,107.40449
14170.0,118.33589
14198.0,121.03325
14140.0,134.27269
14171.0,139.83316
14199.0,154.49129
14141.0,134.50801
14172.0,140.55035
14200.0,97.690605
15030.0,25.699293
15061.0,117.544044
15089.0,116.514404
15042.0,129.56393
15043.0,135.72885
15044.0,100.794304
15045.0,120.40302
15046.0,130.74287
15047.0,134.46715
15048.0,137.98015
15049.0,148.31966
15050.0,151.62712
15051.0,115.35089
15052.0,126.69713
15053.0,128.18042
15054.0,134.75142
15055.0,137.0997
15056.0,146.90886
15057.0,150.81024
15058.0,114.036705
15059.0,127.92594
15060.0,131.1013
15031.0,142.44383
15062.0,143.40707
15090.0,152.29904
15073.0,133.45055
15074.0,134.66537
15075.0,136.23209
15076.0,137.3127
15077.0,146.53209
15078.0,167.09715
15079.0,124.67456
15080.0,136.51059
15081.0,133.35602
15082.0,139.46834
15083.0,142.105
15084.0,160.28577
15085.0,166.77594
15086.0,124.69518
15087.0,138.20274
15088.0,136.74506
15032.0,148.24942
15063.0,151.7955
15091.0,168.97203
15101.0,135.28574
15102.0,135.40958
15103.0,140.52345
15104.0,144.72484
15105.0,164.93346
15106.0,168.6813
15107.0,124.613846
15108.0,136.85922
15109.0,134.14821
15110.0,140.7501
15111.0,142.95094
15112.0,161.39119
15113.0,167.76724
15114.0,125.617905
15115.0,138.93471
15116.0,138.1495
15117.0,142.27187
15118.0,142.88841
15119.0,160.34421
15033.0,177.34908
15064.0,125.92064
15092.0,137.54889
15034.0,141.51355
15065.0,139.04097
15093.0,145.68695
15035.0,155.73105
15066.0,172.21008
15094.0,179.32957
15036.0,185.09828
15067.0,130.86111
15095.0,144.2912
15037.0,125.57702
15068.0,126.974525
15096.0,131.94876
15038.0,147.87463
15069.0,153.06882
15097.0,108.196754
15039.0,107.40449
15070.0,118.33589
15098.0,121.03325
15040.0,134.27269
15071.0,139.83316
15099.0,154.49129
15041.0,134.50801
15072.0,140.55035
15100.0,97.690605
15930.0,68.55297
15961.0,115.17526
15989.0,123.62849
15942.0,125.407906
15943.0,137.5621
15944.0,113.04626
15945.0,128.4514
15946.0,129.01784
15947.0,129.18105
15948.0,135.10445
15949.0,144.76389
15950.0,150.27452
15951.0,114.52106
15952.0,122.82698
15953.0,125.60566
15954.0,133.63983
15955.0,133.36444
15956.0,143.29247
15957.0,147.55414
15958.0,112.569664
15959.0,123.00826
15960.0,125.51259
15931.0,139.83424
15962.0,143.11865
15990.0,149.68578
15973.0,132.67188
15974.0,132.51
15975.0,133.73953
15976.0,134.02982
15977.0,154.83377
15978.0,167.07904
15979.0,124.65645
15980.0,136.49248
15981.0,133.3379
15982.0,139.45023
15983.0,142.08688
15984.0,160.26765
15985.0,166.75783
15986.0,124.67707
15987.0,138.18463
15988.0,136.72694
15932.0,148.23132
15963.0,151.7774
15991.0,168.9539
16001.0,135.26762
16002.0,135.39146
16003.0,140.50534
16004.0,144.70673
16005.0,164.91534
16006.0,168.6632
16007.0,124.59573
16008.0,136.84111
16009.0,134.1301
16010.0,140.732
16011.0,142.93283
16012.0,161.37308
16013.0,167.74913
16014.0,125.59979
16015.0,138.9166
16016.0,138.1314
16017.0,142.25375
16018.0,142.8703
16019.0,160.3261
15933.0,177.33096
15964.0,125.90253
15992.0,137.53078
15934.0,141.49544
15965.0,139.02286
15993.0,145.66884
15935.0,155.71294
15966.0,172.19197
15994.0,179.31146
15936.0,185.08015
15967.0,130.84302
15995.0,144.2731
15937.0,125.55891
15968.0,126.9564
15996.0,131.93063
15938.0,147.85652
15969.0,153.0507
15997.0,108.17864
15939.0,107.386375
15970.0,118.31778
15998.0,121.01514
15940.0,134.2546
15971.0,139.81506
15999.0,154.47318
15941.0,134.4899
15972.0,140.53224
16000.0,97.67249
16830.0,33.158722
16861.0,117.23095
16889.0,116.24667
16842.0,129.25827
16843.0,134.60211
16844.0,105.06664
16845.0,122.366806
16846.0,129.03406
16847.0,133.23132
16848.0,136.91362
16849.0,146.68182
16850.0,150.95999
16851.0,113.49357
16852.0,124.37403
16853.0,126.73859
16854.0,133.18004
16855.0,135.05534
16856.0,145.21548
16857.0,149.28297
16858.0,112.043884
16859.0,126.7424
16860.0,129.99574
16831.0,140.19713
16862.0,142.09102
16890.0,151.1555
16873.0,132.30257
16874.0,133.34712
16875.0,135.33849
16876.0,134.50269
16877.0,143.99458
16878.0,166.19238
16879.0,121.733116
16880.0,133.81041
16881.0,130.65584
16882.0,137.27957
16883.0,140.2396
16884.0,159.06662
16885.0,165.86273
16886.0,121.75372
16887.0,135.42987
16888.0,133.74367
16832.0,146.04362
16863.0,150.2318
16891.0,167.03543
16901.0,132.44856
16902.0,132.87361
16903.0,138.46754
16904.0,142.9923
16905.0,163.85562
16906.0,167.82222
16907.0,121.71811
16908.0,134.20473
16909.0,131.49371
16910.0,138.60703
16911.0,141.13123
16912.0,160.21773
16913.0,166.89972
16914.0,122.71469
16915.0,136.20006
16916.0,135.18634
16917.0,140.18073
16918.0,140.99422
16919.0,159.31798
16833.0,176.42012
16864.0,123.89049
16892.0,134.3506
16834.0,139.87614
16865.0,136.7967
16893.0,142.9928
16835.0,153.99318
16866.0,170.66507
16894.0,177.70955
16836.0,185.10643
16867.0,130.53288
16895.0,143.07259
16837.0,124.73786
16868.0,125.525055
16896.0,131.65636
16838.0,147.7244
16869.0,152.74603
16897.0,106.46928
16839.0,106.8196
16870.0,116.85656
16898.0,118.98083
16840.0,133.78378
16871.0,139.58463
16899.0,154.25081
16841.0,134.46939
16872.0,140.05788
16900.0,95.90033
17730.0,40.366295
17761.0,119.05229
17789.0,120.40411
17742.0,129.11928
17743.0,134.6577
17744.0,105.094604
17745.0,123.4093
17746.0,127.20185
17747.0,131.30441
17748.0,136.86397
17749.0,146.61966
17750.0,151.3182
17751.0,111.93009
17752.0,123.148384
17753.0,126.03689
17754.0,133.18004
17755.0,135.43013
17756.0,144.75427
17757.0,149.64903
17758.0,110.78802
17759.0,126.326775
17760.0,129.78555
17731.0,138.8008
17762.0,142.37378
17790.0,149.6961
17773.0,130.68178
17774.0,133.03291
17775.0,134.65091
17776.0,133.27077
17777.0,143.99458
17778.0,166.19238
17779.0,121.733116
17780.0,133.81041
17781.0,130.65584
17782.0,137.27957
17783.0,140.2396
17784.0,159.06662
17785.0,165.86273
17786.0,121.75372
17787.0,135.42987
17788.0,133.74367
17732.0,146.04362
17763.0,150.2318
17791.0,167.03543
17801.0,132.44856
17802.0,132.87361
17803.0,138.46754
17804.0,142.9923
17805.0,163.85562
17806.0,167.82222
17807.0,121.71811
17808.0,134.20473
17809.0,131.49371
17810.0,138.60703
17811.0,141.13123
17812.0,160.21773
17813.0,166.89972
17814.0,122.65024
17815.0,136.20006
17816.0,135.18634
17817.0,140.18073
17818.0,140.99422
17819.0,159.31798
17733.0,176.42012
17764.0,123.89049
17792.0,134.3506
17734.0,139.87614
17765.0,136.7967
17793.0,142.9928
17735.0,153.99318
17766.0,170.66507
17794.0,177.70955
17736.0,185.10643
17767.0,130.53288
17795.0,143.07259
17737.0,124.73786
17768.0,125.525055
17796.0,131.65636
17738.0,147.7244
17769.0,152.74603
17797.0,106.46928
17739.0,106.8196
17770.0,116.85656
17798.0,118.98083
17740.0,133.78378
17771.0,139.58463
17799.0,154.25081
17741.0,134.46939
17772.0,140.05788
17800.0,95.90033
18630.0,33.424408
18661.0,118.72169
18689.0,116.96014
18642.0,129.56813
18643.0,134.13426
18644.0,104.00366
18645.0,123.02243
18646.0,129.02386
18647.0,132.65004
18648.0,136.90343
18649.0,145.84506
18650.0,150.87662
18651.0,111.93009
18652.0,125.360794
18653.0,126.96285
18654.0,134.01639
18655.0,135.13335
18656.0,145.20529
18657.0,149.24367
18658.0,112.13511
18659.0,126.904015
18660.0,129.49435
18631.0,139.8065
18662.0,142.44878
18690.0,151.53667
18673.0,132.28578
18674.0,133.70538
18675.0,133.46892
18676.0,135.58812
18677.0,143.71953
18678.0,166.19238
18679.0,121.733116
18680.0,133.81041
18681.0,130.65584
18682.0,137.27957
18683.0,140.2396
18684.0,159.06662
18685.0,165.86273
18686.0,121.75372
18687.0,135.42987
18688.0,133.74367
18632.0,146.04362
18663.0,150.2318
18691.0,167.03543
18701.0,132.44856
18702.0,132.87361
18703.0,138.46754
18704.0,142.9923
18705.0,163.85562
18706.0,167.82222
18707.0,121.71811
18708.0,134.20473
18709.0,131.49371
18710.0,138.60703
18711.0,141.13123
18712.0,160.21773
18713.0,166.89972
18714.0,122.65024
18715.0,136.20006
18716.0,135.18634
18717.0,140.18073
18718.0,140.99422
18719.0,159.31798
18633.0,176.42012
18664.0,123.89049
18692.0,134.3506
18634.0,139.87614
18665.0,136.7967
18693.0,142.9928
18635.0,153.99318
18666.0,170.66507
18694.0,177.70955
18636.0,185.10643
18667.0,130.53288
18695.0,143.07259
18637.0,124.73786
18668.0,125.525055
18696.0,131.65636
18638.0,147.7244
18669.0,152.74603
18697.0,106.46928
18639.0,106.8196
18670.0,116.85656
18698.0,118.98083
18640.0,133.78378
18671.0,139.58463
18699.0,154.25081
18641.0,134.46939
18672.0,140.05788
18700.0,95.90033
19530.0,68.198746
19561.0,117.04889
19589.0,123.67332
19542.0,130.23108
19543.0,136.67523
19544.0,106.73205
19545.0,128.18744
19546.0,124.12926
19547.0,127.25499
19548.0,135.20253
19549.0,142.68076
19550.0,147.32335
19551.0,113.11241
19552.0,124.060326
19553.0,125.76599
19554.0,130.49512
19555.0,133.86221
19556.0,143.61508
19557.0,147.13235
19558.0,110.66225
19559.0,125.249214
19560.0,126.94841
19531.0,140.96994
19562.0,142.37451
19590.0,148.52507
19573.0,131.31812
19574.0,131.71375
19575.0,133.27165
19576.0,134.10269
19577.0,145.49968
19578.0,166.46927
19579.0,122.01
19580.0,134.0873
19581.0,130.93272
19582.0,137.55646
19583.0,140.51648
19584.0,159.3435
19585.0,166.13962
19586.0,122.030594
19587.0,135.70676
19588.0,134.02055
19532.0,146.32051
19563.0,150.50868
19591.0,167.31232
19601.0,132.72545
19602.0,133.1505
19603.0,138.74443
19604.0,143.26918
19605.0,164.1325
19606.0,168.0991
19607.0,121.994995
19608.0,134.48161
19609.0,131.7706
19610.0,138.88391
19611.0,141.40811
19612.0,160.49461
19613.0,167.1766
19614.0,122.927124
19615.0,136.47694
19616.0,135.46323
19617.0,140.45761
19618.0,141.2711
19619.0,159.59486
19533.0,176.697
19564.0,124.16736
19592.0,134.62749
19534.0,140.15303
19565.0,137.0736
19593.0,143.26968
19535.0,154.27007
19566.0,170.94196
19594.0,177.98643
19536.0,185.38332
19567.0,130.80977
19595.0,143.34947
19537.0,125.01475
19568.0,125.80191
19596.0,131.93324
19538.0,148.00128
19569.0,153.02292
19597.0,106.74616
19539.0,107.09649
19570.0,117.133446
19598.0,119.25771
19540.0,134.06067
19571.0,139.86151
19599.0,154.5277
19541.0,134.74628
19572.0,140.33476
19600.0,96.177216
20430.0,24.637783
20461.0,116.54642
20489.0,113.88959
20442.0,125.6287
20443.0,132.1656
20444.0,100.45085
20445.0,121.63117
20446.0,127.76313
20447.0,133.65791
20448.0,136.78409
20449.0,147.17229
20450.0,151.78584
20451.0,114.761375
20452.0,126.42183
20453.0,127.998184
20454.0,134.28024
20455.0,135.68904
20456.0,146.63052
20457.0,149.75179
20458.0,112.20924
20459.0,128.05858
20460.0,129.97832
20431.0,140.8556
20462.0,140.81499
20490.0,150.26714
20473.0,132.52956
20474.0,131.88965
20475.0,135.6313
20476.0,135.83069
20477.0,145.2756
20478.0,165.91663
20479.0,121.56904
20480.0,133.64632
20481.0,130.54445
20482.0,137.48143
20483.0,140.00937
20484.0,159.2084
20485.0,166.08449
20486.0,122.60629
20487.0,136.38385
20488.0,133.40758
20432.0,146.75783
20463.0,150.29622
20491.0,167.09293
20501.0,133.10403
20502.0,132.88036
20503.0,138.47232
20504.0,142.79408
20505.0,164.02943
20506.0,168.27187
20507.0,122.498665
20508.0,134.9853
20509.0,132.04889
20510.0,139.47545
20511.0,141.56754
20512.0,161.02608
20513.0,167.78804
20514.0,124.16935
20515.0,137.90529
20516.0,135.60153
20517.0,140.13115
20518.0,140.87805
20519.0,159.57384
20433.0,176.62836
20464.0,124.432846
20492.0,134.65952
20434.0,140.41852
20465.0,137.33908
20493.0,143.47353
20435.0,154.0576
20466.0,171.23805
20494.0,178.4204
20436.0,185.79187
20467.0,130.67136
20495.0,142.9776
20437.0,124.88636
20468.0,125.72553
20496.0,131.0174
20438.0,149.36908
20469.0,153.2184
20497.0,106.81086
20439.0,107.20853
20470.0,117.00592
20498.0,118.8968
20440.0,135.00377
20471.0,139.67697
20499.0,154.46683
20441.0,135.15683
20472.0,140.3511
20500.0,95.82668
21330.0,54.392357
21361.0,119.7824
21389.0,118.084526
21342.0,125.49214
21343.0,133.00592
21344.0,114.698875
21345.0,124.004524
21346.0,125.129326
21347.0,130.62158
21348.0,135.21774
21349.0,143.38046
21350.0,150.35022
21351.0,113.105194
21352.0,125.827126
21353.0,125.63641
21354.0,130.80917
21355.0,133.99724
21356.0,142.92653
21357.0,146.62413
21358.0,113.17988
21359.0,127.04675
21360.0,128.36333
21331.0,141.3788
21362.0,142.1983
21390.0,148.0151
21373.0,131.96274
21374.0,130.32524
21375.0,132.18304
21376.0,135.28883
21377.0,143.41405
21378.0,165.91663
21379.0,121.56904
21380.0,133.64632
21381.0,130.54445
21382.0,137.48143
21383.0,140.00937
21384.0,159.2084
21385.0,166.08449
21386.0,122.60629
21387.0,136.38385
21388.0,133.40758
21332.0,146.75783
21363.0,150.29622
21391.0,167.09293
21401.0,133.10403
21402.0,132.88036
21403.0,138.47232
21404.0,142.79408
21405.0,164.02943
21406.0,168.27187
21407.0,122.498665
21408.0,134.9853
21409.0,132.04889
21410.0,139.47545
21411.0,141.56754
21412.0,161.02608
21413.0,167.78804
21414.0,124.16935
21415.0,137.90529
21416.0,135.60153
21417.0,140.13115
21418.0,140.87805
21419.0,159.57384
21333.0,176.62836
21364.0,124.432846
21392.0,134.65952
21334.0,140.41852
21365.0,137.33908
21393.0,143.47353
21335.0,154.0576
21366.0,171.23805
21394.0,178.4204
21336.0,185.79187
21367.0,130.67136
21395.0,142.9776
21337.0,124.88636
21368.0,125.72553
21396.0,131.0174
21338.0,149.36908
21369.0,153.2184
21397.0,106.81086
21339.0,107.20853
21370.0,117.00592
21398.0,118.8968
21340.0,135.00377
21371.0,139.67697
21399.0,154.46683
21341.0,135.12065
21372.0,140.3511
21400.0,95.82668
22230.0,61.534256
22261.0,121.07666
22289.0,129.54103
22242.0,134.96796
22243.0,134.44405
22244.0,114.784454
22245.0,132.19676
22246.0,121.69129
22247.0,125.15957
22248.0,135.33595
22249.0,145.26106
22250.0,149.2211
22251.0,116.194916
22252.0,127.19035
22253.0,125.77883
22254.0,126.44971
22255.0,134.33287
22256.0,143.36412
22257.0,147.36728
22258.0,113.07058
22259.0,127.78619
22260.0,128.077
22231.0,136.37288
22262.0,142.20532
22290.0,148.2557
22273.0,126.09697
22274.0,131.31744
22275.0,133.65936
22276.0,135.576
22277.0,148.63634
22278.0,166.4154
22279.0,122.09504
22280.0,134.17232
22281.0,130.98387
22282.0,137.92085
22283.0,140.44879
22284.0,159.64783
22285.0,166.58327
22286.0,123.13229
22287.0,136.90985
22288.0,133.847
22232.0,147.19725
22263.0,150.73564
22291.0,167.53235
22301.0,133.55641
22302.0,133.31978
22303.0,138.91174
22304.0,143.2335
22305.0,164.46886
22306.0,168.77065
22307.0,123.02468
22308.0,135.5113
22309.0,132.48831
22310.0,139.91487
22311.0,142.00696
22312.0,161.4655
22313.0,168.28682
22314.0,124.695366
22315.0,138.43129
22316.0,136.04095
22317.0,140.57057
22318.0,141.31747
22319.0,159.6213
22233.0,177.12714
22264.0,124.87229
22292.0,135.09894
22234.0,140.85794
22265.0,137.7785
22293.0,143.91295
22235.0,154.49702
22266.0,171.67747
22294.0,178.91917
22236.0,186.29065
22267.0,131.11078
22295.0,143.41702
22237.0,125.3258
22268.0,126.16497
22296.0,131.45682
22238.0,149.8377
22269.0,153.74638
22297.0,107.2503
22239.0,107.94995
22270.0,117.747345
22298.0,119.63822
22240.0,135.53127
22271.0,140.24503
22299.0,154.89207
22241.0,135.50536
22272.0,140.79517
22300.0,96.211395
23130.0,39.74585
23161.0,120.480736
23189.0,117.64764
23142.0,132.24284
23143.0,138.67868
23144.0,104.40335
23145.0,123.90665
23146.0,129.29924
23147.0,132.6115
23148.0,139.59299
23149.0,150.00058
23150.0,155.0273
23151.0,114.871086
23152.0,126.26074
23153.0,126.81156
23154.0,134.1993
23155.0,138.27417
23156.0,149.8893
23157.0,152.16447
23158.0,112.75197
23159.0,127.80132
23160.0,127.77231
23131.0,143.37543
23162.0,145.01431
23190.0,152.44882
23173.0,134.83331
23174.0,134.69215
23175.0,135.865
23176.0,138.71486
23177.0,148.3431
23178.0,169.86404
23179.0,123.83171
23180.0,136.79034
23181.0,134.20978
23182.0,141.05196
23183.0,144.19164
23184.0,163.60155
23185.0,168.5725
23186.0,123.00173
23187.0,136.96632
23188.0,134.92024
23132.0,149.81349
23163.0,153.90291
23191.0,172.02295
23201.0,135.4798
23202.0,135.50648
23203.0,141.63391
23204.0,146.50668
23205.0,169.37367
23206.0,172.10014
23207.0,124.64227
23208.0,138.0102
23209.0,135.32881
23210.0,143.04597
23211.0,145.74982
23212.0,165.41922
23213.0,170.27605
23214.0,124.564835
23215.0,138.48775
23216.0,137.11418
23217.0,142.31471
23218.0,143.63077
23219.0,163.70789
23133.0,180.75046
23164.0,126.84095
23192.0,137.23872
23134.0,144.87782
23165.0,141.79839
23193.0,148.10083
23135.0,157.88434
23166.0,176.38812
23194.0,182.98917
23136.0,188.31516
23167.0,132.3044
23195.0,144.61064
23137.0,125.24814
23168.0,125.94467
23196.0,131.30293
23138.0,150.63509
23169.0,155.02435
23197.0,107.458534
23139.0,107.42108
23170.0,117.569725
23198.0,119.46057
23140.0,135.3907
23171.0,140.77933
23199.0,155.82318
23141.0,135.61174
23172.0,141.88737
23200.0,96.08018
24030.0,17.220955
24061.0,117.71211
24089.0,114.449646
24042.0,129.60435
24043.0,132.49039
24044.0,101.77064
24045.0,119.62093
24046.0,130.13528
24047.0,135.665
24048.0,139.05295
24049.0,150.94852
24050.0,155.22203
24051.0,116.27433
24052.0,127.83611
24053.0,128.36432
24054.0,135.96242
24055.0,137.80829
24056.0,149.89229
24057.0,152.3843
24058.0,113.216995
24059.0,127.28876
24060.0,130.27814
24031.0,142.66682
24062.0,143.93814
24090.0,153.24628
24073.0,133.25995
24074.0,134.15884
24075.0,137.02415
24076.0,139.1326
24077.0,149.94724
24078.0,169.95743
24079.0,123.90595
24080.0,136.8646
24081.0,134.28403
24082.0,141.1262
24083.0,144.28502
24084.0,163.69493
24085.0,168.66588
24086.0,123.07597
24087.0,137.04057
24088.0,134.99449
24032.0,149.81874
24063.0,153.92729
24091.0,172.04733
24101.0,135.48505
24102.0,135.51173
24103.0,141.70816
24104.0,146.60007
24105.0,169.46706
24106.0,172.19353
24107.0,124.716515
24108.0,138.08444
24109.0,135.40306
24110.0,143.12022
24111.0,145.8432
24112.0,165.5126
24113.0,170.36943
24114.0,124.63908
24115.0,138.562
24116.0,137.18843
24117.0,142.13493
24118.0,143.47012
24119.0,163.54724
24033.0,180.77484
24064.0,126.84619
24092.0,137.24397
24034.0,144.88307
24065.0,141.80363
24093.0,148.10608
24035.0,157.90872
24066.0,176.4125
24094.0,183.01355
24036.0,188.33954
24067.0,132.30965
24095.0,144.61589
24037.0,125.25338
24068.0,125.94991
24096.0,131.32732
24038.0,150.65947
24069.0,155.04874
24097.0,107.463776
24039.0,107.42632
24070.0,117.57497
24098.0,119.46581
24040.0,135.39595
24071.0,140.80371
24099.0,155.84756
24041.0,135.61699
24072.0,141.89262
24100.0,96.08542
24930.0,69.36674
24961.0,125.13039
24989.0,126.99847
24942.0,135.72862
24943.0,136.17155
24944.0,107.99827
24945.0,120.57606
24946.0,127.18996
24947.0,127.61079
24948.0,136.17569
24949.0,146.8357
24950.0,146.72035
24951.0,109.10448
24952.0,123.53136
24953.0,127.58603
24954.0,135.7485
24955.0,136.00232
24956.0,146.03046
24957.0,148.61282
24958.0,113.03712
24959.0,125.750946
24960.0,126.688
24931.0,139.0932
24962.0,146.54297
24990.0,150.21971
24973.0,135.03716
24974.0,133.66199
24975.0,136.93234
24976.0,137.42123
24977.0,148.00021
24978.0,170.57887
24979.0,124.527405
24980.0,137.48604
24981.0,134.90547
24982.0,141.74765
24983.0,144.90646
24984.0,164.31638
24985.0,169.28732
24986.0,123.697426
24987.0,137.66202
24988.0,135.61594
24932.0,150.44019
24963.0,154.54874
24991.0,172.66878
25001.0,136.10649
25002.0,136.13318
25003.0,142.3296
25004.0,147.22151
25005.0,170.0885
25006.0,172.81497
25007.0,125.33797
25008.0,138.70589
25009.0,136.0245
25010.0,143.74167
25011.0,146.46465
25012.0,166.13405
25013.0,170.99088
25014.0,125.26053
25015.0,139.18344
25016.0,137.80988
25017.0,142.75638
25018.0,144.09157
25019.0,164.16869
24933.0,181.39629
24964.0,127.46764
24992.0,137.86542
24934.0,145.50452
24965.0,142.42508
24993.0,148.72752
24935.0,158.53017
24966.0,177.03395
24994.0,183.635
24936.0,188.96098
24967.0,132.93109
24995.0,145.23734
24937.0,125.57421
24968.0,126.270744
24996.0,131.64815
24938.0,150.9803
24969.0,155.36957
24997.0,107.78461
24939.0,107.747154
24970.0,117.8958
24998.0,119.786644
24940.0,135.71678
24971.0,141.12454
24999.0,156.1684
24941.0,135.93782
24972.0,142.21346
25000.0,96.40625
25830.0,57.150307
25861.0,120.42263
25889.0,120.817345
25842.0,129.10999
25843.0,135.60474
25844.0,108.77344
25845.0,123.665596
25846.0,128.72023
25847.0,129.8106
25848.0,138.03583
25849.0,147.51546
25850.0,147.91853
25851.0,115.29026
25852.0,125.44025
25853.0,125.582664
25854.0,125.800575
25855.0,134.92635
25856.0,146.74
25857.0,151.2689
25858.0,111.227486
25859.0,126.55554
25860.0,129.7177
25831.0,133.71779
25862.0,144.29567
25890.0,150.9641
25873.0,132.57626
25874.0,135.7669
25875.0,134.11255
25876.0,136.36542
25877.0,147.05331
25878.0,168.11551
25879.0,120.521774
25880.0,133.87802
25881.0,132.59364
25882.0,138.87216
25883.0,141.39206
25884.0,160.35922
25885.0,167.37311
25886.0,119.13424
25887.0,133.63232
25888.0,133.31363
25832.0,146.76794
25863.0,151.63287
25891.0,169.21288
25901.0,131.64429
25902.0,132.47212
25903.0,138.98381
25904.0,144.02473
25905.0,165.97693
25906.0,169.87944
25907.0,120.52867
25908.0,134.2942
25909.0,132.90901
25910.0,140.06252
25911.0,142.37532
25912.0,161.59975
25913.0,168.52719
25914.0,120.12018
25915.0,134.5766
25916.0,134.93042
25917.0,139.32281
25918.0,140.47609
25919.0,160.04507
25833.0,178.63036
25864.0,123.7407
25892.0,134.9871
25834.0,141.14522
25865.0,138.45677
25893.0,145.1402
25835.0,154.70374
25866.0,172.42213
25894.0,180.08061
25836.0,184.90195
25867.0,128.22652
25895.0,141.38144
25837.0,121.97144
25868.0,122.832344
25896.0,126.954315
25838.0,147.2647
25869.0,152.93962
25897.0,104.85269
25839.0,105.82547
25870.0,115.8756
25898.0,116.60986
25840.0,134.65707
25871.0,138.49121
25899.0,152.74092
25841.0,132.98749
25872.0,139.63733
25900.0,94.0368
26730.0,29.662216
26761.0,117.6094
26789.0,114.90681
26742.0,129.13327
26743.0,134.57297
26744.0,101.628845
26745.0,118.428444
26746.0,133.20747
26747.0,135.54922
26748.0,140.01636
26749.0,150.24438
26750.0,155.77309
26751.0,118.07199
26752.0,128.21524
26753.0,130.99802
26754.0,137.93053
26755.0,138.56882
26756.0,149.25255
26757.0,152.85475
26758.0,114.51988
26759.0,129.43752
26760.0,133.9532
26731.0,143.18661
26762.0,146.01428
26790.0,153.32901
26773.0,137.29384
26774.0,136.51218
26775.0,140.31087
26776.0,140.80695
26777.0,149.76547
26778.0,168.53763
26779.0,121.04621
26780.0,134.40247
26781.0,133.11809
26782.0,139.3966
26783.0,141.9165
26784.0,160.88367
26785.0,167.79523
26786.0,119.658676
26787.0,134.59012
26788.0,134.27142
26732.0,147.29239
26763.0,152.15732
26791.0,169.73732
26801.0,132.16873
26802.0,132.99657
26803.0,139.50826
26804.0,144.54918
26805.0,166.50137
26806.0,170.30156
26807.0,121.05311
26808.0,134.81865
26809.0,133.43346
26810.0,140.58696
26811.0,142.89977
26812.0,162.12419
26813.0,168.94931
26814.0,120.644615
26815.0,135.5344
26816.0,135.88821
26817.0,140.51685
26818.0,141.67012
26819.0,161.2391
26733.0,179.41167
26764.0,124.26516
26792.0,135.51155
26734.0,141.66966
26765.0,138.98122
26793.0,145.66464
26735.0,155.04967
26766.0,172.76807
26794.0,180.68341
26736.0,185.98024
26767.0,129.04794
26795.0,142.20287
26737.0,122.54218
26768.0,123.403076
26796.0,127.5251
26738.0,147.41838
26769.0,153.38394
26797.0,105.65544
26739.0,106.62822
26770.0,116.0293
26798.0,116.40641
26740.0,134.85223
26771.0,138.68637
26799.0,152.57895
26741.0,133.1719
26772.0,139.95724
26800.0,94.87027
27630.0,50.772984
27661.0,121.77112
27689.0,116.75382
27642.0,127.72777
27643.0,136.83984
27644.0,102.39451
27645.0,120.87374
27646.0,129.5697
27647.0,133.50778
27648.0,139.7292
27649.0,150.29874
27650.0,153.93582
27651.0,113.92206
27652.0,126.36373
27653.0,127.81028
27654.0,132.40825
27655.0,136.77199
27656.0,147.49078
27657.0,151.18527
27658.0,112.162346
27659.0,127.31402
27660.0,129.89458
27631.0,140.442
27662.0,145.28505
27690.0,149.4286
27673.0,135.08264
27674.0,134.60994
27675.0,135.42917
27676.0,137.14467
27677.0,146.0256
27678.0,168.53763
27679.0,121.04621
27680.0,134.40247
27681.0,133.11809
27682.0,139.3966
27683.0,141.9165
27684.0,160.88367
27685.0,167.79523
27686.0,119.658676
27687.0,134.59012
27688.0,134.27142
27632.0,147.29239
27663.0,152.15732
27691.0,169.73732
27701.0,132.16873
27702.0,132.99657
27703.0,139.50826
27704.0,144.54918
27705.0,166.50137
27706.0,170.30156
27707.0,121.05311
27708.0,134.81865
27709.0,133.43346
27710.0,140.58696
27711.0,142.89977
27712.0,162.12419
27713.0,168.94931
27714.0,120.644615
27715.0,135.5344
27716.0,135.88821
27717.0,140.51685
27718.0,141.67012
27719.0,161.2391
27633.0,179.41167
27664.0,124.26516
27692.0,135.51155
27634.0,141.6998
27665.0,138.98122
27693.0,145.66464
27635.0,155.04967
27666.0,172.76807
27694.0,180.68341
27636.0,185.98024
27667.0,129.04794
27695.0,142.20287
27637.0,122.54218
27668.0,123.403076
27696.0,127.5251
27638.0,147.41838
27669.0,153.38394
27697.0,105.65544
27639.0,106.62822
27670.0,116.0293
27698.0,116.40641
27640.0,134.85223
27671.0,138.68637
27699.0,152.57895
27641.0,133.28108
27672.0,140.06642
27700.0,94.97944
28530.0,34.834633
28561.0,115.75399
28589.0,113.76414
28542.0,128.28394
28543.0,133.41675
28544.0,101.677956
28545.0,121.296005
28546.0,133.52757
28547.0,136.43558
28548.0,140.36145
28549.0,150.04681
28550.0,156.19173
28551.0,118.839806
28552.0,128.7693
28553.0,129.80855
28554.0,137.03143
28555.0,138.96628
28556.0,149.02339
28557.0,152.81386
28558.0,113.89786
28559.0,129.18022
28560.0,134.28651
28531.0,142.48137
28562.0,145.4046
28590.0,153.45877
28573.0,136.79857
28574.0,138.4723
28575.0,139.36777
28576.0,138.63046
28577.0,148.27129
28578.0,168.56284
28579.0,121.07143
28580.0,134.42767
28581.0,133.1433
28582.0,139.87296
28583.0,142.39285
28584.0,161.36002
28585.0,167.82043
28586.0,119.68389
28587.0,134.61533
28588.0,134.29663
28532.0,147.92532
28563.0,152.79025
28591.0,170.37025
28601.0,132.21477
28602.0,133.0426
28603.0,140.1412
28604.0,145.18213
28605.0,167.13432
28606.0,170.48337
28607.0,121.23491
28608.0,135.00046
28609.0,133.61526
28610.0,141.21991
28611.0,143.53271
28612.0,162.75714
28613.0,169.13112
28614.0,120.82643
28615.0,135.7162
28616.0,136.07002
28617.0,141.1498
28618.0,142.30307
28619.0,161.87206
28533.0,179.59346
28564.0,124.44696
28592.0,135.69336
28534.0,141.725
28565.0,139.00642
28593.0,146.14099
28535.0,155.52602
28566.0,173.24442
28594.0,180.70862
28536.0,186.00545
28567.0,129.07315
28595.0,142.22807
28537.0,122.67572
28568.0,123.879425
28596.0,128.0015
28538.0,147.89473
28569.0,153.40915
28597.0,105.40017
28539.0,106.34773
28570.0,115.74881
28598.0,116.12594
28540.0,134.91742
28571.0,139.03204
28599.0,152.92462
28541.0,133.73222
28572.0,140.06642
28600.0,94.69897
29430.0,55.06279
29461.0,115.8682
29489.0,117.47434
29442.0,130.99103
29443.0,132.12729
29444.0,103.086876
29445.0,130.63666
29446.0,129.85349
29447.0,132.64499
29448.0,137.61716
29449.0,148.4244
29450.0,149.11983
29451.0,115.492195
29452.0,126.54273
29453.0,127.78544
29454.0,127.03445
29455.0,136.66989
29456.0,146.24881
29457.0,149.68625
29458.0,113.61062
29459.0,128.26347
29460.0,129.51768
29431.0,141.68317
29462.0,144.56343
29490.0,148.96481
29473.0,134.37401
29474.0,133.47528
29475.0,139.3356
29476.0,137.18391
29477.0,144.35474
29478.0,168.53255
29479.0,120.884735
29480.0,134.241
29481.0,132.95662
29482.0,139.68628
29483.0,141.82509
29484.0,160.92223
29485.0,167.38264
29486.0,119.08968
29487.0,134.02115
29488.0,133.70245
29432.0,147.72217
29463.0,152.61354
29491.0,170.32352
29501.0,132.01163
29502.0,132.83946
29503.0,139.95453
29504.0,145.02187
29505.0,167.00314
29506.0,170.35219
29507.0,121.04822
29508.0,134.81378
29509.0,133.42859
29510.0,141.03323
29511.0,142.96495
29512.0,162.21846
29513.0,168.59244
29514.0,120.23222
29515.0,135.12202
29516.0,135.47585
29517.0,140.55562
29518.0,141.7353
29519.0,161.33337
29433.0,179.44582
29464.0,124.06817
29492.0,135.31459
29434.0,141.34624
29465.0,138.62766
29493.0,145.76222
29435.0,155.06013
29466.0,172.80762
29494.0,180.27182
29436.0,185.57565
29467.0,128.69437
29495.0,141.84932
29437.0,122.2712
29468.0,123.47491
29496.0,127.51681
29438.0,147.70998
29469.0,152.97876
29497.0,104.99565
29439.0,105.943214
29470.0,115.34429
29498.0,115.72142
29440.0,134.51291
29471.0,138.41754
29499.0,152.73987
29441.0,133.26813
29472.0,139.35669
29500.0,94.29445
30330.0,22.035942
30361.0,116.08704
30389.0,112.40683
30342.0,127.10583
30343.0,132.93932
30344.0,99.28534
30345.0,119.372314
30346.0,132.66014
30347.0,137.6238
30348.0,140.16852
30349.0,150.03043
30350.0,155.38823
30351.0,117.92954
30352.0,129.09174
30353.0,131.7594
30354.0,139.0696
30355.0,139.06442
30356.0,148.76842
30357.0,152.90742
30358.0,115.12896
30359.0,130.19035
30360.0,134.7603
30331.0,143.83772
30362.0,144.27185
30390.0,151.79526
30373.0,136.44801
30374.0,137.36131
30375.0,140.46391
30376.0,140.58932
30377.0,149.90588
30378.0,168.20456
30379.0,120.76599
30380.0,134.12225
30381.0,132.83788
30382.0,139.4231
30383.0,141.5619
30384.0,160.45383
30385.0,166.66504
30386.0,118.58135
30387.0,133.51279
30388.0,133.19409
30332.0,147.75262
30363.0,152.64397
30391.0,170.14871
30401.0,132.04207
30402.0,132.8699
30403.0,139.98497
30404.0,145.0523
30405.0,166.82837
30406.0,170.17339
30407.0,121.078674
30408.0,134.84422
30409.0,133.45903
30410.0,140.7176
30411.0,142.64932
30412.0,161.69762
30413.0,167.82239
30414.0,119.67143
30415.0,134.56122
30416.0,134.91504
30417.0,140.30147
30418.0,141.48116
30419.0,160.87401
30333.0,179.26817
30364.0,124.55477
30392.0,135.8012
30334.0,141.31233
30365.0,138.45706
30393.0,145.345
30335.0,154.77846
30366.0,172.32074
30394.0,179.78088
30336.0,185.08472
30367.0,128.55244
30395.0,141.7074
30337.0,121.824104
30368.0,123.187645
30396.0,127.22954
30338.0,147.27193
30369.0,152.53665
30397.0,104.54855
30339.0,105.60298
30370.0,115.00406
30398.0,115.38119
30340.0,134.23123
30371.0,138.13586
30399.0,152.33585
30341.0,132.8641
30372.0,138.88675
30400.0,94.05341
31230.0,50.82615
31261.0,113.96846
31289.0,116.88857
31242.0,128.3224
31243.0,132.12488
31244.0,107.63949
31245.0,124.09156
31246.0,129.32144
31247.0,132.2663
31248.0,140.24731
31249.0,145.1961
31250.0,153.48184
31251.0,116.70576
31252.0,126.59375
31253.0,127.48652
31254.0,133.52965
31255.0,137.2964
31256.0,145.00946
31257.0,148.16458
31258.0,113.66228
31259.0,128.23302
31260.0,129.87794
31231.0,142.59552
31262.0,143.53273
31290.0,148.90123
31273.0,134.25526
31274.0,134.71721
31275.0,135.65567
31276.0,136.36421
31277.0,146.95847
31278.0,168.20456
31279.0,120.76599
31280.0,134.12225
31281.0,132.83788
31282.0,139.4231
31283.0,141.5619
31284.0,160.45383
31285.0,166.66504
31286.0,118.58135
31287.0,133.51279
31288.0,133.19409
31232.0,147.75262
31263.0,152.64397
31291.0,170.14871
31301.0,132.04207
31302.0,132.8699
31303.0,139.98497
31304.0,145.0523
31305.0,166.82837
31306.0,170.17339
31307.0,121.078674
31308.0,134.84422
31309.0,133.45903
31310.0,140.7176
31311.0,142.64932
31312.0,161.69762
31313.0,167.82239
31314.0,119.67143
31315.0,134.56122
31316.0,134.91504
31317.0,140.30147
31318.0,141.48116
31319.0,160.87401
31233.0,179.26817
31264.0,124.55477
31292.0,135.8012
31234.0,141.31233
31265.0,138.45706
31293.0,145.345
31235.0,154.77846
31266.0,172.32074
31294.0,179.78088
31236.0,185.08472
31267.0,128.55244
31295.0,141.7074
31237.0,121.824104
31268.0,123.187645
31296.0,127.22954
31238.0,147.27193
31269.0,152.53665
31297.0,104.54855
31239.0,105.60298
31270.0,115.00406
31298.0,115.38119
31240.0,134.23123
31271.0,138.13586
31299.0,152.33585
31241.0,132.8641
31272.0,138.88675
31300.0,94.05341
32130.0,65.945496
32161.0,123.21515
32189.0,121.00509
32142.0,130.42331
32143.0,143.01727
32144.0,105.88989
32145.0,125.35742
32146.0,128.54437
32147.0,131.80786
32148.0,138.52708
32149.0,144.50304
32150.0,147.47594
32151.0,114.75724
32152.0,127.34391
32153.0,127.903915
32154.0,133.71678
32155.0,135.71677
32156.0,146.1354
32157.0,147.23093
32158.0,112.16371
32159.0,123.914825
32160.0,130.42943
32131.0,136.17029
32162.0,143.22078
32190.0,149.53793
32173.0,133.893
32174.0,133.34372
32175.0,129.75034
32176.0,137.65645
32177.0,143.55383
32178.0,168.07103
32179.0,120.63245
32180.0,133.98872
32181.0,132.70435
32182.0,139.47931
32183.0,142.21715
32184.0,160.3203
32185.0,166.53151
32186.0,118.44779
32187.0,133.37926
32188.0,133.06056
32132.0,147.54562
32163.0,152.29335
32191.0,169.75198
32201.0,131.95868
32202.0,132.78651
32203.0,140.04118
32204.0,145.70755
32205.0,166.69484
32206.0,170.03986
32207.0,120.945114
32208.0,134.7107
32209.0,133.3255
32210.0,140.77382
32211.0,143.30457
32212.0,161.56409
32213.0,167.68886
32214.0,119.53789
32215.0,134.42769
32216.0,134.78151
32217.0,140.35767
32218.0,142.1364
32219.0,160.74048
32133.0,178.87141
32164.0,124.20887
32192.0,135.45528
32134.0,140.96642
32165.0,138.11115
32193.0,145.18883
32135.0,154.47867
32166.0,171.97481
32194.0,179.43498
32136.0,184.5032
32167.0,128.06673
32195.0,141.12589
32137.0,121.154465
32168.0,122.70775
32196.0,127.10926
32138.0,146.78732
32169.0,152.05205
32197.0,104.15969
32139.0,105.21412
32170.0,114.51943
32198.0,114.89656
32140.0,133.93637
32171.0,138.20064
32199.0,151.85124
32141.0,132.57875
32172.0,138.35414
32200.0,93.71684
33030.0,24.038374
33061.0,117.158066
33089.0,113.43001
33042.0,129.65572
33043.0,135.72398
33044.0,101.709724
33045.0,120.87386
33046.0,134.54173
33047.0,137.1243
33048.0,141.39249
33049.0,152.78094
33050.0,157.40565
33051.0,120.40052
33052.0,129.9372
33053.0,132.1307
33054.0,139.63605
33055.0,140.81082
33056.0,150.56407
33057.0,154.80052
33058.0,117.63866
33059.0,132.08147
33060.0,135.89912
33031.0,144.13992
33062.0,145.02528
33090.0,153.06068
33073.0,137.29863
33074.0,139.26552
33075.0,142.1566
33076.0,141.96414
33077.0,151.6196
33078.0,168.84367
33079.0,121.72882
33080.0,134.11841
33081.0,132.83403
33082.0,140.1103
33083.0,142.75015
33084.0,160.99661
33085.0,167.6904
33086.0,119.784615
33087.0,133.42973
33088.0,133.11104
33032.0,147.1202
33063.0,151.61646
33091.0,169.74358
33101.0,132.08836
33102.0,132.9162
33103.0,140.67601
33104.0,146.24438
33105.0,167.37498
33106.0,171.23462
33107.0,122.04149
33108.0,134.84038
33109.0,133.45518
33110.0,141.40482
33111.0,143.83757
33112.0,162.2404
33113.0,168.81721
33114.0,120.43791
33115.0,134.04138
33116.0,134.3952
33117.0,140.59256
33118.0,142.2733
33119.0,160.69513
33033.0,179.37766
33064.0,126.05012
33092.0,136.32986
33034.0,142.06332
33065.0,139.20805
33093.0,144.98572
33035.0,154.1461
33066.0,171.12926
33094.0,179.10402
33036.0,184.26474
33067.0,130.1231
33095.0,142.21556
33037.0,123.00013
33068.0,123.52337
33096.0,128.0167
33038.0,146.69295
33069.0,152.74226
33097.0,106.85317
33039.0,107.392426
33070.0,116.58062
33098.0,117.202965
33040.0,134.90363
33071.0,139.24942
33099.0,152.67831
33041.0,133.15666
33072.0,140.19058
33100.0,96.88635
33930.0,68.9335
33961.0,115.97331
33989.0,120.20418
33942.0,130.77682
33943.0,130.01997
33944.0,113.627075
33945.0,124.01235
33946.0,123.58553
33947.0,132.86606
33948.0,138.96907
33949.0,146.64938
33950.0,149.99579
33951.0,110.01527
33952.0,121.138504
33953.0,121.61714
33954.0,132.41106
33955.0,135.84976
33956.0,145.45395
33957.0,148.5871
33958.0,112.85024
33959.0,122.12346
33960.0,130.37694
33931.0,133.05711
33962.0,143.2198
33990.0,148.79121
33973.0,135.00058
33974.0,135.03265
33975.0,136.48392
33976.0,136.18448
33977.0,143.08734
33978.0,168.92894
33979.0,121.8141
33980.0,134.20268
33981.0,132.9183
33982.0,140.19458
33983.0,142.83443
33984.0,161.08089
33985.0,167.66513
33986.0,119.75934
33987.0,133.40446
33988.0,133.08577
33932.0,147.2104
33963.0,151.70667
33991.0,169.83379
34001.0,132.17857
34002.0,133.00641
34003.0,140.76622
34004.0,146.3346
34005.0,167.46025
34006.0,171.31989
34007.0,122.12677
34008.0,134.92465
34009.0,133.53946
34010.0,141.48909
34011.0,143.92184
34012.0,162.32468
34013.0,168.79195
34014.0,120.412636
34015.0,134.01611
34016.0,134.36993
34017.0,140.56729
34018.0,142.24803
34019.0,160.66986
33933.0,179.46786
33964.0,126.14034
33992.0,136.42007
33934.0,142.15353
33965.0,139.29826
33993.0,145.07593
33935.0,154.23631
33966.0,171.21947
33994.0,179.19423
33936.0,184.35495
33967.0,130.2133
33995.0,142.30577
33937.0,123.090355
33968.0,123.613594
33996.0,128.1069
33938.0,146.78316
33969.0,152.83247
33997.0,106.9434
33939.0,107.48265
33970.0,116.670845
33998.0,117.29319
33940.0,134.99384
33971.0,139.33963
33999.0,152.76852
33941.0,133.24687
33972.0,140.28079
34000.0,96.88635
34830.0,36.59693
34861.0,119.5423
34889.0,115.69855
34842.0,131.00099
34843.0,134.34698
34844.0,104.26246
34845.0,119.68665
34846.0,133.11397
34847.0,137.90309
34848.0,142.95792
34849.0,153.39601
34850.0,160.02115
34851.0,120.721794
34852.0,130.24062
34853.0,133.01172
34854.0,137.64594
34855.0,142.02098
34856.0,150.34192
34857.0,155.09015
34858.0,119.33247
34859.0,132.4266
34860.0,133.15855
34831.0,145.19502
34862.0,147.81348
34890.0,154.40207
34873.0,141.13708
34874.0,140.18114
34875.0,141.0553
34876.0,141.36378
34877.0,151.78831
34878.0,168.55064
34879.0,123.90438
34880.0,135.84605
34881.0,133.99094
34882.0,140.76756
34883.0,144.32146
34884.0,160.93544
34885.0,167.47562
34886.0,121.14302
34887.0,134.7556
34888.0,134.18121
34832.0,149.46642
34863.0,154.19495
34891.0,170.18727
34901.0,134.4837
34902.0,134.8561
34903.0,142.83485
34904.0,148.56142
34905.0,167.62834
34906.0,170.92313
34907.0,124.7194
34908.0,137.07034
34909.0,135.11441
34910.0,142.56439
34911.0,145.9112
34912.0,162.17923
34913.0,168.08165
34914.0,121.7963
34915.0,135.36725
34916.0,135.46538
34917.0,141.66273
34918.0,144.39708
34919.0,160.68411
34833.0,178.83327
34864.0,128.36246
34892.0,138.64969
34834.0,142.83975
34865.0,140.514
34893.0,146.84756
34835.0,155.76794
34866.0,171.31595
34894.0,178.80138
34836.0,183.48087
34867.0,132.4162
34895.0,144.51614
34837.0,124.70611
34868.0,125.22092
34896.0,128.7815
34838.0,146.0433
34869.0,151.10458
34897.0,107.92482
34839.0,108.46407
34870.0,117.65979
34898.0,117.92737
34840.0,136.70544
34871.0,140.5448
34899.0,152.18001
34841.0,134.31575
34872.0,140.36163
34900.0,97.73532
35730.0,23.192205
35761.0,116.79709
35789.0,114.362175
35742.0,129.9275
35743.0,132.94777
35744.0,100.96228
35745.0,120.130135
35746.0,136.51927
35747.0,141.52972
35748.0,142.59355
35749.0,152.97568
35750.0,158.92026
35751.0,122.01219
35752.0,131.01321
35753.0,133.7677
35754.0,141.2218
35755.0,141.82924
35756.0,150.31818
35757.0,154.36166
35758.0,118.65879
35759.0,131.71179
35760.0,135.22371
35731.0,147.47816
35762.0,147.14969
35790.0,155.26431
35773.0,140.12723
35774.0,141.24265
35775.0,143.22351
35776.0,143.55684
35777.0,152.5207
35778.0,167.88513
35779.0,123.90438
35780.0,135.84605
35781.0,133.99094
35782.0,140.76756
35783.0,144.32146
35784.0,159.53607
35785.0,165.80602
35786.0,121.14302
35787.0,134.7556
35788.0,134.18121
35732.0,149.46642
35763.0,154.19495
35791.0,169.73436
35801.0,134.4837
35802.0,134.8561
35803.0,142.83485
35804.0,148.56142
35805.0,166.51532
35806.0,170.25761
35807.0,124.7194
35808.0,137.07034
35809.0,135.11441
35810.0,142.56439
35811.0,145.9112
35812.0,160.77986
35813.0,166.41205
35814.0,121.7963
35815.0,135.36725
35816.0,135.46538
35817.0,141.66273
35818.0,144.39708
35819.0,159.28474
35733.0,178.41655
35764.0,128.36246
35792.0,138.64969
35734.0,142.83975
35765.0,140.514
35793.0,146.84756
35735.0,155.78976
35766.0,170.88483
35794.0,178.40648
35736.0,183.08597
35767.0,132.20294
35795.0,144.53796
35737.0,124.72793
35768.0,125.24274
35796.0,128.80331
35738.0,145.59036
35769.0,150.68787
35797.0,107.92482
35739.0,108.46407
35770.0,117.65979
35798.0,117.92737
35740.0,136.70544
35771.0,140.5448
35799.0,151.7271
35741.0,133.86284
35772.0,139.94492
35800.0,97.73532
36630.0,18.067286
36661.0,115.991104
36689.0,112.95252
36642.0,130.56477
36643.0,132.2477
36644.0,101.45619
36645.0,118.46977
36646.0,135.54994
36647.0,141.17145
36648.0,142.71199
36649.0,152.8803
36650.0,158.69827
36651.0,122.20272
36652.0,131.24338
36653.0,133.26913
36654.0,140.79092
36655.0,141.49379
36656.0,149.611
36657.0,155.03943
36658.0,118.29054
36659.0,131.40002
36660.0,135.18846
36631.0,147.45824
36662.0,146.41675
36690.0,155.26431
36673.0,139.98297
36674.0,141.4306
36675.0,143.0476
36676.0,143.09874
36677.0,152.30351
36678.0,167.88513
36679.0,123.9071
36680.0,135.84875
36681.0,133.99364
36682.0,140.77026
36683.0,144.32146
36684.0,159.53607
36685.0,165.80602
36686.0,121.14574
36687.0,134.7583
36688.0,134.18391
36632.0,149.4691
36663.0,154.19495
36691.0,169.73436
36701.0,134.4864
36702.0,134.8588
36703.0,142.83755
36704.0,148.56142
36705.0,166.51532
36706.0,170.25761
36707.0,124.722115
36708.0,137.07304
36709.0,135.11711
36710.0,142.5671
36711.0,145.9112
36712.0,160.77986
36713.0,166.41205
36714.0,121.79902
36715.0,135.36995
36716.0,135.46808
36717.0,141.66544
36718.0,144.39708
36719.0,159.28474
36633.0,178.41655
36664.0,128.36516
36692.0,138.65239
36634.0,142.57672
36665.0,140.51671
36693.0,146.85028
36635.0,155.78976
36666.0,170.88483
36694.0,178.40648
36636.0,183.08597
36667.0,132.43787
36695.0,144.77289
36637.0,124.80226
36668.0,125.31705
36696.0,128.80331
36638.0,145.59036
36669.0,150.68787
36697.0,108.15976
36639.0,108.69901
36670.0,117.89473
36698.0,118.00169
36640.0,136.77975
36671.0,140.5448
36699.0,151.7271
36641.0,133.86284
36672.0,139.94492
36700.0,97.97026
37530.0,29.905348
37561.0,118.85213
37589.0,113.50514
37542.0,131.49437
37543.0,134.71439
37544.0,102.1314
37545.0,120.03653
37546.0,136.234
37547.0,140.10065
37548.0,142.90608
37549.0,152.97568
37550.0,158.80728
37551.0,121.5167
37552.0,129.82005
37553.0,132.89104
37554.0,141.62247
37555.0,141.96355
37556.0,150.05511
37557.0,154.87
37558.0,119.045425
37559.0,132.389
37560.0,135.09656
37531.0,147.47058
37562.0,146.9537
37590.0,155.82028
37573.0,139.84018
37574.0,140.12804
37575.0,144.49808
37576.0,143.88344
37577.0,152.5207
37578.0,167.88513
37579.0,123.9071
37580.0,135.84875
37581.0,133.99364
37582.0,140.77026
37583.0,144.32146
37584.0,159.53607
37585.0,165.80602
37586.0,121.14574
37587.0,134.7583
37588.0,134.18391
37532.0,149.4691
37563.0,154.19495
37591.0,169.73436
37601.0,134.4864
37602.0,134.8588
37603.0,142.83755
37604.0,148.56142
37605.0,166.51532
37606.0,170.25761
37607.0,124.722115
37608.0,137.07304
37609.0,135.11711
37610.0,142.5671
37611.0,145.9112
37612.0,160.77986
37613.0,166.41205
37614.0,121.79902
37615.0,135.36995
37616.0,135.46808
37617.0,141.66544
37618.0,144.39708
37619.0,159.28474
37533.0,178.41655
37564.0,128.36516
37592.0,138.65239
37534.0,142.57672
37565.0,140.51671
37593.0,146.85028
37535.0,155.78976
37566.0,170.88483
37594.0,178.40648
37536.0,183.08597
37567.0,132.43787
37595.0,144.77289
37537.0,124.80226
37568.0,125.31705
37596.0,128.80331
37538.0,145.59036
37569.0,150.68787
37597.0,108.15976
37539.0,108.69901
37570.0,117.89473
37598.0,118.00169
37540.0,136.77975
37571.0,140.5448
37599.0,151.7271
37541.0,133.86284
37572.0,139.94492
37600.0,97.97026
38430.0,40.67548
38461.0,117.934555
38489.0,115.05021
38442.0,129.87865
38443.0,134.57133
38444.0,104.514915
38445.0,121.27608
38446.0,133.08669
38447.0,138.21722
38448.0,143.00539
38449.0,151.05711
38450.0,159.2904
38451.0,118.947365
38452.0,130.24428
38453.0,128.92268
38454.0,137.99384
38455.0,141.80913
38456.0,150.03989
38457.0,155.35281
38458.0,117.741486
38459.0,130.19565
38460.0,131.86406
38431.0,144.77916
38462.0,147.55682
38490.0,154.47018
38473.0,140.84909
38474.0,138.37888
38475.0,142.53511
38476.0,141.53716
38477.0,150.4817
38478.0,167.88513
38479.0,123.9071
38480.0,135.84875
38481.0,133.99364
38482.0,140.77026
38483.0,144.32146
38484.0,159.53607
38485.0,165.80602
38486.0,121.14574
38487.0,134.7583
38488.0,134.18391
38432.0,149.4691
38463.0,154.19495
38491.0,169.73436
38501.0,134.4864
38502.0,134.8588
38503.0,142.83755
38504.0,148.56142
38505.0,166.51532
38506.0,170.25761
38507.0,124.722115
38508.0,137.07304
38509.0,135.11711
38510.0,142.5671
38511.0,145.9112
38512.0,160.77986
38513.0,166.41205
38514.0,121.79902
38515.0,135.36995
38516.0,135.46808
38517.0,141.66544
38518.0,144.39708
38519.0,159.28474
38433.0,178.41655
38464.0,128.36516
38492.0,138.65239
38434.0,142.57672
38465.0,140.51671
38493.0,146.85028
38435.0,155.78976
38466.0,170.88483
38494.0,178.40648
38436.0,183.08597
38467.0,132.43787
38495.0,144.77289
38437.0,124.80226
38468.0,125.31705
38496.0,128.80331
38438.0,145.59036
38469.0,150.68787
38497.0,108.15976
38439.0,108.69901
38470.0,117.89473
38498.0,118.00169
38440.0,136.9606
38471.0,140.72565
38499.0,151.90794
38441.0,133.86284
38472.0,139.94492
38500.0,97.97026
39330.0,24.02113
39361.0,116.75207
39389.0,112.332756
39342.0,128.58368
39343.0,134.27365
39344.0,100.8187
39345.0,119.80982
39346.0,136.5963
39347.0,141.73218
39348.0,142.7171
39349.0,152.21945
39350.0,158.21231
39351.0,121.432396
39352.0,131.64935
39353.0,132.52567
39354.0,141.17505
39355.0,141.40901
39356.0,149.03912
39357.0,153.65375
39358.0,118.3388
39359.0,131.50467
39360.0,135.98381
39331.0,148.36732
39362.0,146.0043
39390.0,154.8494
39373.0,140.11679
39374.0,140.57825
39375.0,144.83813
39376.0,143.41695
39377.0,151.56194
39378.0,167.97105
39379.0,123.99303
39380.0,135.93468
39381.0,134.07956
39382.0,140.85619
39383.0,144.40738
39384.0,159.622
39385.0,165.80602
39386.0,121.14574
39387.0,134.7583
39388.0,134.18391
39332.0,149.55502
39363.0,154.28087
39391.0,169.82028
39401.0,134.57233
39402.0,134.94472
39403.0,142.92348
39404.0,148.64734
39405.0,166.60124
39406.0,170.34354
39407.0,124.808044
39408.0,137.15897
39409.0,135.20303
39410.0,142.65302
39411.0,145.99712
39412.0,160.46571
39413.0,166.01198
39414.0,121.39895
39415.0,134.96988
39416.0,135.06801
39417.0,141.26537
39418.0,143.99701
39419.0,158.88467
39333.0,178.50247
39364.0,128.45108
39392.0,138.73831
39334.0,142.66264
39365.0,140.60263
39393.0,146.9362
39335.0,155.87569
39366.0,170.97075
39394.0,178.4924
39336.0,183.17189
39367.0,132.52379
39395.0,144.85881
39337.0,124.88819
39368.0,125.40298
39396.0,128.88924
39338.0,145.67628
39369.0,150.77379
39397.0,108.24569
39339.0,108.73098
39370.0,117.9267
39398.0,118.03366
39340.0,136.99257
39371.0,140.75761
39399.0,151.93991
39341.0,133.8948
39372.0,139.97688
39400.0,98.00223
40230.0,65.71833
40261.0,122.349266
40289.0,114.85508
40242.0,129.42807
40243.0,137.8651
40244.0,116.35505
40245.0,120.12513
40246.0,131.10938
40247.0,128.99258
40248.0,140.21991
40249.0,149.27339
40250.0,149.17831
40251.0,117.346924
40252.0,127.365776
40253.0,128.41917
40254.0,133.31049
40255.0,140.07556
40256.0,145.02675
40257.0,147.26541
40258.0,116.04302
40259.0,124.63548
40260.0,124.07303
40231.0,140.59932
40262.0,145.35657
40290.0,150.14215
40273.0,138.81096
40274.0,136.2782
40275.0,131.71556
40276.0,133.5932
40277.0,148.71794
40278.0,168.76135
40279.0,124.68963
40280.0,136.63126
40281.0,134.77614
40282.0,141.55276
40283.0,145.11363
40284.0,160.34253
40285.0,166.52655
40286.0,121.84232
40287.0,135.55295
40288.0,134.97856
40232.0,150.25159
40263.0,154.97743
40291.0,170.60092
40301.0,135.2689
40302.0,135.6413
40303.0,143.62006
40304.0,149.35359
40305.0,167.39154
40306.0,171.13383
40307.0,125.50463
40308.0,137.85555
40309.0,135.89961
40310.0,143.3496
40311.0,146.70337
40312.0,161.18625
40313.0,166.73251
40314.0,122.09555
40315.0,135.76453
40316.0,135.86266
40317.0,142.16144
40318.0,144.90276
40319.0,159.20708
40233.0,179.13347
40264.0,129.14766
40292.0,139.43489
40234.0,143.35922
40265.0,141.29921
40293.0,147.63278
40235.0,156.67842
40266.0,171.85753
40294.0,179.37918
40236.0,183.90904
40267.0,133.35542
40295.0,145.69044
40237.0,125.667274
40268.0,125.82782
40296.0,129.3141
40238.0,146.01244
40269.0,151.25957
40297.0,108.99688
40239.0,109.48217
40270.0,118.67789
40298.0,118.78485
40240.0,137.74376
40271.0,141.5088
40299.0,152.42569
40241.0,134.23096
40272.0,140.46266
40300.0,99.08902
41130.0,49.52868
41161.0,122.07959
41189.0,115.848656
41142.0,126.68647
41143.0,131.86168
41144.0,102.57687
41145.0,124.10028
41146.0,132.20673
41147.0,136.2161
41148.0,141.93639
41149.0,148.5049
41150.0,155.7733
41151.0,119.342705
41152.0,127.445816
41153.0,130.547
41154.0,134.55193
41155.0,139.37636
41156.0,146.3338
41157.0,151.53714
41158.0,115.93977
41159.0,129.41881
41160.0,135.08705
41131.0,144.56644
41162.0,145.03357
41190.0,149.80704
41173.0,138.54578
41174.0,140.04669
41175.0,141.27637
41176.0,140.77046
41177.0,146.59985
41178.0,168.68686
41179.0,125.150246
41180.0,137.09184
41181.0,135.23672
41182.0,142.29405
41183.0,145.19243
41184.0,160.42279
41185.0,166.12497
41186.0,122.398506
41187.0,136.10912
41188.0,135.53473
41132.0,150.31192
41163.0,154.56041
41191.0,169.93237
41201.0,135.80556
41202.0,136.17795
41203.0,144.09729
41204.0,149.35345
41205.0,167.20354
41206.0,170.99992
41207.0,125.9652
41208.0,138.31613
41209.0,136.3602
41210.0,144.03146
41211.0,146.72275
41212.0,161.20709
41213.0,166.27151
41214.0,122.596695
41215.0,136.26569
41216.0,136.36382
41217.0,142.6626
41218.0,144.98155
41219.0,159.73079
41133.0,178.00905
41164.0,129.2217
41192.0,139.50893
41134.0,143.43326
41165.0,141.37325
41193.0,147.70682
41135.0,156.25595
41166.0,171.25662
41194.0,177.81248
41136.0,182.08963
41167.0,133.82979
41195.0,145.92976
41137.0,125.23204
41168.0,125.392525
41196.0,128.57191
41138.0,145.65833
41169.0,150.11075
41197.0,108.8158
41139.0,108.72029
41170.0,117.91599
41198.0,118.02297
41140.0,136.95259
41171.0,140.41081
41199.0,151.25116
41141.0,132.68346
41172.0,137.9753
41200.0,97.77529
42030.0,18.475243
42061.0,114.9195
42089.0,111.77042
42042.0,127.8009
42043.0,130.39404
42044.0,101.21487
42045.0,117.99406
42046.0,133.71121
42047.0,139.96523
42048.0,140.6908
42049.0,150.12683
42050.0,157.40822
42051.0,120.51973
42052.0,129.98203
42053.0,131.3052
42054.0,140.28827
42055.0,138.30632
42056.0,147.22559
42057.0,152.48184
42058.0,118.206924
42059.0,131.2557
42060.0,134.67482
42031.0,146.38669
42062.0,143.86293
42090.0,152.67577
42073.0,139.0365
42074.0,138.22128
42075.0,141.43967
42076.0,141.89537
42077.0,149.24727
42078.0,168.16045
42079.0,123.40795
42080.0,135.48541
42081.0,133.6303
42082.0,140.68762
42083.0,144.10083
42084.0,159.33119
42085.0,165.59856
42086.0,120.79212
42087.0,135.39711
42088.0,134.82272
42032.0,149.41225
42063.0,153.61188
42091.0,168.98384
42101.0,133.9437
42102.0,134.31609
42103.0,142.23543
42104.0,148.14235
42105.0,165.99243
42106.0,170.47351
42107.0,124.11117
42108.0,136.59795
42109.0,134.64201
42110.0,142.31328
42111.0,145.5194
42112.0,160.00374
42113.0,165.63335
42114.0,120.87857
42115.0,135.44193
42116.0,135.54005
42117.0,141.89449
42118.0,144.72827
42119.0,159.41873
42033.0,177.62569
42064.0,128.32199
42092.0,138.60922
42034.0,142.53355
42065.0,140.47354
42093.0,146.8071
42035.0,155.1934
42066.0,170.19405
42094.0,177.44913
42036.0,181.72626
42067.0,132.82393
42095.0,144.9239
42037.0,124.73313
42068.0,124.8937
42096.0,128.01634
42038.0,144.98541
42069.0,150.13705
42097.0,108.213455
42039.0,108.11794
42070.0,117.31366
42098.0,117.42062
42040.0,137.12152
42071.0,140.50916
42099.0,151.34953
42041.0,132.23923
42072.0,138.0016
42100.0,97.21153
42930.0,41.104504
42961.0,116.165245
42989.0,115.05607
42942.0,129.8982
42943.0,136.1967
42944.0,103.91423
42945.0,120.67932
42946.0,130.94318
42947.0,139.97536
42948.0,140.1451
42949.0,149.94699
42950.0,154.25594
42951.0,120.71993
42952.0,130.00029
42953.0,130.14427
42954.0,136.05206
42955.0,139.88081
42956.0,145.49101
42957.0,153.01407
42958.0,117.51102
42959.0,130.24393
42960.0,132.98366
42931.0,143.764
42962.0,144.63535
42990.0,152.98466
42973.0,137.94661
42974.0,138.07109
42975.0,136.86168
42976.0,140.8352
42977.0,148.0288
42978.0,168.16045
42979.0,123.40795
42980.0,135.48541
42981.0,133.6303
42982.0,140.68762
42983.0,144.10083
42984.0,159.33119
42985.0,165.59856
42986.0,120.79212
42987.0,135.39711
42988.0,134.82272
42932.0,149.41225
42963.0,153.61188
42991.0,168.98384
43001.0,133.9437
43002.0,134.31609
43003.0,142.23543
43004.0,148.14235
43005.0,165.99243
43006.0,170.47351
43007.0,124.11117
43008.0,136.59795
43009.0,134.64201
43010.0,142.31328
43011.0,145.5194
43012.0,160.00374
43013.0,165.63335
43014.0,120.87857
43015.0,135.44193
43016.0,135.54005
43017.0,141.89449
43018.0,144.72827
43019.0,159.41873
42933.0,177.62569
42964.0,128.32199
42992.0,138.60922
42934.0,142.53355
42965.0,140.47354
42993.0,146.8071
42935.0,155.1934
42966.0,170.19405
42994.0,177.44913
42936.0,181.72626
42967.0,132.82393
42995.0,144.9239
42937.0,124.73313
42968.0,124.8937
42996.0,128.01634
42938.0,144.98541
42969.0,150.13705
42997.0,108.213455
42939.0,108.11794
42970.0,117.31366
42998.0,117.42062
42940.0,137.12152
42971.0,140.50916
42999.0,151.34953
42941.0,132.23923
42972.0,138.0016
43000.0,97.21153
43830.0,22.867207
43861.0,114.6811
43889.0,112.89813
43842.0,128.64507
43843.0,132.8329
43844.0,100.87209
43845.0,119.97586
43846.0,134.39725
43847.0,139.27919
43848.0,140.6908
43849.0,150.45697
43850.0,157.6302
43851.0,120.849884
43852.0,130.88171
43853.0,130.96844
43854.0,138.9318
43855.0,139.01634
43856.0,147.65857
43857.0,152.61789
43858.0,119.76453
43859.0,132.52261
43860.0,136.22572
43831.0,146.38669
43862.0,144.05699
43890.0,152.43593
43873.0,140.0947
43874.0,139.5257
43875.0,142.78711
43876.0,141.62056
43877.0,149.78725
43878.0,168.16045
43879.0,123.40795
43880.0,135.48541
43881.0,133.6303
43882.0,140.68762
43883.0,144.10083
43884.0,159.33119
43885.0,165.59856
43886.0,120.79212
43887.0,135.39711
43888.0,134.82272
43832.0,149.41225
43863.0,153.61188
43891.0,168.98384
43901.0,133.9437
43902.0,134.31609
43903.0,142.23543
43904.0,148.14235
43905.0,165.99243
43906.0,170.47351
43907.0,124.11117
43908.0,136.59795
43909.0,134.64201
43910.0,142.31328
43911.0,145.5194
43912.0,160.00374
43913.0,165.63335
43914.0,120.87857
43915.0,135.44193
43916.0,135.54005
43917.0,141.89449
43918.0,144.72827
43919.0,159.25159
43833.0,177.62569
43864.0,128.32199
43892.0,138.60922
43834.0,142.53355
43865.0,140.47354
43893.0,146.8071
43835.0,155.15672
43866.0,170.08432
43894.0,177.3394
43836.0,182.16003
43867.0,132.78725
43895.0,144.88722
43837.0,124.66758
43868.0,124.82815
43896.0,127.950775
43838.0,144.98541
43869.0,150.13705
43897.0,108.213455
43839.0,108.11794
43870.0,117.31366
43898.0,117.42062
43840.0,137.12152
43871.0,140.50916
43899.0,151.34953
43841.0,132.29008
43872.0,138.0016
43900.0,97.21153
44730.0,53.625362
44761.0,114.46704
44789.0,116.05427
44742.0,130.50774
44743.0,132.90236
44744.0,110.73355
44745.0,126.962
44746.0,130.28783
44747.0,133.98036
44748.0,137.80772
44749.0,147.16763
44750.0,155.21985
44751.0,117.88801
44752.0,127.61183
44753.0,127.234314
44754.0,134.85478
44755.0,139.54587
44756.0,143.03926
44757.0,150.73676
44758.0,116.079636
44759.0,129.30084
44760.0,132.24034
44731.0,142.39491
44762.0,145.54918
44790.0,150.64381
44773.0,137.48265
44774.0,134.24661
44775.0,135.96736
44776.0,137.11687
44777.0,145.977
44778.0,167.83102
44779.0,123.086
44780.0,135.16347
44781.0,133.30835
44782.0,140.36568
44783.0,143.77141
44784.0,159.00177
44785.0,165.26913
44786.0,120.47017
44787.0,135.07516
44788.0,134.50078
44732.0,149.18318
44763.0,153.37537
44791.0,168.74733
44801.0,133.62175
44802.0,133.99414
44803.0,141.91348
44804.0,147.81293
44805.0,165.66301
44806.0,170.14409
44807.0,123.789215
44808.0,136.276
44809.0,134.32007
44810.0,141.99133
44811.0,145.18997
44812.0,159.67432
44813.0,165.30392
44814.0,120.55662
44815.0,135.11998
44816.0,135.21811
44817.0,141.57254
44818.0,144.39885
44819.0,158.92216
44733.0,177.56395
44764.0,128.26773
44792.0,138.55496
44734.0,142.4793
44765.0,140.41928
44793.0,146.75284
44735.0,155.09499
44766.0,170.02258
44794.0,177.27766
44736.0,182.41736
44767.0,133.05205
44795.0,145.15202
44737.0,124.572014
44768.0,124.73258
44796.0,127.847694
44738.0,144.98541
44769.0,150.13705
44797.0,108.22094
44739.0,108.13269
44770.0,117.32841
44798.0,117.43537
44740.0,137.13841
44771.0,140.50916
44799.0,151.34953
44741.0,132.29008
44772.0,138.0016
44800.0,97.22843
720.0,14.960852
751.0,110.404305
779.0,107.34507
732.0,117.0876
733.0,120.01627
734.0,92.95757
735.0,109.245995
736.0,122.395195
737.0,124.8402
738.0,128.86208
739.0,137.6565
740.0,142.22723
741.0,108.87232
742.0,119.83384
743.0,121.65325
744.0,127.7288
745.0,128.91594
746.0,135.61902
747.0,140.56688
748.0,106.15043
749.0,118.864265
750.0,122.040794
721.0,133.12544
752.0,131.97765
780.0,139.75575
763.0,123.11526
764.0,123.936806
765.0,125.87275
766.0,127.89079
767.0,134.73167
768.0,160.66644
769.0,116.5555
770.0,128.18787
771.0,125.159874
772.0,131.84975
773.0,133.67595
774.0,150.42615
775.0,157.00385
776.0,113.2824
777.0,126.47825
778.0,126.017876
722.0,139.98288
753.0,145.32304
781.0,161.48254
791.0,126.54321
792.0,128.1887
793.0,135.03505
794.0,138.14519
795.0,157.32787
796.0,162.12854
797.0,116.84213
798.0,128.88382
799.0,126.058586
800.0,132.65071
801.0,133.828
802.0,151.02463
803.0,157.4315
804.0,114.70966
805.0,127.841576
806.0,128.05367
807.0,133.24008
808.0,131.96582
809.0,150.24971
723.0,171.92741
754.0,120.80299
782.0,132.21445
724.0,133.91669
755.0,135.67386
783.0,142.22513
725.0,149.22713
756.0,169.4868
784.0,174.52711
726.0,173.00777
757.0,124.7062
785.0,137.62128
727.0,116.63652
758.0,123.42061
786.0,127.64672
728.0,143.88661
759.0,149.66444
787.0,102.71874
729.0,101.29402
760.0,115.4979
788.0,117.041565
730.0,129.90787
761.0,137.31941
789.0,149.91765
731.0,129.87704
762.0,137.0407
790.0,92.999435
1620.0,41.748795
1651.0,112.684364
1679.0,111.718376
1632.0,116.606384
1633.0,120.34055
1634.0,97.45649
1635.0,112.79183
1636.0,120.09664
1637.0,120.64691
1638.0,129.03412
1639.0,136.99405
1640.0,142.82388
1641.0,107.723274
1642.0,120.01307
1643.0,119.8605
1644.0,126.58245
1645.0,130.27386
1646.0,135.60722
1647.0,139.37178
1648.0,105.24413
1649.0,118.809746
1650.0,117.7322
1621.0,131.6218
1652.0,132.72865
1680.0,138.63
1663.0,123.2351
1664.0,121.2725
1665.0,125.329124
1666.0,125.85799
1667.0,133.73561
1668.0,161.07951
1669.0,116.293236
1670.0,127.9256
1671.0,124.897606
1672.0,131.58748
1673.0,133.41368
1674.0,150.16388
1675.0,156.98193
1676.0,113.14171
1677.0,126.33756
1678.0,125.877174
1622.0,139.72061
1653.0,145.06078
1681.0,161.22028
1691.0,126.280945
1692.0,127.92644
1693.0,134.77278
1694.0,137.88292
1695.0,157.0656
1696.0,162.54161
1697.0,116.57987
1698.0,128.62155
1699.0,125.79632
1700.0,132.38844
1701.0,133.56573
1702.0,150.76236
1703.0,157.40959
1704.0,114.56897
1705.0,127.70089
1706.0,127.91298
1707.0,133.0994
1708.0,131.94391
1709.0,150.2278
1623.0,172.34048
1654.0,120.54073
1682.0,131.95218
1624.0,133.65442
1655.0,135.41159
1683.0,141.96286
1625.0,148.96486
1656.0,169.22453
1684.0,174.94019
1626.0,173.42084
1657.0,124.77264
1685.0,137.68771
1627.0,116.7838
1658.0,123.5679
1686.0,127.794014
1628.0,143.93852
1659.0,150.06299
1687.0,102.77065
1629.0,101.34593
1660.0,115.54981
1688.0,117.093475
1630.0,129.95978
1661.0,137.37132
1689.0,149.96956
1631.0,129.87704
1662.0,137.0407
1690.0,92.999435
2520.0,25.21377
2551.0,110.56498
2579.0,107.61527
2532.0,118.76886
2533.0,121.27917
2534.0,92.66927
2535.0,111.58309
2536.0,121.97944
2537.0,124.5317
2538.0,129.45949
2539.0,138.57126
2540.0,143.72249
2541.0,108.36497
2542.0,119.78942
2543.0,121.78254
2544.0,127.49392
2545.0,129.76486
2546.0,136.99655
2547.0,142.35133
2548.0,105.71589
2549.0,118.64292
2550.0,122.35633
2521.0,133.3756
2552.0,132.31877
2580.0,141.0915
2563.0,122.993324
2564.0,123.946175
2565.0,126.38554
2566.0,127.79605
2567.0,135.19807
2568.0,159.20502
2569.0,114.613106
2570.0,126.245415
2571.0,123.21743
2572.0,129.9073
2573.0,132.38908
2574.0,149.07591
2575.0,155.76302
2576.0,112.117134
2577.0,125.312965
2578.0,124.85256
2522.0,139.31781
2553.0,144.65797
2581.0,160.85135
2591.0,125.183426
2592.0,126.82891
2593.0,133.6753
2594.0,136.78543
2595.0,156.0056
2596.0,161.65701
2597.0,115.58367
2598.0,127.62533
2599.0,124.8001
2600.0,131.39223
2601.0,133.2251
2602.0,150.5995
2603.0,157.11581
2604.0,114.368614
2605.0,127.50054
2606.0,127.712654
2607.0,132.89905
2608.0,131.74356
2609.0,150.06497
2523.0,172.23189
2554.0,120.39462
2582.0,131.90335
2524.0,133.01508
2555.0,134.77225
2583.0,141.4208
2525.0,148.8685
2556.0,169.16566
2584.0,174.9786
2526.0,172.307
2557.0,123.621284
2585.0,136.63365
2527.0,117.20789
2558.0,123.26255
2586.0,127.833046
2528.0,143.91777
2559.0,150.10019
2587.0,103.437035
2529.0,101.25489
2560.0,115.31378
2588.0,116.954735
2530.0,129.61424
2561.0,137.27289
2589.0,150.0059
2531.0,129.38754
2562.0,136.60915
2590.0,93.02615
3420.0,15.968184
3451.0,109.96914
3479.0,106.61692
3432.0,117.35414
3433.0,119.544685
3434.0,92.08442
3435.0,108.90395
3436.0,121.592094
3437.0,125.39712
3438.0,129.51689
3439.0,138.57126
3440.0,143.11699
3441.0,108.569664
3442.0,119.82313
3443.0,121.35059
3444.0,127.40861
3445.0,129.27885
3446.0,136.04778
3447.0,140.97063
3448.0,106.04804
3449.0,118.755684
3450.0,121.73814
3421.0,133.3756
3452.0,132.12471
3480.0,140.18694
3463.0,122.700294
3464.0,123.32775
3465.0,125.92918
3466.0,127.62492
3467.0,134.91882
3468.0,159.27032
3469.0,114.613106
3470.0,126.245415
3471.0,123.21743
3472.0,129.9073
3473.0,132.38908
3474.0,149.07591
3475.0,155.82832
3476.0,112.117134
3477.0,125.312965
3478.0,124.85256
3422.0,139.31781
3453.0,144.65797
3481.0,160.85135
3491.0,125.183426
3492.0,126.82891
3493.0,133.6753
3494.0,136.78543
3495.0,156.0056
3496.0,161.72232
3497.0,115.58367
3498.0,127.62533
3499.0,124.8001
3500.0,131.39223
3501.0,133.2251
3502.0,150.5995
3503.0,157.18112
3504.0,114.368614
3505.0,127.50054
3506.0,127.712654
3507.0,132.89905
3508.0,131.74356
3509.0,150.06497
3423.0,172.2972
3454.0,120.39462
3482.0,131.90335
3424.0,133.01508
3455.0,134.77225
3483.0,141.4208
3425.0,148.8685
3456.0,169.16566
3484.0,175.15453
3426.0,172.48293
3457.0,123.621284
3485.0,136.63365
3427.0,117.20789
3458.0,123.26255
3486.0,127.833046
3428.0,143.91777
3459.0,150.27611
3487.0,103.437035
3429.0,101.25489
3460.0,115.31378
3488.0,116.954735
3430.0,129.61424
3461.0,137.27289
3489.0,150.0059
3431.0,129.38754
3462.0,136.618
3490.0,93.02615
4320.0,13.414328
4351.0,109.572105
4379.0,107.09379
4332.0,117.93413
4333.0,119.365974
4334.0,91.86442
4335.0,108.81756
4336.0,121.592094
4337.0,125.39712
4338.0,129.22498
4339.0,138.08525
4340.0,142.63098
4341.0,108.08364
4342.0,119.53118
4343.0,121.05865
4344.0,127.40861
4345.0,129.27885
4346.0,136.3397
4347.0,140.6787
4348.0,105.908455
4349.0,118.26966
4350.0,121.93221
4321.0,132.47047
4352.0,132.12471
4380.0,140.18694
4363.0,122.50622
4364.0,123.32775
4365.0,125.92918
4366.0,127.62492
4367.0,134.91882
4368.0,159.27032
4369.0,114.613106
4370.0,126.245415
4371.0,123.21743
4372.0,129.9073
4373.0,132.38908
4374.0,149.07591
4375.0,155.82832
4376.0,112.117134
4377.0,125.312965
4378.0,124.85256
4322.0,139.31781
4353.0,144.65797
4381.0,160.85135
4391.0,125.183426
4392.0,126.82891
4393.0,133.6753
4394.0,136.78543
4395.0,156.0056
4396.0,161.72232
4397.0,115.58367
4398.0,127.62533
4399.0,124.8001
4400.0,131.39223
4401.0,133.2251
4402.0,150.5995
4403.0,157.18112
4404.0,114.368614
4405.0,127.50054
4406.0,127.712654
4407.0,132.89905
4408.0,131.74356
4409.0,150.06497
4323.0,172.2972
4354.0,120.39462
4382.0,131.90335
4324.0,133.01508
4355.0,134.77225
4383.0,141.4208
4325.0,148.8685
4356.0,169.16566
4384.0,175.15453
4326.0,172.48293
4357.0,123.621284
4385.0,136.63365
4327.0,117.20789
4358.0,123.26255
4386.0,127.833046
4328.0,143.91777
4359.0,150.27611
4387.0,103.437035
4329.0,101.25489
4360.0,115.31378
4388.0,116.954735
4330.0,129.61424
4361.0,137.27289
4389.0,150.0059
4331.0,129.38754
4362.0,136.618
4390.0,93.02615
5220.0,40.27349
5251.0,111.90247
5279.0,109.824684
5232.0,118.29872
5233.0,121.1336
5234.0,95.7544
5235.0,114.51644
5236.0,120.53478
5237.0,123.04034
5238.0,128.61446
5239.0,136.13742
5240.0,141.29657
5241.0,107.62377
5242.0,119.57357
5243.0,120.298775
5244.0,126.74268
5245.0,129.55894
5246.0,135.80774
5247.0,140.6136
5248.0,104.391685
5249.0,117.845955
5250.0,120.98484
5221.0,132.68073
5252.0,133.05495
5280.0,140.87212
5263.0,123.321846
5264.0,122.950096
5265.0,125.43911
5266.0,126.47098
5267.0,133.58856
5268.0,158.95229
5269.0,114.833176
5270.0,126.46551
5271.0,123.43751
5272.0,129.7532
5273.0,132.23499
5274.0,149.29199
5275.0,156.5911
5276.0,112.337204
5277.0,125.53306
5278.0,125.07264
5222.0,139.54767
5253.0,144.8878
5281.0,160.27533
5291.0,125.4035
5292.0,127.04899
5293.0,133.89784
5294.0,137.00798
5295.0,155.93106
5296.0,161.03181
5297.0,115.80374
5298.0,127.84539
5299.0,125.020164
5300.0,131.23813
5301.0,133.071
5302.0,150.44312
5303.0,157.5714
5304.0,114.588684
5305.0,127.720604
5306.0,127.932724
5307.0,132.7337
5308.0,131.57822
5309.0,149.88889
5223.0,171.0373
5254.0,120.614685
5282.0,132.1234
5224.0,133.23515
5255.0,134.99232
5283.0,141.65065
5225.0,148.70523
5256.0,168.19658
5284.0,174.01466
5226.0,171.61964
5257.0,123.85728
5285.0,136.86964
5227.0,117.443886
5258.0,123.524666
5286.0,128.09518
5228.0,143.66649
5259.0,149.34097
5287.0,103.67303
5229.0,101.49088
5260.0,115.549774
5288.0,117.19073
5230.0,129.87636
5261.0,137.535
5289.0,149.78944
5231.0,129.2317
5262.0,135.7783
5290.0,93.45668
6120.0,44.460926
6151.0,112.82436
6179.0,110.94581
6132.0,118.37227
6133.0,125.16399
6134.0,97.71264
6135.0,119.72376
6136.0,118.39973
6137.0,122.30538
6138.0,128.9844
6139.0,136.35672
6140.0,140.64522
6141.0,107.64649
6142.0,119.167305
6143.0,119.47498
6144.0,125.21398
6145.0,129.23
6146.0,136.19492
6147.0,139.30164
6148.0,104.79864
6149.0,118.481895
6150.0,118.85444
6121.0,131.51767
6152.0,132.66727
6180.0,138.80304
6163.0,123.23205
6164.0,122.85244
6165.0,124.252464
6166.0,124.356186
6167.0,130.80305
6168.0,160.06555
6169.0,116.392426
6170.0,128.02478
6171.0,124.99676
6172.0,131.3125
6173.0,133.51234
6174.0,150.48097
6175.0,157.70436
6176.0,113.94675
6177.0,127.14262
6178.0,126.68223
6122.0,139.00954
6153.0,143.57018
6181.0,158.8693
6191.0,126.44328
6192.0,128.0888
6193.0,134.93767
6194.0,137.76584
6195.0,156.60054
6196.0,161.62561
6197.0,116.84352
6198.0,128.88522
6199.0,126.060005
6200.0,132.27795
6201.0,133.82889
6202.0,151.11263
6203.0,158.16519
6204.0,115.67877
6205.0,128.81073
6206.0,129.02281
6207.0,133.77353
6208.0,132.3361
6209.0,150.44792
6123.0,170.05313
6154.0,119.57894
6182.0,131.08769
6124.0,132.68094
6155.0,133.94054
6183.0,140.59886
6125.0,147.86908
6156.0,166.77448
6184.0,172.51688
6126.0,170.61943
6157.0,122.74887
6185.0,135.76128
6127.0,116.75729
6158.0,122.416275
6186.0,126.76144
6128.0,142.66618
6159.0,147.84319
6187.0,102.56464
6129.0,100.80429
6160.0,114.44138
6188.0,116.08234
6130.0,129.18977
6161.0,136.20128
6189.0,148.36734
6131.0,128.4226
6162.0,134.89847
6190.0,92.16886
7020.0,58.304955
7051.0,112.307686
7079.0,110.80352
7032.0,122.668564
7033.0,124.616776
7034.0,98.01924
7035.0,120.57913
7036.0,116.7915
7037.0,121.481026
7038.0,126.422615
7039.0,134.02611
7040.0,135.07208
7041.0,105.68248
7042.0,116.48689
7043.0,117.90608
7044.0,120.177704
7045.0,127.075096
7046.0,131.1611
7047.0,138.73834
7048.0,104.30502
7049.0,115.39654
7050.0,117.044464
7021.0,130.42168
7052.0,131.13338
7080.0,137.47046
7063.0,122.06331
7064.0,119.68122
7065.0,121.15546
7066.0,123.05549
7067.0,133.469
7068.0,159.88474
7069.0,115.16204
7070.0,126.79438
7071.0,123.915794
7072.0,130.25034
7073.0,132.80014
7074.0,150.00832
7075.0,157.56152
7076.0,112.58303
7077.0,126.16682
7078.0,125.85586
7022.0,138.26207
7053.0,143.12837
7081.0,158.67337
7091.0,125.89789
7092.0,127.76077
7093.0,134.62846
7094.0,137.76234
7095.0,156.84286
7096.0,162.19778
7097.0,116.36612
7098.0,128.40778
7099.0,125.73199
7100.0,131.96875
7101.0,133.86964
7102.0,151.32497
7103.0,158.70738
7104.0,115.00878
7105.0,128.52866
7106.0,128.89018
7107.0,133.651
7108.0,132.69687
7109.0,151.04823
7023.0,169.94214
7054.0,118.862526
7082.0,130.3712
7024.0,131.96445
7055.0,133.37346
7083.0,139.8514
7025.0,147.57973
7056.0,166.57854
7084.0,172.40588
7026.0,170.12666
7057.0,122.106384
7085.0,135.11877
7027.0,116.26425
7058.0,121.74281
7086.0,126.164314
7028.0,141.63
7059.0,146.89195
7087.0,101.14497
7029.0,99.212906
7060.0,112.85
7088.0,114.64035
7030.0,127.883286
7061.0,135.24338
7089.0,147.42886
7031.0,127.65821
7062.0,134.21906
7090.0,90.61108
7920.0,35.55977
7951.0,112.89099
7979.0,110.38661
7932.0,121.16067
7933.0,124.661415
7934.0,99.57854
7935.0,113.81511
7936.0,119.5351
7937.0,119.79069
7938.0,125.41182
7939.0,134.73866
7940.0,139.39207
7941.0,106.22321
7942.0,116.10468
7943.0,119.794716
7944.0,123.56513
7945.0,126.01863
7946.0,135.09705
7947.0,139.63666
7948.0,103.25767
7949.0,116.81963
7950.0,119.59733
7921.0,130.46512
7952.0,130.32004
7980.0,138.71724
7963.0,121.610435
7964.0,121.63059
7965.0,122.85207
7966.0,123.17563
7967.0,131.63419
7968.0,158.74345
7969.0,115.47356
7970.0,126.244354
7971.0,123.1371
7972.0,129.19978
7973.0,132.20866
7974.0,149.33238
7975.0,156.96739
7976.0,113.0825
7977.0,125.80478
7978.0,125.60988
7922.0,138.09514
7953.0,142.46812
7981.0,157.896
7991.0,125.88349
7992.0,127.517685
7993.0,134.11353
7994.0,136.82443
7995.0,155.70158
7996.0,161.05647
7997.0,116.67765
7998.0,127.85774
7999.0,124.95331
8000.0,130.9182
8001.0,133.2782
8002.0,150.73741
8003.0,158.20163
8004.0,115.50825
8005.0,128.16661
8006.0,128.64423
8007.0,133.13321
8008.0,132.84486
8009.0,151.11177
7923.0,169.32906
7954.0,119.478165
7982.0,130.12541
7924.0,132.11893
7955.0,132.92741
7983.0,139.13348
7925.0,147.69363
7956.0,166.20355
7984.0,172.03087
7926.0,170.63013
7957.0,122.378456
7985.0,135.39087
7927.0,117.39999
7958.0,121.883224
7986.0,126.30474
7928.0,142.8894
7959.0,147.77951
7987.0,102.65818
7929.0,100.9228
7960.0,114.188034
7988.0,115.74973
7930.0,128.09457
7961.0,135.08284
7989.0,147.84961
7931.0,128.40904
7962.0,134.71492
7990.0,91.143326
8820.0,52.662663
8851.0,116.47856
8879.0,111.95943
8832.0,119.81205
8833.0,128.31015
8834.0,104.087204
8835.0,116.36614
8836.0,116.97691
8837.0,118.1954
8838.0,124.030365
8839.0,132.912
8840.0,137.37453
8841.0,102.323006
8842.0,114.42433
8843.0,115.22063
8844.0,119.07759
8845.0,124.64461
8846.0,133.21318
8847.0,138.31758
8848.0,102.88531
8849.0,116.10177
8850.0,116.63217
8821.0,131.42633
8852.0,129.34703
8880.0,136.97723
8863.0,121.34223
8864.0,120.88308
8865.0,121.11478
8866.0,121.954285
8867.0,129.17528
8868.0,158.60213
8869.0,114.43799
8870.0,125.48671
8871.0,123.19765
8872.0,129.08134
8873.0,132.09041
8874.0,149.19106
8875.0,156.82607
8876.0,112.47831
8877.0,125.43324
8878.0,126.37651
8822.0,138.11552
8853.0,142.34987
8881.0,157.75467
8891.0,124.55305
8892.0,126.94684
8893.0,133.41675
8894.0,136.64767
8895.0,155.50172
8896.0,160.85661
8897.0,115.58356
8898.0,127.04158
8899.0,124.95529
8900.0,130.74123
8901.0,133.10141
8902.0,150.59608
8903.0,158.0603
8904.0,114.90406
8905.0,127.79506
8906.0,129.41086
8907.0,134.15741
8908.0,133.5742
8909.0,151.81801
8823.0,169.18773
8854.0,118.28747
8882.0,128.63974
8824.0,131.29189
8855.0,132.2599
8883.0,138.49524
8825.0,147.57541
8856.0,166.06223
8884.0,171.88954
8826.0,170.4888
8857.0,121.1497
8885.0,134.16206
8827.0,117.39112
8858.0,121.244995
8886.0,126.1865
8828.0,142.74808
8859.0,147.63818
8887.0,101.69564
8829.0,100.618904
8860.0,113.225494
8888.0,115.34849
8830.0,128.38123
8861.0,134.9646
8889.0,147.70828
8831.0,128.26772
8862.0,134.5736
8890.0,90.180786
9720.0,53.425373
9751.0,119.47872
9779.0,117.34715
9732.0,119.4179
9733.0,124.422646
9734.0,103.27049
9735.0,115.35393
9736.0,116.71367
9737.0,118.07093
9738.0,123.24724
9739.0,132.27052
9740.0,136.21225
9741.0,103.15067
9742.0,114.20094
9743.0,116.02178
9744.0,119.777016
9745.0,124.21472
9746.0,132.8116
9747.0,136.74641
9748.0,102.57752
9749.0,115.10052
9750.0,117.246475
9721.0,129.56488
9752.0,130.21176
9780.0,135.70833
9763.0,120.66143
9764.0,121.644356
9765.0,122.30712
9766.0,121.56258
9767.0,128.95749
9768.0,158.9784
9769.0,114.543526
9770.0,125.592255
9771.0,123.30313
9772.0,129.24063
9773.0,132.2497
9774.0,149.35034
9775.0,157.20236
9776.0,112.58385
9777.0,125.53877
9778.0,126.48204
9722.0,139.11797
9753.0,143.35231
9781.0,158.30298
9791.0,126.04446
9792.0,128.43831
9793.0,134.41919
9794.0,137.19598
9795.0,156.05003
9796.0,161.34077
9797.0,115.79695
9798.0,127.254974
9799.0,125.168655
9800.0,131.00838
9801.0,133.36856
9802.0,150.86324
9803.0,158.54443
9804.0,114.566216
9805.0,127.457214
9806.0,129.07301
9807.0,133.87332
9808.0,133.29012
9809.0,151.64098
9723.0,169.40178
9754.0,118.61793
9782.0,128.97025
9724.0,131.62239
9755.0,132.59041
9783.0,138.94644
9725.0,148.02661
9756.0,166.0593
9784.0,172.10362
9726.0,170.70285
9757.0,121.48017
9785.0,134.49257
9727.0,116.459274
9758.0,120.433846
9786.0,125.12829
9728.0,141.57257
9759.0,146.67671
9787.0,100.72278
9729.0,99.64603
9760.0,111.878365
9788.0,114.00136
9730.0,127.683266
9761.0,134.31757
9789.0,147.06125
9731.0,127.49063
9762.0,133.95097
9790.0,89.769455
10620.0,47.600388
10651.0,114.89842
10679.0,114.36551
10632.0,116.211174
10633.0,124.12127
10634.0,102.56824
10635.0,117.19498
10636.0,118.29963
10637.0,118.73209
10638.0,124.20859
10639.0,133.97601
10640.0,136.78824
10641.0,103.98264
10642.0,115.56484
10643.0,117.80962
10644.0,120.89213
10645.0,125.95068
10646.0,133.4468
10647.0,137.60625
10648.0,103.567924
10649.0,117.11729
10650.0,117.02331
10621.0,130.34256
10652.0,131.17308
10680.0,137.62445
10663.0,121.9775
10664.0,121.833305
10665.0,123.9596
10666.0,121.56425
10667.0,129.74034
10668.0,159.21336
10669.0,114.8068
10670.0,125.855515
10671.0,123.566345
10672.0,129.50389
10673.0,132.51299
10674.0,149.58531
10675.0,157.43733
10676.0,112.84711
10677.0,125.80205
10678.0,126.745316
10622.0,140.08678
10653.0,144.32109
10681.0,159.14206
10691.0,126.19958
10692.0,128.59341
10693.0,134.68248
10694.0,137.45924
10695.0,156.285
10696.0,161.57574
10697.0,116.13388
10698.0,127.59192
10699.0,125.505554
10700.0,131.3453
10701.0,133.70549
10702.0,151.17188
10703.0,158.85307
10704.0,114.903145
10705.0,127.79414
10706.0,129.40994
10707.0,134.76433
10708.0,134.18112
10709.0,152.43002
10623.0,169.55676
10654.0,118.95008
10682.0,129.50917
10624.0,131.95456
10655.0,132.92258
10683.0,139.48537
10625.0,148.56554
10656.0,166.46849
10684.0,172.25858
10626.0,171.31844
10657.0,122.132545
10685.0,135.35175
10627.0,116.29503
10658.0,120.2696
10686.0,124.96398
10628.0,141.76892
10659.0,146.61885
10687.0,100.46039
10629.0,99.50963
10660.0,111.74198
10688.0,113.86496
10630.0,127.5469
10661.0,134.18118
10689.0,147.17639
10631.0,127.70644
10662.0,133.91258
10690.0,89.733765
11520.0,57.684643
11551.0,116.25995
11579.0,119.01917
11532.0,120.43673
11533.0,124.08131
11534.0,97.89787
11535.0,118.31172
11536.0,118.344345
11537.0,121.90538
11538.0,123.89889
11539.0,130.9189
11540.0,132.90926
11541.0,104.43729
11542.0,114.1602
11543.0,114.61191
11544.0,119.86665
11545.0,125.13183
11546.0,130.54459
11547.0,136.2765
11548.0,102.31967
11549.0,116.77174
11550.0,117.50777
11521.0,135.76776
11552.0,132.43935
11580.0,137.59586
11563.0,121.96932
11564.0,122.762085
11565.0,124.389404
11566.0,123.73398
11567.0,132.54669
11568.0,159.30537
11569.0,117.361206
11570.0,128.40991
11571.0,125.42168
11572.0,131.21153
11573.0,134.3303
11574.0,151.39388
11575.0,158.2671
11576.0,116.139244
11577.0,129.28578
11578.0,128.50734
11522.0,140.95335
11553.0,144.88094
11581.0,160.01395
11591.0,128.60777
11592.0,129.28412
11593.0,135.21422
11594.0,138.17595
11595.0,156.99298
11596.0,161.72931
11597.0,118.320946
11598.0,129.77895
11599.0,126.99356
11600.0,133.11456
11601.0,135.58437
11602.0,153.04202
11603.0,159.74443
11604.0,117.82793
11605.0,130.91049
11606.0,130.8046
11607.0,136.09235
11608.0,135.63705
11609.0,154.27002
11523.0,169.49954
11554.0,120.629845
11582.0,130.86789
11524.0,134.66852
11555.0,133.54031
11583.0,140.17455
11525.0,150.12321
11556.0,166.68748
11584.0,173.0518
11526.0,174.20808
11557.0,125.45859
11585.0,138.75815
11527.0,120.871925
11558.0,123.117775
11586.0,127.68135
11528.0,143.17464
11559.0,148.28767
11587.0,102.37708
11529.0,102.36634
11560.0,115.07402
11588.0,117.60358
11530.0,130.16197
11561.0,136.53024
11589.0,149.55737
11531.0,129.45645
11562.0,135.92569
11590.0,92.673195
12420.0,39.315365
12451.0,112.57005
12479.0,113.85793
12432.0,122.410576
12433.0,126.02946
12434.0,97.1846
12435.0,119.39914
12436.0,122.81413
12437.0,124.42136
12438.0,129.3187
12439.0,138.98183
12440.0,143.81711
12441.0,108.22205
12442.0,119.733215
12443.0,122.11252
12444.0,124.989456
12445.0,128.51865
12446.0,139.45929
12447.0,142.94684
12448.0,106.08637
12449.0,119.61879
12450.0,121.83194
12421.0,136.16139
12452.0,135.05426
12480.0,144.94986
12463.0,126.65155
12464.0,127.18613
12465.0,128.8271
12466.0,128.9362
12467.0,135.1552
12468.0,162.8546
12469.0,122.26457
12470.0,133.31332
12471.0,129.21637
12472.0,134.273
12473.0,136.76102
12474.0,154.56662
12475.0,161.77989
12476.0,120.94322
12477.0,133.56479
12478.0,131.64668
12422.0,143.9489
12453.0,146.65059
12481.0,162.51355
12491.0,131.80934
12492.0,131.61768
12493.0,137.00882
12494.0,140.43457
12495.0,160.25322
12496.0,164.9921
12497.0,122.77944
12498.0,134.23747
12499.0,130.58406
12500.0,136.13026
12501.0,138.01312
12502.0,156.21281
12503.0,163.25526
12504.0,122.372314
12505.0,134.92992
12506.0,133.68433
12507.0,137.91042
12508.0,137.38036
12509.0,155.179
12423.0,170.98395
12454.0,123.02838
12482.0,133.26643
12424.0,137.2197
12455.0,135.19237
12483.0,141.27888
12425.0,151.91144
12456.0,168.4909
12484.0,174.56697
12426.0,175.41731
12457.0,128.66783
12485.0,141.96739
12427.0,122.38322
12458.0,124.52517
12486.0,128.75435
12428.0,144.63269
12459.0,149.28476
12487.0,105.74377
12429.0,104.850365
12460.0,117.400925
12488.0,119.06247
12430.0,131.8104
12461.0,138.07849
12489.0,151.10562
12431.0,131.51164
12462.0,137.01187
12490.0,95.26145
13320.0,60.256214
13351.0,120.65935
13379.0,115.29142
13332.0,121.566666
13333.0,126.62651
13334.0,100.0029
13335.0,113.9168
13336.0,122.899796
13337.0,126.86339
13338.0,128.32759
13339.0,136.30695
13340.0,140.55638
13341.0,107.89446
13342.0,120.194916
13343.0,118.40477
13344.0,123.45209
13345.0,127.966774
13346.0,138.44788
13347.0,139.59656
13348.0,104.74625
13349.0,120.75981
13350.0,119.85655
13321.0,139.61067
13352.0,134.94484
13380.0,142.08983
13363.0,126.19119
13364.0,125.76251
13365.0,126.751144
13366.0,127.36864
13367.0,136.98093
13368.0,164.0295
13369.0,122.844025
13370.0,133.89276
13371.0,129.7958
13372.0,134.85243
13373.0,137.34045
13374.0,155.74152
13375.0,162.92348
13376.0,121.49136
13377.0,134.11292
13378.0,132.19481
13322.0,144.52834
13353.0,147.23003
13381.0,163.68845
13391.0,132.38878
13392.0,132.19711
13393.0,137.58826
13394.0,141.014
13395.0,161.42812
13396.0,166.16699
13397.0,123.358894
13398.0,134.81691
13399.0,131.1635
13400.0,136.7097
13401.0,138.59256
13402.0,157.38771
13403.0,164.39885
13404.0,122.920456
13405.0,135.47804
13406.0,134.23245
13407.0,138.45854
13408.0,137.92848
13409.0,156.32259
13323.0,172.15884
13354.0,123.60783
13382.0,133.84587
13324.0,137.90894
13355.0,135.8816
13383.0,141.96812
13325.0,152.61954
13356.0,169.79446
13384.0,175.87053
13326.0,176.72087
13357.0,129.35707
13385.0,142.65663
13327.0,123.07248
13358.0,125.21443
13386.0,129.46245
13328.0,145.34607
13359.0,149.99814
13387.0,106.43303
13329.0,105.301254
13360.0,117.851814
13388.0,119.51334
13330.0,131.90028
13361.0,138.18724
13389.0,151.21962
13331.0,131.53549
13362.0,137.03569
13390.0,95.39597
14220.0,18.368414
14251.0,112.46812
14279.0,111.11181
14232.0,122.97312
14233.0,125.96415
14234.0,97.4699
14235.0,114.06433
14236.0,127.971146
14237.0,130.4299
14238.0,132.87424
14239.0,142.70383
14240.0,145.02728
14241.0,112.060356
14242.0,123.17705
14243.0,124.96367
14244.0,130.42218
14245.0,131.29915
14246.0,141.61139
14247.0,143.25746
14248.0,109.060234
14249.0,121.87811
14250.0,125.29991
14221.0,140.61255
14252.0,137.14908
14280.0,146.24191
14263.0,128.93756
14264.0,129.5666
14265.0,130.72609
14266.0,132.0853
14267.0,141.55634
14268.0,164.21016
14269.0,125.44372
14270.0,136.29372
14271.0,131.87343
14272.0,136.36385
14273.0,139.02382
14274.0,156.70517
14275.0,162.42894
14276.0,123.0824
14277.0,135.89578
14278.0,133.54684
14222.0,146.32321
14253.0,149.49496
14281.0,164.94121
14291.0,134.82765
14292.0,134.52055
14293.0,139.16156
14294.0,142.87471
14295.0,162.5691
14296.0,165.93413
14297.0,125.57426
14298.0,136.83359
14299.0,132.85686
14300.0,137.83685
14301.0,139.89166
14302.0,157.96707
14303.0,163.52002
14304.0,124.161644
14305.0,136.78423
14306.0,135.10777
14307.0,138.58963
14308.0,139.3688
14309.0,156.48085
14223.0,172.29152
14254.0,125.01635
14282.0,135.62283
14224.0,139.96458
14255.0,137.98824
14283.0,143.53825
14225.0,153.22269
14256.0,169.5295
14284.0,175.04701
14226.0,175.77386
14257.0,128.8764
14285.0,142.54434
14227.0,122.275826
14258.0,123.36635
14286.0,128.10303
14228.0,142.29645
14259.0,148.1291
14287.0,105.21865
14229.0,104.58624
14260.0,117.85689
14288.0,119.51845
14230.0,130.84686
14261.0,137.7934
14289.0,150.1282
14231.0,129.5441
14262.0,136.22488
14290.0,95.71191
15120.0,21.485626
15151.0,114.00388
15179.0,112.049385
15132.0,123.74535
15133.0,128.6584
15134.0,98.50552
15135.0,115.04433
15136.0,127.119736
15137.0,130.45132
15138.0,133.68394
15139.0,142.4119
15140.0,145.12149
15141.0,112.506355
15142.0,123.44211
15143.0,124.93645
15144.0,130.64224
15145.0,131.7689
15146.0,142.01346
15147.0,142.6404
15148.0,109.060234
15149.0,121.93881
15150.0,126.01874
15121.0,140.90399
15152.0,137.14908
15180.0,147.14648
15163.0,129.52768
15164.0,129.37251
15165.0,131.8434
15166.0,132.64291
15167.0,141.63739
15168.0,164.21016
15169.0,125.44372
15170.0,136.29372
15171.0,131.87343
15172.0,136.36385
15173.0,139.02382
15174.0,156.70517
15175.0,162.42894
15176.0,123.0824
15177.0,135.89578
15178.0,133.54684
15122.0,146.32321
15153.0,149.49496
15181.0,164.94121
15191.0,134.82765
15192.0,134.52055
15193.0,139.16156
15194.0,142.87471
15195.0,162.5691
15196.0,165.93413
15197.0,125.57426
15198.0,136.83359
15199.0,132.85686
15200.0,137.83685
15201.0,139.89166
15202.0,157.96707
15203.0,163.52002
15204.0,124.161644
15205.0,136.78423
15206.0,135.10777
15207.0,138.58963
15208.0,139.3688
15209.0,156.48085
15123.0,172.29152
15154.0,125.01635
15182.0,135.62283
15124.0,139.96458
15155.0,137.98824
15183.0,143.53825
15125.0,153.22269
15156.0,169.5295
15184.0,175.04701
15126.0,175.77386
15157.0,128.8764
15185.0,142.54434
15127.0,122.275826
15158.0,123.36635
15186.0,128.10303
15128.0,142.29645
15159.0,148.1291
15187.0,105.21865
15129.0,104.58624
15160.0,117.85689
15188.0,119.51845
15130.0,130.84686
15161.0,137.7934
15189.0,150.1282
15131.0,129.5441
15162.0,136.22488
15190.0,95.71191
16020.0,55.9088
16051.0,116.97709
16079.0,123.23182
16032.0,128.34795
16033.0,126.37661
16034.0,104.6871
16035.0,119.79856
16036.0,125.1088
16037.0,130.08084
16038.0,131.76982
16039.0,141.47755
16040.0,143.76756
16041.0,110.47256
16042.0,122.68849
16043.0,123.126724
16044.0,123.90772
16045.0,130.80211
16046.0,137.86649
16047.0,140.95168
16048.0,107.09824
16049.0,121.172676
16050.0,122.179474
16021.0,140.25581
16052.0,138.22218
16080.0,147.1052
16063.0,130.44545
16064.0,129.11203
16065.0,128.82889
16066.0,130.63521
16067.0,138.92697
16068.0,164.19205
16069.0,125.425606
16070.0,136.2756
16071.0,131.85532
16072.0,136.34573
16073.0,139.0057
16074.0,156.68706
16075.0,162.41083
16076.0,123.064285
16077.0,135.87767
16078.0,133.52873
16022.0,146.30508
16053.0,149.47687
16081.0,164.92311
16091.0,134.80954
16092.0,134.50244
16093.0,139.14345
16094.0,142.8566
16095.0,162.551
16096.0,165.91602
16097.0,125.556145
16098.0,136.81548
16099.0,132.83875
16100.0,137.81874
16101.0,139.87355
16102.0,157.94896
16103.0,163.5019
16104.0,124.14353
16105.0,136.76611
16106.0,135.08966
16107.0,138.57152
16108.0,139.3507
16109.0,156.46274
16023.0,172.2734
16054.0,124.99824
16082.0,135.60472
16024.0,139.94647
16055.0,137.97012
16083.0,143.52014
16025.0,153.20457
16056.0,169.51138
16084.0,175.0289
16026.0,175.75575
16057.0,128.85829
16085.0,142.52623
16027.0,122.25771
16058.0,123.348236
16086.0,128.08487
16028.0,142.27834
16059.0,148.111
16087.0,105.20054
16029.0,104.56813
16060.0,117.838776
16088.0,119.500336
16030.0,130.82874
16061.0,137.77527
16089.0,150.11009
16031.0,129.52599
16062.0,136.20677
16090.0,95.693794
16920.0,28.231771
16951.0,113.9686
16979.0,113.817444
16932.0,126.12287
16933.0,127.44196
16934.0,101.41824
16935.0,118.0569
16936.0,126.67144
16937.0,129.73329
16938.0,132.32927
16939.0,141.6914
16940.0,144.28629
16941.0,110.86865
16942.0,122.9018
16943.0,124.702644
16944.0,128.94875
16945.0,130.821
16946.0,140.70099
16947.0,141.9828
16948.0,106.80107
16949.0,122.039925
16950.0,125.160484
16921.0,138.80362
16952.0,136.47829
16980.0,146.35457
16963.0,129.61198
16964.0,130.40213
16965.0,131.3344
16966.0,131.15468
16967.0,140.25842
16968.0,162.91159
16969.0,122.96213
16970.0,134.05339
16971.0,129.6331
16972.0,133.92676
16973.0,136.76459
16974.0,155.09221
16975.0,161.12192
16976.0,120.60079
16977.0,133.44164
16978.0,130.86418
16922.0,143.86908
16953.0,147.5947
16981.0,162.66808
16991.0,132.45033
16992.0,132.44444
16993.0,136.85732
16994.0,140.74835
16995.0,161.09746
16996.0,164.68124
16997.0,123.13834
16998.0,134.63895
16999.0,130.66222
17000.0,135.44545
17001.0,137.67812
17002.0,156.3998
17003.0,162.25868
17004.0,121.71824
17005.0,134.3683
17006.0,132.46333
17007.0,136.25017
17008.0,137.08081
17009.0,155.0608
16923.0,171.02603
16954.0,123.4461
16982.0,132.8844
16924.0,138.78703
16955.0,136.20383
16983.0,140.59576
16925.0,151.35956
16956.0,167.85922
16984.0,173.30171
16926.0,175.65675
16957.0,128.24916
16985.0,141.02672
16927.0,121.01412
16958.0,121.87977
16986.0,127.68532
16928.0,142.02098
16959.0,147.68109
16987.0,103.15456
16929.0,103.51909
16960.0,115.89526
16988.0,116.983765
16930.0,130.32092
16961.0,137.4196
16989.0,149.7625
16931.0,129.38022
16962.0,135.60718
16990.0,93.439354
17820.0,32.893044
17851.0,114.22246
17879.0,114.72797
17832.0,125.966805
17833.0,126.79807
17834.0,100.76206
17835.0,116.814926
17836.0,126.58248
17837.0,127.98142
17838.0,132.55173
17839.0,141.87535
17840.0,144.23663
17841.0,111.15822
17842.0,122.99412
17843.0,124.362236
17844.0,129.33772
17845.0,130.56993
17846.0,140.55685
17847.0,142.03926
17848.0,107.5754
17849.0,121.75388
17850.0,122.2666
17821.0,139.40399
17852.0,137.29182
17880.0,146.6945
17863.0,129.13956
17864.0,130.62085
17865.0,130.76138
17866.0,131.84305
17867.0,140.781
17868.0,162.91159
17869.0,122.96213
17870.0,134.05339
17871.0,129.6331
17872.0,133.92676
17873.0,136.76459
17874.0,155.09221
17875.0,161.12192
17876.0,120.60079
17877.0,133.44164
17878.0,130.86418
17822.0,143.86908
17853.0,147.5947
17881.0,162.66808
17891.0,132.45033
17892.0,132.44444
17893.0,136.85732
17894.0,140.74835
17895.0,161.09746
17896.0,164.68124
17897.0,123.13834
17898.0,134.63895
17899.0,130.66222
17900.0,135.44545
17901.0,137.67812
17902.0,156.3998
17903.0,162.25868
17904.0,121.653786
17905.0,134.3683
17906.0,132.46333
17907.0,136.25017
17908.0,137.08081
17909.0,155.0608
17823.0,171.02603
17854.0,123.4461
17882.0,132.8844
17824.0,138.78703
17855.0,136.20383
17883.0,140.59576
17825.0,151.35956
17856.0,167.85922
17884.0,173.30171
17826.0,175.65675
17857.0,128.24916
17885.0,141.02672
17827.0,121.01412
17858.0,121.87977
17886.0,127.68532
17828.0,142.02098
17859.0,147.68109
17887.0,103.15456
17829.0,103.51909
17860.0,115.89526
17888.0,116.983765
17830.0,130.32092
17861.0,137.4196
17889.0,149.7625
17831.0,129.38022
17862.0,135.60718
17890.0,93.439354
18720.0,26.525892
18751.0,115.17958
18779.0,112.31827
18732.0,125.39808
18733.0,125.788
18734.0,100.902374
18735.0,116.8696
18736.0,127.28533
18737.0,129.26387
18738.0,132.47067
18739.0,141.73741
18740.0,144.2761
18741.0,111.046875
18742.0,122.575325
18743.0,124.460884
18744.0,128.90877
18745.0,130.59712
18746.0,140.95206
18747.0,141.9828
18748.0,106.85753
18749.0,122.06107
18750.0,124.82281
18721.0,139.06396
18752.0,136.87434
18780.0,146.03004
18763.0,129.13048
18764.0,130.47275
18765.0,130.60747
18766.0,131.63507
18767.0,140.781
18768.0,162.91159
18769.0,122.96213
18770.0,134.05339
18771.0,129.6331
18772.0,133.92676
18773.0,136.76459
18774.0,155.09221
18775.0,161.12192
18776.0,120.60079
18777.0,133.44164
18778.0,130.86418
18722.0,143.86908
18753.0,147.5947
18781.0,162.66808
18791.0,132.45033
18792.0,132.44444
18793.0,136.85732
18794.0,140.74835
18795.0,161.09746
18796.0,164.68124
18797.0,123.13834
18798.0,134.63895
18799.0,130.66222
18800.0,135.44545
18801.0,137.67812
18802.0,156.3998
18803.0,162.25868
18804.0,121.653786
18805.0,134.3683
18806.0,132.46333
18807.0,136.25017
18808.0,137.08081
18809.0,155.0608
18723.0,171.02603
18754.0,123.4461
18782.0,132.8844
18724.0,138.78703
18755.0,136.20383
18783.0,140.59576
18725.0,151.35956
18756.0,167.85922
18784.0,173.30171
18726.0,175.65675
18757.0,128.24916
18785.0,141.02672
18727.0,121.01412
18758.0,121.87977
18786.0,127.68532
18728.0,142.02098
18759.0,147.68109
18787.0,103.15456
18729.0,103.51909
18760.0,115.89526
18788.0,116.983765
18730.0,130.32092
18761.0,137.4196
18789.0,149.7625
18731.0,129.38022
18762.0,135.60718
18790.0,93.439354
19620.0,56.090538
19651.0,121.66039
19679.0,116.00038
19632.0,128.17387
19633.0,134.38794
19634.0,107.65093
19635.0,120.95672
19636.0,125.70815
19637.0,127.547554
19638.0,129.16675
19639.0,139.95787
19640.0,139.61142
19641.0,110.04745
19642.0,121.28236
19643.0,121.91679
19644.0,122.84613
19645.0,130.41266
19646.0,139.34062
19647.0,140.21457
19648.0,107.39033
19649.0,120.427895
19650.0,122.60371
19621.0,140.42645
19652.0,137.94443
19680.0,143.58409
19663.0,128.35094
19664.0,128.50906
19665.0,130.38065
19666.0,129.91899
19667.0,138.57
19668.0,163.18848
19669.0,123.23901
19670.0,134.33028
19671.0,129.90999
19672.0,134.20364
19673.0,137.04147
19674.0,155.3691
19675.0,161.3988
19676.0,120.87768
19677.0,133.71852
19678.0,131.14107
19622.0,144.14597
19653.0,147.87158
19681.0,162.94496
19691.0,132.72722
19692.0,132.72133
19693.0,137.1342
19694.0,141.02524
19695.0,161.37434
19696.0,164.95813
19697.0,123.41523
19698.0,134.91583
19699.0,130.9391
19700.0,135.72234
19701.0,137.955
19702.0,156.67668
19703.0,162.53557
19704.0,121.93067
19705.0,134.64519
19706.0,132.74022
19707.0,136.52705
19708.0,137.3577
19709.0,155.33769
19623.0,171.30292
19654.0,123.72295
19682.0,133.16129
19624.0,139.06392
19655.0,136.48071
19683.0,140.87265
19625.0,151.63644
19656.0,168.13611
19684.0,173.5786
19626.0,175.93364
19657.0,128.52605
19685.0,141.3036
19627.0,121.29101
19658.0,122.156654
19686.0,127.962166
19628.0,142.29787
19659.0,147.95798
19687.0,103.43144
19629.0,103.795975
19660.0,116.17215
19688.0,117.26065
19630.0,130.59781
19661.0,137.69649
19689.0,150.03938
19631.0,129.6571
19662.0,135.88406
19690.0,93.71624
20520.0,19.059158
20551.0,113.66264
20579.0,110.22511
20532.0,123.26168
20533.0,124.90798
20534.0,97.668205
20535.0,116.99455
20536.0,126.76981
20537.0,131.05534
20538.0,132.27383
20539.0,143.19426
20540.0,146.49367
20541.0,113.18664
20542.0,124.822334
20543.0,125.75829
20544.0,131.34094
20545.0,131.55116
20546.0,142.53824
20547.0,142.65288
20548.0,108.42147
20549.0,122.41357
20550.0,125.66601
20521.0,141.21547
20552.0,138.13725
20580.0,146.63426
20563.0,130.2606
20564.0,129.76218
20565.0,131.3282
20566.0,131.36484
20567.0,141.76059
20568.0,163.4395
20569.0,123.282425
20570.0,134.37372
20571.0,130.00613
20572.0,134.61304
20573.0,137.01878
20574.0,156.03766
20575.0,162.14734
20576.0,121.93775
20577.0,134.88004
20578.0,131.01251
20522.0,145.59003
20553.0,148.66586
20581.0,163.13124
20591.0,133.59023
20592.0,132.93561
20593.0,137.34651
20594.0,141.03456
20595.0,162.07494
20596.0,165.93456
20597.0,124.403305
20598.0,135.90395
20599.0,131.70181
20600.0,136.7983
20601.0,138.59888
20602.0,158.01181
20603.0,163.95067
20604.0,123.65733
20605.0,136.55795
20606.0,133.36295
20607.0,136.68501
20608.0,137.44907
20609.0,156.12033
20523.0,171.63991
20554.0,124.9952
20582.0,133.67773
20524.0,140.33617
20555.0,137.75296
20583.0,141.56091
20525.0,152.43074
20556.0,169.6584
20584.0,174.71642
20526.0,177.04608
20557.0,129.39441
20585.0,141.41617
20527.0,121.8874
20558.0,123.08698
20586.0,127.53074
20528.0,144.89186
20559.0,148.85732
20587.0,103.98056
20529.0,104.91477
20560.0,117.05141
20588.0,117.38409
20530.0,132.54765
20561.0,138.51872
20589.0,150.68237
20531.0,131.29385
20562.0,136.60426
20590.0,93.850136
21420.0,47.822453
21451.0,117.27574
21479.0,113.008194
21432.0,126.86683
21433.0,128.26973
21434.0,103.07623
21435.0,123.31122
21436.0,125.37928
21437.0,128.61743
21438.0,132.49442
21439.0,141.41762
21440.0,144.54922
21441.0,112.00501
21442.0,125.176
21443.0,123.07957
21444.0,126.27233
21445.0,131.08981
21446.0,141.239
21447.0,141.6253
21448.0,109.40602
21449.0,122.591774
21450.0,124.7808
21421.0,138.36502
21452.0,138.20815
21480.0,145.4554
21463.0,131.014
21464.0,129.81511
21465.0,129.15091
21466.0,129.38622
21467.0,138.27386
21468.0,163.4395
21469.0,123.282425
21470.0,134.37372
21471.0,130.00613
21472.0,134.61304
21473.0,137.01878
21474.0,156.03766
21475.0,162.14734
21476.0,121.93775
21477.0,134.88004
21478.0,131.01251
21422.0,145.59003
21453.0,148.66586
21481.0,163.13124
21491.0,133.59023
21492.0,132.93561
21493.0,137.34651
21494.0,141.03456
21495.0,162.07494
21496.0,165.93456
21497.0,124.403305
21498.0,135.90395
21499.0,131.70181
21500.0,136.7983
21501.0,138.59888
21502.0,158.01181
21503.0,163.95067
21504.0,123.65733
21505.0,136.55795
21506.0,133.36295
21507.0,136.68501
21508.0,137.44907
21509.0,156.12033
21423.0,171.63991
21454.0,124.9952
21482.0,133.67773
21424.0,140.33617
21455.0,137.75296
21483.0,141.56091
21425.0,152.43074
21456.0,169.6584
21484.0,174.71642
21426.0,177.04608
21457.0,129.39441
21485.0,141.41617
21427.0,121.8874
21458.0,123.08698
21486.0,127.53074
21428.0,144.89186
21459.0,148.85732
21487.0,103.98056
21429.0,104.91477
21460.0,117.05141
21488.0,117.38409
21430.0,132.54765
21461.0,138.51872
21489.0,150.68237
21431.0,131.25768
21462.0,136.60426
21490.0,93.850136
22320.0,57.129387
22351.0,115.7394
22379.0,115.48448
22332.0,124.44259
22333.0,129.14754
22334.0,104.94099
22335.0,127.29188
22336.0,125.756935
22337.0,128.55865
22338.0,131.99977
22339.0,139.38757
22340.0,143.12798
22341.0,112.28713
22342.0,123.48631
22343.0,122.26857
22344.0,126.87052
22345.0,130.1096
22346.0,138.72075
22347.0,143.07352
22348.0,108.07136
22349.0,123.068275
22350.0,122.52454
22321.0,138.8937
22352.0,138.20232
22380.0,145.44249
22363.0,130.35405
22364.0,129.27621
22365.0,128.66124
22366.0,130.38628
22367.0,140.34026
22368.0,164.02344
22369.0,123.80844
22370.0,134.89972
22371.0,130.44556
22372.0,135.05246
22373.0,137.4582
22374.0,156.47708
22375.0,162.73128
22376.0,122.46375
22377.0,135.40604
22378.0,131.45193
22322.0,146.02945
22353.0,149.10529
22381.0,163.57066
22391.0,134.0426
22392.0,133.37503
22393.0,137.78593
22394.0,141.47398
22395.0,162.51436
22396.0,166.5185
22397.0,124.929306
22398.0,136.42995
22399.0,132.14124
22400.0,137.23772
22401.0,139.0383
22402.0,158.45123
22403.0,164.5346
22404.0,124.18335
22405.0,137.08395
22406.0,133.80237
22407.0,137.12444
22408.0,137.88849
22409.0,156.1678
22323.0,172.22385
22354.0,125.43465
22382.0,134.11716
22324.0,140.77559
22355.0,138.19238
22383.0,142.00034
22325.0,152.87016
22356.0,170.09782
22384.0,175.30035
22326.0,177.54486
22357.0,129.83383
22385.0,141.85559
22327.0,122.326836
22358.0,123.52642
22386.0,127.97019
22328.0,145.36049
22359.0,149.3853
22387.0,104.42
22329.0,105.6562
22360.0,117.79283
22388.0,118.12551
22330.0,133.07515
22361.0,139.08678
22389.0,151.10762
22331.0,131.64238
22362.0,137.04832
22390.0,94.23485
23220.0,33.189487
23251.0,115.870636
23279.0,114.492035
23232.0,128.79279
23233.0,129.6354
23234.0,102.67541
23235.0,120.354294
23236.0,129.8254
23237.0,130.10945
23238.0,135.19095
23239.0,147.01279
23240.0,150.11163
23241.0,115.30515
23242.0,127.06608
23243.0,126.20403
23244.0,133.28592
23245.0,134.04958
23246.0,146.00479
23247.0,146.07758
23248.0,109.2237
23249.0,123.360146
23250.0,126.23621
23221.0,143.40002
23252.0,141.63422
23280.0,150.22592
23263.0,132.95857
23264.0,132.11371
23265.0,134.83243
23266.0,135.6414
23267.0,144.78862
23268.0,167.44014
23269.0,125.51094
23270.0,137.48355
23271.0,133.63727
23272.0,138.14937
23273.0,141.16685
23274.0,160.3966
23275.0,164.68857
23276.0,122.299034
23277.0,135.42831
23278.0,132.49095
23222.0,148.61151
23253.0,152.23837
23281.0,168.02705
23291.0,135.9318
23292.0,135.52754
23293.0,140.4739
23294.0,144.71297
23295.0,167.38498
23296.0,169.81606
23297.0,126.51272
23298.0,138.89464
23299.0,134.94754
23300.0,140.33463
23301.0,142.74695
23302.0,162.37076
23303.0,166.4919
23304.0,124.018616
23305.0,137.10622
23306.0,134.84137
23307.0,138.83437
23308.0,140.16757
23309.0,160.22018
23223.0,175.81526
23254.0,127.36909
23282.0,136.22275
23224.0,144.76926
23255.0,142.18605
23283.0,146.162
23225.0,156.23126
23256.0,174.78226
23284.0,179.42822
23226.0,179.62723
23257.0,131.1942
23285.0,143.21596
23227.0,122.520256
23258.0,123.577225
23286.0,128.08745
23228.0,146.32463
23259.0,150.85684
23287.0,104.79501
23229.0,105.294106
23260.0,117.78199
23288.0,118.11467
23230.0,132.14684
23261.0,138.8333
23289.0,151.25093
23231.0,131.91553
23262.0,138.3341
23290.0,94.2704
24120.0,16.194412
24151.0,114.61568
24179.0,111.32118
24132.0,126.16501
24133.0,127.40242
24134.0,99.197395
24135.0,115.407745
24136.0,128.42973
24137.0,132.8178
24138.0,134.97487
24139.0,146.58492
24140.0,150.30353
24141.0,114.63404
24142.0,126.65148
24143.0,126.57014
24144.0,132.88757
24145.0,133.28535
24146.0,146.01288
24147.0,145.84027
24148.0,109.43498
24149.0,123.13879
24150.0,125.83181
24121.0,142.23926
24152.0,140.3919
24180.0,149.22159
24163.0,131.30025
24164.0,131.77446
24165.0,133.51685
24166.0,135.36375
24167.0,145.5432
24168.0,167.53352
24169.0,125.58518
24170.0,137.5578
24171.0,133.71152
24172.0,138.22362
24173.0,141.26024
24174.0,160.48999
24175.0,164.78195
24176.0,122.373276
24177.0,135.50256
24178.0,132.5652
24122.0,148.61676
24153.0,152.26276
24181.0,168.05144
24191.0,135.93704
24192.0,135.53279
24193.0,140.54816
24194.0,144.80635
24195.0,167.47836
24196.0,169.90944
24197.0,126.58696
24198.0,138.96889
24199.0,135.02179
24200.0,140.40887
24201.0,142.84033
24202.0,162.46414
24203.0,166.58528
24204.0,124.09286
24205.0,137.18047
24206.0,134.91562
24207.0,138.65459
24208.0,140.00693
24209.0,160.05954
24123.0,175.83965
24154.0,127.37434
24182.0,136.228
24124.0,144.7745
24155.0,142.1913
24183.0,146.16725
24125.0,156.25565
24156.0,174.80664
24184.0,179.4526
24126.0,179.65161
24157.0,131.19945
24185.0,143.2212
24127.0,122.5255
24158.0,123.582466
24186.0,128.11183
24128.0,146.34901
24159.0,150.88123
24187.0,104.800255
24129.0,105.29935
24160.0,117.78723
24188.0,118.11991
24130.0,132.15208
24161.0,138.85768
24189.0,151.27531
24131.0,131.92078
24162.0,138.33936
24190.0,94.27564
25020.0,61.007736
25051.0,121.64742
25079.0,113.91428
25032.0,128.88593
25033.0,141.75243
25034.0,111.760445
25035.0,130.18481
25036.0,128.6713
25037.0,124.02115
25038.0,133.2094
25039.0,143.94865
25040.0,147.91582
25041.0,113.559715
25042.0,125.02342
25043.0,124.49512
25044.0,124.61439
25045.0,132.03123
25046.0,140.99155
25047.0,143.09328
25048.0,108.4099
25049.0,121.33441
25050.0,115.50762
25021.0,139.03252
25052.0,140.4407
25080.0,146.27621
25063.0,131.45346
25064.0,130.75854
25065.0,124.90251
25066.0,134.25105
25067.0,141.8316
25068.0,168.15497
25069.0,126.206635
25070.0,138.17924
25071.0,134.33296
25072.0,138.84506
25073.0,141.88168
25074.0,161.11143
25075.0,165.4034
25076.0,122.99473
25077.0,136.12401
25078.0,133.18665
25022.0,149.2382
25053.0,152.8842
25081.0,168.67288
25091.0,136.55849
25092.0,136.15424
25093.0,141.1696
25094.0,145.4278
25095.0,168.09981
25096.0,170.53088
25097.0,127.20841
25098.0,139.59033
25099.0,135.64323
25100.0,141.03032
25101.0,143.46178
25102.0,163.08559
25103.0,167.20673
25104.0,124.71431
25105.0,137.80191
25106.0,135.53706
25107.0,139.27603
25108.0,140.62837
25109.0,160.68098
25023.0,176.46109
25054.0,127.99577
25082.0,136.84944
25024.0,145.39595
25055.0,142.81274
25083.0,146.7887
25025.0,156.87709
25056.0,175.42809
25084.0,180.07405
25026.0,180.27306
25057.0,131.82089
25085.0,143.84265
25027.0,122.84633
25058.0,123.9033
25086.0,128.43266
25028.0,146.66985
25059.0,151.20206
25087.0,105.121086
25029.0,105.62018
25060.0,118.10806
25088.0,118.44074
25030.0,132.47292
25061.0,139.17851
25089.0,151.59615
25031.0,132.24161
25062.0,138.66019
25090.0,94.59647
25920.0,52.947968
25951.0,116.27327
25979.0,115.509384
25932.0,125.43731
25933.0,130.17531
25934.0,107.40286
25935.0,121.102104
25936.0,127.34246
25937.0,129.79335
25938.0,133.27502
25939.0,146.21454
25940.0,150.64258
25941.0,112.61572
25942.0,124.465416
25943.0,125.15682
25944.0,127.16536
25945.0,133.10165
25946.0,140.7224
25947.0,145.26958
25948.0,107.61496
25949.0,123.21381
25950.0,125.951866
25921.0,139.91122
25952.0,141.12605
25980.0,147.58176
25963.0,130.83057
25964.0,133.09125
25965.0,131.30858
25966.0,132.28716
25967.0,141.25876
25968.0,166.25157
25969.0,122.69085
25970.0,135.0611
25971.0,132.511
25972.0,136.53223
25973.0,139.0515
25974.0,157.8385
25975.0,164.04915
25976.0,118.92137
25977.0,132.58418
25978.0,131.3742
25922.0,145.89647
25953.0,150.65254
25981.0,165.90121
25991.0,132.58615
25992.0,132.98305
25993.0,138.38646
25994.0,142.91524
25995.0,164.67245
25996.0,168.15532
25997.0,122.888985
25998.0,135.66852
25999.0,133.01761
26000.0,137.91382
26001.0,140.05667
26002.0,159.2355
26003.0,165.30301
26004.0,120.063805
26005.0,133.68494
26006.0,133.14748
26007.0,136.40512
26008.0,137.69711
26009.0,157.2416
25923.0,174.25513
25954.0,124.52664
25982.0,134.22888
25924.0,141.61081
25955.0,139.4186
25983.0,143.84831
25925.0,154.05128
25956.0,171.8169
25984.0,177.3142
25926.0,177.26611
25957.0,127.52551
25985.0,139.73392
25927.0,119.37941
25958.0,120.67353
25986.0,124.30123
25928.0,143.5166
25959.0,149.18564
25987.0,102.13186
25929.0,103.64118
25960.0,115.835014
25988.0,115.39984
25930.0,131.62187
25961.0,137.10753
25989.0,148.73103
25931.0,129.78583
25962.0,136.42981
25990.0,92.36576
26820.0,27.292793
26851.0,112.67136
26879.0,111.91405
26832.0,123.56805
26833.0,128.75433
26834.0,99.997665
26835.0,115.897705
26836.0,132.7368
26837.0,135.01155
26838.0,136.06253
26839.0,146.555
26840.0,151.09236
26841.0,117.28512
26842.0,128.64597
26843.0,129.82913
26844.0,132.75513
26845.0,134.6148
26846.0,145.47993
26847.0,146.91191
26848.0,110.94968
26849.0,124.34745
26850.0,130.1097
26821.0,143.66483
26852.0,140.81491
26880.0,149.20352
26863.0,135.95332
26864.0,135.12148
26865.0,137.20125
26866.0,135.2552
26867.0,146.16998
26868.0,166.67369
26869.0,123.21529
26870.0,135.58554
26871.0,133.03545
26872.0,137.05667
26873.0,139.57594
26874.0,158.36295
26875.0,164.47127
26876.0,119.44581
26877.0,133.54198
26878.0,132.332
26822.0,146.42091
26853.0,151.17699
26881.0,166.42566
26891.0,133.1106
26892.0,133.50749
26893.0,138.9109
26894.0,143.43968
26895.0,165.1969
26896.0,168.57744
26897.0,123.41342
26898.0,136.19296
26899.0,133.54205
26900.0,138.43826
26901.0,140.58112
26902.0,159.75995
26903.0,165.72513
26904.0,120.58824
26905.0,134.64273
26906.0,134.10527
26907.0,137.59915
26908.0,138.89114
26909.0,158.43562
26823.0,175.03644
26854.0,125.05112
26882.0,134.75333
26824.0,142.13525
26855.0,139.94304
26883.0,144.37276
26825.0,154.39722
26856.0,172.16283
26884.0,177.91699
26826.0,178.3444
26857.0,128.34695
26885.0,140.55534
26827.0,120.47098
26858.0,121.76511
26886.0,125.39281
26828.0,143.67029
26859.0,149.62996
26887.0,102.93459
26829.0,104.44392
26860.0,115.98869
26888.0,115.19639
26830.0,131.81703
26861.0,137.30269
26889.0,148.56906
26831.0,129.97025
26862.0,136.74973
26890.0,93.19921
27720.0,42.74778
27751.0,113.790955
27779.0,111.73892
27732.0,124.7342
27733.0,130.36719
27734.0,98.639145
27735.0,121.395584
27736.0,129.05614
27737.0,131.74785
27738.0,136.44757
27739.0,145.54385
27740.0,151.55284
27741.0,114.12435
27742.0,126.04023
27743.0,124.73048
27744.0,129.33913
27745.0,134.78519
27746.0,144.364
27747.0,146.76018
27748.0,109.04244
27749.0,123.17066
27750.0,127.1699
27721.0,140.65707
27752.0,142.27325
27780.0,149.67108
27763.0,135.95332
27764.0,134.61063
27765.0,132.39383
27766.0,134.71487
27767.0,142.46936
27768.0,166.67369
27769.0,123.21529
27770.0,135.58554
27771.0,133.03545
27772.0,137.05667
27773.0,139.57594
27774.0,158.36295
27775.0,164.47127
27776.0,119.44581
27777.0,133.54198
27778.0,132.332
27722.0,146.42091
27753.0,151.17699
27781.0,166.42566
27791.0,133.1106
27792.0,133.50749
27793.0,138.9109
27794.0,143.43968
27795.0,165.1969
27796.0,168.57744
27797.0,123.41342
27798.0,136.19296
27799.0,133.54205
27800.0,138.43826
27801.0,140.58112
27802.0,159.75995
27803.0,165.72513
27804.0,120.58824
27805.0,134.64273
27806.0,134.10527
27807.0,137.59915
27808.0,138.89114
27809.0,158.43562
27723.0,175.03644
27754.0,125.05112
27782.0,134.75333
27724.0,142.16539
27755.0,139.94304
27783.0,144.37276
27725.0,154.39722
27756.0,172.16283
27784.0,177.91699
27726.0,178.3444
27757.0,128.34695
27785.0,140.55534
27727.0,120.47098
27758.0,121.76511
27786.0,125.39281
27728.0,143.67029
27759.0,149.62996
27787.0,102.93459
27729.0,104.44392
27760.0,115.98869
27788.0,115.19639
27730.0,131.81703
27761.0,137.30269
27789.0,148.56906
27731.0,130.07942
27762.0,136.8589
27790.0,93.30838
28620.0,30.599474
28651.0,112.43021
28679.0,111.807724
28632.0,125.04699
28633.0,127.26232
28634.0,100.6741
28635.0,115.99803
28636.0,131.49759
28637.0,133.99298
28638.0,135.89188
28639.0,146.55515
28640.0,151.42085
28641.0,115.94588
28642.0,128.75082
28643.0,130.0919
28644.0,134.9403
28645.0,134.7149
28646.0,145.31828
28647.0,146.93712
28648.0,111.961754
28649.0,124.887596
28650.0,129.35779
28621.0,143.48613
28652.0,141.53235
28680.0,149.5871
28663.0,136.34377
28664.0,136.50935
28665.0,137.43759
28666.0,135.01514
28667.0,146.47318
28668.0,166.6989
28669.0,123.2405
28670.0,135.61075
28671.0,133.06065
28672.0,137.53302
28673.0,140.05229
28674.0,158.8393
28675.0,164.49648
28676.0,119.47102
28677.0,133.56718
28678.0,132.35721
28622.0,147.05388
28653.0,151.80995
28681.0,167.05862
28691.0,133.15663
28692.0,133.55353
28693.0,139.54385
28694.0,144.07263
28695.0,165.82985
28696.0,168.75925
28697.0,123.59524
28698.0,136.37477
28699.0,133.72386
28700.0,139.07121
28701.0,141.21407
28702.0,160.3929
28703.0,165.90694
28704.0,120.77006
28705.0,134.82454
28706.0,134.28708
28707.0,138.2321
28708.0,139.5241
28709.0,159.06857
28623.0,175.21823
28654.0,125.23292
28682.0,134.93513
28624.0,142.1906
28655.0,139.96825
28683.0,144.8491
28625.0,154.87357
28656.0,172.63918
28684.0,177.9422
28626.0,178.36961
28657.0,128.37216
28685.0,140.58055
28627.0,120.604546
28658.0,122.24146
28686.0,125.86914
28628.0,144.14664
28659.0,149.65517
28687.0,102.67934
28629.0,104.163445
28660.0,115.70822
28688.0,114.91592
28630.0,131.88222
28661.0,137.64836
28689.0,148.91473
28631.0,130.53056
28662.0,136.8589
28690.0,93.02791
29520.0,49.354774
29551.0,113.17712
29579.0,113.2684
29532.0,124.85884
29533.0,130.55725
29534.0,99.09198
29535.0,120.99545
29536.0,127.81264
29537.0,129.07693
29538.0,135.53072
29539.0,142.19073
29540.0,148.94461
29541.0,112.113365
29542.0,125.925896
29543.0,125.22379
29544.0,131.628
29545.0,135.62537
29546.0,143.13687
29547.0,145.73573
29548.0,109.9722
29549.0,125.50045
29550.0,125.64056
29521.0,140.2375
29552.0,141.48744
29580.0,148.02399
29563.0,135.1474
29564.0,133.78519
29565.0,132.54587
29566.0,134.5289
29567.0,142.63861
29568.0,166.66861
29569.0,123.05381
29570.0,135.42407
29571.0,132.87398
29572.0,137.34634
29573.0,139.48453
29574.0,158.4015
29575.0,164.05869
29576.0,118.87683
29577.0,132.973
29578.0,131.76303
29522.0,146.85072
29553.0,151.63321
29581.0,167.01186
29591.0,132.95349
29592.0,133.35039
29593.0,139.35718
29594.0,143.91237
29595.0,165.69867
29596.0,168.62807
29597.0,123.40855
29598.0,136.1881
29599.0,133.53719
29600.0,138.88454
29601.0,140.6463
29602.0,159.85422
29603.0,165.36826
29604.0,120.17585
29605.0,134.23036
29606.0,133.6929
29607.0,137.63792
29608.0,138.95633
29609.0,158.52989
29523.0,175.07059
29554.0,124.854126
29582.0,134.55637
29524.0,141.81183
29555.0,139.58948
29583.0,144.47034
29525.0,154.40768
29556.0,172.20238
29584.0,177.5054
29526.0,177.9398
29557.0,127.99336
29585.0,140.20178
29527.0,120.20003
29558.0,121.836945
29586.0,125.38448
29528.0,143.96188
29559.0,149.22478
29587.0,102.27482
29529.0,103.75893
29560.0,115.3037
29588.0,114.5114
29530.0,131.4777
29561.0,137.03386
29589.0,148.72998
29531.0,130.06647
29562.0,136.14917
29590.0,92.62339
30420.0,18.218147
30451.0,112.467606
30479.0,109.361374
30432.0,122.21689
30433.0,125.92856
30434.0,97.64006
30435.0,113.54248
30436.0,131.78941
30437.0,135.16997
30438.0,135.88483
30439.0,146.2626
30440.0,150.70378
30441.0,116.93457
30442.0,127.94506
30443.0,130.3537
30444.0,135.75847
30445.0,134.16214
30446.0,145.28041
30447.0,146.3207
30448.0,111.58861
30449.0,124.989296
30450.0,129.6692
30421.0,142.91943
30452.0,140.81308
30480.0,148.44025
30463.0,134.50969
30464.0,134.86699
30465.0,136.13689
30466.0,136.18527
30467.0,145.75674
30468.0,166.34062
30469.0,122.93105
30470.0,135.3013
30471.0,132.7512
30472.0,137.113
30473.0,139.25119
30474.0,157.96295
30475.0,163.37495
30476.0,118.398346
30477.0,132.49449
30478.0,131.28452
30422.0,146.87715
30453.0,151.65964
30481.0,166.83305
30491.0,132.9799
30492.0,133.3768
30493.0,139.38359
30494.0,143.93878
30495.0,165.51987
30496.0,168.44926
30497.0,123.43496
30498.0,136.21451
30499.0,133.5636
30500.0,138.59875
30501.0,140.36052
30502.0,159.36322
30503.0,164.63208
30504.0,119.644905
30505.0,133.6994
30506.0,133.16194
30507.0,137.41362
30508.0,138.73203
30509.0,158.10037
30423.0,174.89291
30454.0,124.99161
30482.0,134.69386
30424.0,141.7739
30455.0,139.41486
30483.0,144.04909
30425.0,154.12198
30456.0,171.71147
30484.0,177.01447
30426.0,177.4489
30457.0,127.84743
30485.0,140.05583
30427.0,119.74891
30458.0,121.54568
30486.0,125.09321
30428.0,143.5198
30459.0,148.7827
30487.0,101.82367
30429.0,103.41464
30460.0,114.95942
30488.0,114.167114
30430.0,131.192
30461.0,136.74815
30489.0,148.32193
30431.0,129.65842
30462.0,135.6792
30490.0,92.37832
31320.0,47.74733
31351.0,115.99967
31379.0,113.367294
31332.0,123.66112
31333.0,128.67633
31334.0,106.25987
31335.0,120.27954
31336.0,129.46605
31337.0,134.21826
31338.0,136.13666
31339.0,144.83408
31340.0,150.40666
31341.0,112.67464
31342.0,127.67765
31343.0,125.5696
31344.0,130.70164
31345.0,133.60011
31346.0,144.28438
31347.0,144.49219
31348.0,110.121925
31349.0,122.784584
31350.0,127.94355
31321.0,140.92776
31352.0,141.3124
31380.0,147.1172
31363.0,132.90706
31364.0,134.74542
31365.0,134.2132
31366.0,132.58217
31367.0,142.98813
31368.0,166.34062
31369.0,122.93105
31370.0,135.3013
31371.0,132.7512
31372.0,137.113
31373.0,139.25119
31374.0,157.96295
31375.0,163.37495
31376.0,118.398346
31377.0,132.49449
31378.0,131.28452
31322.0,146.87715
31353.0,151.65964
31381.0,166.83305
31391.0,132.9799
31392.0,133.3768
31393.0,139.38359
31394.0,143.93878
31395.0,165.51987
31396.0,168.44926
31397.0,123.43496
31398.0,136.21451
31399.0,133.5636
31400.0,138.59875
31401.0,140.36052
31402.0,159.36322
31403.0,164.63208
31404.0,119.644905
31405.0,133.6994
31406.0,133.16194
31407.0,137.41362
31408.0,138.73203
31409.0,158.10037
31323.0,174.89291
31354.0,124.99161
31382.0,134.69386
31324.0,141.7739
31355.0,139.41486
31383.0,144.04909
31325.0,154.12198
31356.0,171.71147
31384.0,177.01447
31326.0,177.4489
31357.0,127.84743
31385.0,140.05583
31327.0,119.74891
31358.0,121.54568
31386.0,125.09321
31328.0,143.5198
31359.0,148.7827
31387.0,101.82367
31329.0,103.41464
31360.0,114.95942
31388.0,114.167114
31330.0,131.192
31361.0,136.74815
31389.0,148.32193
31331.0,129.65842
31362.0,135.6792
31390.0,92.37832
32220.0,53.579437
32251.0,105.74768
32279.0,116.59923
32232.0,125.35524
32233.0,129.27492
32234.0,102.76078
32235.0,121.506256
32236.0,127.84899
32237.0,130.21658
32238.0,136.07921
32239.0,145.2527
32240.0,150.53432
32241.0,113.351845
32242.0,126.06632
32243.0,127.539375
32244.0,129.48909
32245.0,136.10042
32246.0,143.55145
32247.0,146.36221
32248.0,110.0389
32249.0,123.03081
32250.0,126.031204
32221.0,140.59328
32252.0,140.98967
32280.0,148.48317
32263.0,133.53401
32264.0,133.75978
32265.0,132.96198
32266.0,134.20341
32267.0,143.1855
32268.0,166.20709
32269.0,122.79751
32270.0,135.16777
32271.0,132.61768
32272.0,137.16922
32273.0,139.90643
32274.0,157.82942
32275.0,163.24142
32276.0,118.2648
32277.0,132.36096
32278.0,131.15099
32222.0,146.67015
32253.0,151.30902
32281.0,166.43633
32291.0,132.89651
32292.0,133.29341
32293.0,139.4398
32294.0,144.59402
32295.0,165.38634
32296.0,168.31573
32297.0,123.3014
32298.0,136.08098
32299.0,133.43007
32300.0,138.65497
32301.0,141.01576
32302.0,159.22969
32303.0,164.49855
32304.0,119.51136
32305.0,133.56587
32306.0,133.02841
32307.0,137.46982
32308.0,139.38727
32309.0,157.96684
32223.0,174.49619
32254.0,124.64566
32282.0,134.34795
32224.0,141.42798
32255.0,139.06894
32283.0,143.89291
32225.0,153.82219
32256.0,171.36554
32284.0,176.66856
32226.0,176.8674
32257.0,127.361694
32285.0,139.47433
32227.0,119.07928
32258.0,121.06578
32286.0,124.97292
32228.0,143.0352
32259.0,148.2981
32287.0,101.43481
32229.0,103.02578
32260.0,114.47479
32288.0,113.68249
32230.0,130.89714
32261.0,136.81293
32289.0,147.83733
32231.0,129.37306
32262.0,135.14662
32290.0,92.04175
33120.0,20.562319
33151.0,113.63451
33179.0,110.11038
33132.0,124.85773
33133.0,129.54933
33134.0,99.125786
33135.0,115.79474
33136.0,133.7224
33137.0,136.49117
33138.0,136.89618
33139.0,148.16507
33140.0,152.15459
33141.0,118.54459
33142.0,129.10971
33143.0,131.10715
33144.0,136.34166
33145.0,136.38278
33146.0,146.04369
33147.0,147.38853
33148.0,113.14758
33149.0,126.699135
33150.0,130.38957
33121.0,144.41298
33152.0,141.22856
33180.0,149.91762
33163.0,135.4117
33164.0,136.28566
33165.0,138.67741
33166.0,138.83032
33167.0,147.28683
33168.0,166.97974
33169.0,124.19883
33170.0,135.6024
33171.0,133.0523
33172.0,138.10516
33173.0,140.43944
33174.0,158.50574
33175.0,164.40031
33176.0,119.90657
33177.0,132.71638
33178.0,131.50641
33122.0,147.06046
33153.0,151.1429
33181.0,166.93872
33191.0,133.33115
33192.0,133.72804
33193.0,140.37958
33194.0,145.13086
33195.0,166.06648
33196.0,169.5105
33197.0,124.702736
33198.0,136.51561
33199.0,133.8647
33200.0,139.59091
33201.0,141.54877
33202.0,159.906
33203.0,165.6269
33204.0,120.71635
33205.0,133.48451
33206.0,132.94705
33207.0,137.74083
33208.0,139.25534
33209.0,157.65266
33123.0,175.5132
33154.0,126.79187
33182.0,135.52748
33124.0,142.82983
33155.0,140.4708
33183.0,144.50555
33125.0,154.05693
33156.0,171.0873
33184.0,176.9049
33126.0,177.19621
33157.0,129.77954
33185.0,140.92545
33127.0,121.22986
33158.0,122.69715
33186.0,126.39106
33128.0,143.45163
33159.0,149.49911
33187.0,104.43326
33129.0,105.509056
33160.0,116.840965
33188.0,116.293846
33130.0,132.68015
33161.0,138.37251
33189.0,149.1752
33131.0,130.46178
33162.0,137.49384
33190.0,95.51623
34020.0,55.418118
34051.0,108.69669
34079.0,115.22568
34032.0,125.24408
34033.0,128.90497
34034.0,107.60347
34035.0,123.47256
34036.0,128.74277
34037.0,131.03012
34038.0,136.45186
34039.0,145.94447
34040.0,147.0486
34041.0,114.5108
34042.0,126.589836
34043.0,128.17378
34044.0,129.92921
34045.0,135.1646
34046.0,142.39719
34047.0,141.68369
34048.0,110.16
34049.0,123.751076
34050.0,123.95671
34021.0,142.14752
34052.0,140.70956
34080.0,146.9748
34063.0,134.12157
34064.0,135.00195
34065.0,132.95395
34066.0,135.65349
34067.0,143.12236
34068.0,167.065
34069.0,124.28411
34070.0,135.68668
34071.0,133.13658
34072.0,138.18944
34073.0,140.52371
34074.0,158.59001
34075.0,164.37505
34076.0,119.881294
34077.0,132.69112
34078.0,131.48114
34022.0,147.15067
34053.0,151.23311
34081.0,167.02893
34091.0,133.42136
34092.0,133.81825
34093.0,140.46979
34094.0,145.22107
34095.0,166.15175
34096.0,169.59576
34097.0,124.78802
34098.0,136.59988
34099.0,133.94897
34100.0,139.67519
34101.0,141.63304
34102.0,159.99028
34103.0,165.60164
34104.0,120.69107
34105.0,133.45924
34106.0,132.92178
34107.0,137.71556
34108.0,139.23007
34109.0,157.6274
34023.0,175.60341
34054.0,126.882095
34082.0,135.61769
34024.0,142.92004
34055.0,140.561
34083.0,144.59576
34025.0,154.14714
34056.0,171.1775
34084.0,176.99512
34026.0,177.28642
34057.0,129.86975
34085.0,141.01566
34027.0,121.32008
34058.0,122.78738
34086.0,126.481285
34028.0,143.54184
34059.0,149.58932
34087.0,104.52348
34029.0,105.59928
34060.0,116.93119
34088.0,116.38407
34030.0,132.77036
34061.0,138.46272
34089.0,149.26541
34031.0,130.55199
34062.0,137.58405
34090.0,95.51623
34920.0,30.156557
34951.0,113.43234
34979.0,110.9722
34932.0,127.06827
34933.0,127.87872
34934.0,102.53242
34935.0,119.99213
34936.0,134.75789
34937.0,138.19922
34938.0,138.45773
34939.0,149.2201
34940.0,154.31332
34941.0,119.90504
34942.0,130.53525
34943.0,131.73155
34944.0,135.23418
34945.0,137.33113
34946.0,146.99957
34947.0,149.29593
34948.0,114.88868
34949.0,127.69544
34950.0,130.00456
34921.0,146.70853
34952.0,142.77692
34980.0,150.89554
34963.0,138.14536
34964.0,139.11703
34965.0,140.39523
34966.0,139.00064
34967.0,146.49268
34968.0,166.64014
34969.0,126.70653
34970.0,137.66216
34971.0,134.16264
34972.0,138.71585
34973.0,141.96417
34974.0,158.398
34975.0,164.13896
34976.0,121.597084
34977.0,134.37436
34978.0,132.53001
34922.0,148.6037
34953.0,152.91841
34981.0,166.57944
34991.0,136.0586
34992.0,135.62137
34993.0,142.49185
34994.0,147.40132
34995.0,166.27327
34996.0,169.15244
34997.0,127.7127
34998.0,139.07768
34999.0,135.47736
35000.0,140.70392
35001.0,143.57582
35002.0,159.79826
35003.0,164.84477
35004.0,122.406845
35005.0,135.14249
35006.0,133.97066
35007.0,138.76443
35008.0,141.33255
35009.0,157.59508
34923.0,174.1659
34954.0,129.43634
34982.0,138.17941
34924.0,143.93837
34955.0,141.73018
34983.0,145.56445
34925.0,154.87582
34956.0,170.47101
34984.0,175.79932
34926.0,175.6094
34957.0,132.40474
34985.0,143.55815
34927.0,122.88928
34958.0,123.591736
34986.0,126.352936
34928.0,141.99902
34959.0,147.05844
34987.0,105.458336
34929.0,106.534134
34960.0,117.87355
34988.0,116.97168
34930.0,133.679
34961.0,138.86493
34989.0,147.87393
34931.0,130.8179
34962.0,136.86192
34990.0,96.31861
35820.0,20.100628
35851.0,114.37833
35879.0,110.34958
35832.0,125.85449
35833.0,126.790665
35834.0,98.85618
35835.0,115.06355
35836.0,134.3326
35837.0,138.15422
35838.0,137.96922
35839.0,148.50894
35840.0,153.57425
35841.0,119.87322
35842.0,129.57906
35843.0,131.4672
35844.0,136.31006
35845.0,136.49141
35846.0,145.5647
35847.0,148.38385
35848.0,115.1237
35849.0,127.01809
35850.0,130.50757
35821.0,145.90424
35852.0,142.07874
35880.0,151.12897
35863.0,138.65234
35864.0,138.10574
35865.0,139.87704
35866.0,139.30382
35867.0,147.54381
35868.0,165.97462
35869.0,126.70653
35870.0,137.66216
35871.0,134.16264
35872.0,138.71585
35873.0,141.96417
35874.0,156.99863
35875.0,162.46936
35876.0,121.597084
35877.0,134.37436
35878.0,132.53001
35822.0,148.6037
35853.0,152.91841
35881.0,166.12653
35891.0,136.0586
35892.0,135.62137
35893.0,142.49185
35894.0,147.40132
35895.0,165.16025
35896.0,168.48692
35897.0,127.7127
35898.0,139.07768
35899.0,135.47736
35900.0,140.70392
35901.0,143.57582
35902.0,158.3989
35903.0,163.17517
35904.0,122.406845
35905.0,135.14249
35906.0,133.97066
35907.0,138.76443
35908.0,141.33255
35909.0,156.19571
35823.0,173.74918
35854.0,129.43634
35882.0,138.17941
35824.0,143.93837
35855.0,141.73018
35883.0,145.56445
35825.0,154.89764
35856.0,170.03989
35884.0,175.40442
35826.0,175.21451
35857.0,132.19148
35885.0,143.57997
35827.0,122.9111
35858.0,123.613556
35886.0,126.374756
35828.0,141.54608
35859.0,146.64172
35887.0,105.458336
35829.0,106.534134
35860.0,117.87355
35888.0,116.97168
35830.0,133.679
35861.0,138.86493
35889.0,147.42102
35831.0,130.36499
35862.0,136.4452
35890.0,96.31861
36720.0,14.818269
36751.0,113.68527
36779.0,108.71719
36732.0,124.78786
36733.0,126.674194
36734.0,98.46537
36735.0,113.92728
36736.0,133.71541
36737.0,138.09142
36738.0,138.14568
36739.0,148.30058
36740.0,153.24411
36741.0,119.762596
36742.0,129.86569
36743.0,131.38785
36744.0,136.25162
36745.0,136.60985
36746.0,145.37064
36747.0,147.29352
36748.0,113.6536
36749.0,126.31968
36750.0,130.14218
36721.0,145.99237
36752.0,142.07874
36780.0,150.64188
36763.0,137.46225
36764.0,137.22858
36765.0,138.83884
36766.0,138.84572
36767.0,147.7379
36768.0,165.97462
36769.0,126.70924
36770.0,137.66486
36771.0,134.16534
36772.0,138.71855
36773.0,141.96417
36774.0,156.99863
36775.0,162.46936
36776.0,121.5998
36777.0,134.37706
36778.0,132.53271
36722.0,148.60638
36753.0,152.91841
36781.0,166.12653
36791.0,136.0613
36792.0,135.62407
36793.0,142.49455
36794.0,147.40132
36795.0,165.16025
36796.0,168.48692
36797.0,127.715416
36798.0,139.08038
36799.0,135.48006
36800.0,140.70662
36801.0,143.57582
36802.0,158.3989
36803.0,163.17517
36804.0,122.40956
36805.0,135.14519
36806.0,133.97336
36807.0,138.76714
36808.0,141.33255
36809.0,156.19571
36723.0,173.74918
36754.0,129.43904
36782.0,138.18211
36724.0,143.67534
36755.0,141.73288
36783.0,145.56714
36725.0,154.89764
36756.0,170.03989
36784.0,175.40442
36726.0,175.21451
36757.0,132.4264
36785.0,143.8149
36727.0,122.98543
36758.0,123.68788
36786.0,126.374756
36728.0,141.54608
36759.0,146.64172
36787.0,105.693275
36729.0,106.76907
36760.0,118.10849
36788.0,117.046005
36730.0,133.75331
36761.0,138.86493
36789.0,147.42102
36731.0,130.36499
36762.0,136.4452
36790.0,96.55355
37620.0,24.504967
37651.0,113.94621
37679.0,110.99808
37632.0,125.968445
37633.0,125.8923
37634.0,98.78407
37635.0,116.64949
37636.0,135.167
37637.0,137.20874
37638.0,138.44363
37639.0,148.67287
37640.0,153.4892
37641.0,120.8442
37642.0,130.048
37643.0,131.38785
37644.0,137.36954
37645.0,137.3199
37646.0,145.80362
37647.0,147.82327
37648.0,114.241394
37649.0,127.67309
37650.0,130.8388
37621.0,146.15363
37652.0,142.61566
37680.0,151.12897
37663.0,138.0011
37664.0,138.60643
37665.0,139.0329
37666.0,139.43584
37667.0,147.58159
37668.0,165.97462
37669.0,126.70924
37670.0,137.66486
37671.0,134.16534
37672.0,138.71855
37673.0,141.96417
37674.0,156.99863
37675.0,162.46936
37676.0,121.5998
37677.0,134.37706
37678.0,132.53271
37622.0,148.60638
37653.0,152.91841
37681.0,166.12653
37691.0,136.0613
37692.0,135.62407
37693.0,142.49455
37694.0,147.40132
37695.0,165.16025
37696.0,168.48692
37697.0,127.715416
37698.0,139.08038
37699.0,135.48006
37700.0,140.70662
37701.0,143.57582
37702.0,158.3989
37703.0,163.17517
37704.0,122.40956
37705.0,135.14519
37706.0,133.97336
37707.0,138.76714
37708.0,141.33255
37709.0,156.19571
37623.0,173.74918
37654.0,129.43904
37682.0,138.18211
37624.0,143.67534
37655.0,141.73288
37683.0,145.56714
37625.0,154.89764
37656.0,170.03989
37684.0,175.40442
37626.0,175.21451
37657.0,132.4264
37685.0,143.8149
37627.0,122.98543
37658.0,123.68788
37686.0,126.374756
37628.0,141.54608
37659.0,146.64172
37687.0,105.693275
37629.0,106.76907
37660.0,118.10849
37688.0,117.046005
37630.0,133.75331
37661.0,138.86493
37689.0,147.42102
37631.0,130.36499
37662.0,136.4452
37690.0,96.55355
38520.0,36.301517
38551.0,115.51558
38579.0,113.30235
38532.0,126.777115
38533.0,127.20723
38534.0,103.01995
38535.0,119.11601
38536.0,135.12386
38537.0,136.79532
38538.0,138.52768
38539.0,148.37047
38540.0,153.4892
38541.0,120.0965
38542.0,127.44831
38543.0,129.00386
38544.0,133.78162
38545.0,135.49518
38546.0,145.77115
38547.0,147.70456
38548.0,111.88705
38549.0,126.36936
38550.0,128.3429
38521.0,145.76512
38552.0,143.16681
38580.0,150.04184
38563.0,137.41917
38564.0,138.82996
38565.0,137.82304
38566.0,137.56241
38567.0,146.47778
38568.0,165.97462
38569.0,126.70924
38570.0,137.66486
38571.0,134.16534
38572.0,138.71855
38573.0,141.96417
38574.0,156.99863
38575.0,162.46936
38576.0,121.5998
38577.0,134.37706
38578.0,132.53271
38522.0,148.60638
38553.0,152.91841
38581.0,166.12653
38591.0,136.0613
38592.0,135.62407
38593.0,142.49455
38594.0,147.40132
38595.0,165.16025
38596.0,168.48692
38597.0,127.715416
38598.0,139.08038
38599.0,135.48006
38600.0,140.70662
38601.0,143.57582
38602.0,158.3989
38603.0,163.17517
38604.0,122.40956
38605.0,135.14519
38606.0,133.97336
38607.0,138.76714
38608.0,141.33255
38609.0,156.19571
38523.0,173.74918
38554.0,129.43904
38582.0,138.18211
38524.0,143.67534
38555.0,141.73288
38583.0,145.56714
38525.0,154.89764
38556.0,170.03989
38584.0,175.40442
38526.0,175.21451
38557.0,132.4264
38585.0,143.8149
38527.0,122.98543
38558.0,123.68788
38586.0,126.374756
38528.0,141.54608
38559.0,146.64172
38587.0,105.693275
38529.0,106.76907
38560.0,118.10849
38588.0,117.046005
38530.0,133.93416
38561.0,139.04578
38589.0,147.60187
38531.0,130.36499
38562.0,136.4452
38590.0,96.55355
39420.0,20.500431
39451.0,112.32266
39479.0,109.988846
39432.0,124.566284
39433.0,125.19954
39434.0,98.33087
39435.0,114.724396
39436.0,134.60051
39437.0,138.34537
39438.0,137.76564
39439.0,147.78673
39440.0,152.89423
39441.0,119.59905
39442.0,129.57664
39443.0,130.98114
39444.0,136.2768
39445.0,136.56816
39446.0,144.66269
39447.0,147.11533
39448.0,113.61938
39449.0,126.754555
39450.0,130.12631
39421.0,145.92316
39452.0,141.47217
39480.0,150.36786
39463.0,138.27771
39464.0,137.6846
39465.0,139.29486
39466.0,139.32518
39467.0,147.19096
39468.0,166.06055
39469.0,126.79517
39470.0,137.75078
39471.0,134.25127
39472.0,138.80447
39473.0,142.0501
39474.0,157.08455
39475.0,162.46936
39476.0,121.5998
39477.0,134.37706
39478.0,132.53271
39422.0,148.6923
39453.0,153.00433
39481.0,166.21245
39491.0,136.14722
39492.0,135.70999
39493.0,142.58047
39494.0,147.48724
39495.0,165.24617
39496.0,168.57285
39497.0,127.80134
39498.0,139.1663
39499.0,135.56598
39500.0,140.79254
39501.0,143.66174
39502.0,158.08475
39503.0,162.7751
39504.0,122.00949
39505.0,134.74512
39506.0,133.57329
39507.0,138.36707
39508.0,140.93248
39509.0,155.79564
39423.0,173.8351
39454.0,129.52496
39482.0,138.26804
39424.0,143.76126
39455.0,141.8188
39483.0,145.65306
39425.0,154.98357
39456.0,170.12581
39484.0,175.49034
39426.0,175.30043
39457.0,132.51233
39485.0,143.90082
39427.0,123.07136
39458.0,123.77381
39486.0,126.460686
39428.0,141.632
39459.0,146.72765
39487.0,105.779205
39429.0,106.80104
39460.0,118.14046
39488.0,117.07797
39430.0,133.96613
39461.0,139.07774
39489.0,147.63383
39431.0,130.39696
39462.0,136.47717
39490.0,96.58552
40320.0,55.25553
40351.0,106.69754
40379.0,118.91614
40332.0,127.17459
40333.0,124.72212
40334.0,102.86402
40335.0,122.78206
40336.0,129.13379
40337.0,131.72011
40338.0,136.51447
40339.0,142.34431
40340.0,147.66083
40341.0,115.07925
40342.0,126.64611
40343.0,126.65098
40344.0,131.00539
40345.0,134.4019
40346.0,142.37105
40347.0,143.03899
40348.0,111.89104
40349.0,125.53886
40350.0,126.248276
40321.0,144.2286
40352.0,140.97711
40380.0,149.70013
40363.0,134.71167
40364.0,133.03067
40365.0,137.22069
40366.0,134.66124
40367.0,143.36865
40368.0,166.81618
40369.0,127.45703
40370.0,138.41269
40371.0,134.91318
40372.0,139.46638
40373.0,142.72168
40374.0,157.77042
40375.0,163.15523
40376.0,122.26171
40377.0,135.13704
40378.0,133.2927
40322.0,149.35423
40353.0,153.66626
40381.0,166.95839
40391.0,136.80913
40392.0,136.3719
40393.0,143.24239
40394.0,148.15883
40395.0,166.0018
40396.0,169.32848
40397.0,128.46333
40398.0,139.82822
40399.0,136.22789
40400.0,141.45445
40401.0,144.33333
40402.0,158.77061
40403.0,163.46097
40404.0,122.67142
40405.0,135.5051
40406.0,134.33327
40407.0,139.22847
40408.0,141.80356
40409.0,156.11804
40323.0,174.43143
40354.0,130.18687
40382.0,138.92995
40324.0,144.42317
40355.0,142.48071
40383.0,146.31497
40325.0,155.75163
40356.0,170.97792
40384.0,176.34245
40326.0,176.00291
40357.0,133.3093
40385.0,144.69778
40327.0,123.8505
40358.0,124.19865
40386.0,126.88555
40328.0,141.96815
40359.0,147.21342
40387.0,106.530396
40329.0,107.55223
40360.0,118.89165
40388.0,117.82916
40330.0,134.71732
40361.0,139.82893
40389.0,148.11961
40331.0,130.73311
40362.0,136.96295
40390.0,97.67231
41220.0,41.1646
41251.0,113.87326
41279.0,110.9492
41232.0,124.29103
41233.0,127.68361
41234.0,100.25253
41235.0,122.76936
41236.0,130.75911
41237.0,133.27866
41238.0,137.1258
41239.0,144.03308
41240.0,149.76929
41241.0,116.01051
41242.0,127.04807
41243.0,127.899025
41244.0,133.24
41245.0,135.7868
41246.0,142.4406
41247.0,144.69836
41248.0,111.50431
41249.0,124.79154
41250.0,127.7308
41221.0,147.07133
41252.0,143.35251
41280.0,148.20752
41263.0,137.34943
41264.0,138.6277
41265.0,136.54219
41266.0,137.26772
41267.0,142.6017
41268.0,166.34325
41269.0,127.60464
41270.0,138.5603
41271.0,135.06079
41272.0,139.8947
41273.0,142.4875
41274.0,157.5377
41275.0,162.35521
41276.0,122.50491
41277.0,135.38023
41278.0,133.53589
41222.0,149.53468
41253.0,153.36935
41281.0,166.40999
41291.0,137.0328
41292.0,136.59558
41293.0,143.40665
41294.0,147.84572
41295.0,165.50082
41296.0,168.79613
41297.0,128.61093
41298.0,139.97583
41299.0,136.3755
41300.0,141.82335
41301.0,144.03973
41302.0,158.47849
41303.0,162.60153
41304.0,122.85961
41305.0,135.69328
41306.0,134.52145
41307.0,139.41666
41308.0,141.56938
41309.0,156.29411
41223.0,173.34164
41254.0,130.38104
41282.0,139.12411
41224.0,144.61734
41255.0,142.67488
41283.0,146.50914
41225.0,155.44926
41256.0,170.49718
41284.0,174.81042
41226.0,174.21815
41257.0,133.90381
41285.0,145.05722
41227.0,123.966095
41258.0,124.31424
41286.0,126.22886
41228.0,141.69951
41259.0,146.0646
41287.0,106.90021
41229.0,107.34124
41260.0,118.68067
41288.0,117.61819
41230.0,134.47705
41261.0,138.8164
41289.0,147.03055
41231.0,129.27107
41262.0,134.47562
41290.0,96.909485
42120.0,15.927493
42151.0,113.23634
42179.0,108.49083
42132.0,122.4283
42133.0,124.21657
42134.0,98.12907
42135.0,114.49664
42136.0,131.65872
42137.0,135.62854
42138.0,135.5026
42139.0,145.25537
42140.0,151.657
42141.0,118.599335
42142.0,127.717384
42143.0,128.53278
42144.0,133.8599
42145.0,133.0526
42146.0,142.28528
42147.0,145.44962
42148.0,113.275536
42149.0,125.883644
42150.0,129.83658
42121.0,144.73949
42152.0,139.5302
42180.0,148.30586
42163.0,136.13971
42164.0,135.3869
42165.0,136.80307
42166.0,136.7787
42167.0,144.85417
42168.0,165.81683
42169.0,125.86243
42170.0,136.95387
42171.0,133.45436
42172.0,138.28827
42173.0,141.3959
42174.0,156.4461
42175.0,161.8288
42176.0,120.89851
42177.0,134.66823
42178.0,132.82388
42122.0,148.63501
42153.0,152.42082
42181.0,165.46146
42191.0,135.17094
42192.0,134.73372
42193.0,141.54478
42194.0,146.63461
42195.0,164.28972
42196.0,168.26971
42197.0,126.7568
42198.0,138.25764
42199.0,134.65732
42200.0,140.10516
42201.0,142.83638
42202.0,157.27513
42203.0,161.96336
42204.0,121.141426
42205.0,134.86952
42206.0,133.6977
42207.0,138.64854
42208.0,141.3161
42209.0,155.98206
42123.0,172.95831
42154.0,129.48135
42182.0,138.22441
42124.0,143.71764
42155.0,141.77518
42183.0,145.60945
42125.0,154.38672
42156.0,169.4346
42184.0,174.44707
42126.0,173.8548
42157.0,132.89795
42185.0,144.05136
42127.0,123.46721
42158.0,123.815384
42186.0,125.67328
42128.0,141.0266
42159.0,146.09091
42187.0,106.297874
42129.0,106.73891
42160.0,118.07832
42188.0,117.01584
42130.0,134.64598
42161.0,138.91475
42189.0,147.12892
42131.0,128.82684
42162.0,134.50192
42190.0,96.345726
43020.0,35.571556
43051.0,113.27672
43079.0,110.87796
43032.0,124.83176
43033.0,126.49831
43034.0,101.13853
43035.0,117.230545
43036.0,128.02477
43037.0,130.96053
43038.0,135.28703
43039.0,145.35075
43040.0,151.76604
43041.0,116.21695
43042.0,127.787285
43043.0,128.17188
43044.0,132.5685
43045.0,134.76317
43046.0,142.34268
43047.0,146.42328
43048.0,113.82826
43049.0,124.722664
43050.0,130.75981
43021.0,142.45183
43052.0,140.2907
43080.0,148.41396
43063.0,137.90698
43064.0,136.73434
43065.0,137.35161
43066.0,134.94652
43067.0,144.44044
43068.0,165.81683
43069.0,125.86243
43070.0,136.95387
43071.0,133.45436
43072.0,138.28827
43073.0,141.3959
43074.0,156.4461
43075.0,161.8288
43076.0,120.89851
43077.0,134.66823
43078.0,132.82388
43022.0,148.63501
43053.0,152.42082
43081.0,165.46146
43091.0,135.17094
43092.0,134.73372
43093.0,141.54478
43094.0,146.63461
43095.0,164.28972
43096.0,168.26971
43097.0,126.7568
43098.0,138.25764
43099.0,134.65732
43100.0,140.10516
43101.0,142.83638
43102.0,157.27513
43103.0,161.96336
43104.0,121.141426
43105.0,134.86952
43106.0,133.6977
43107.0,138.64854
43108.0,141.3161
43109.0,155.98206
43023.0,172.95831
43054.0,129.48135
43082.0,138.22441
43024.0,143.71764
43055.0,141.77518
43083.0,145.60945
43025.0,154.38672
43056.0,169.4346
43084.0,174.44707
43026.0,173.8548
43057.0,132.89795
43085.0,144.05136
43027.0,123.46721
43058.0,123.815384
43086.0,125.67328
43028.0,141.0266
43059.0,146.09091
43087.0,106.297874
43029.0,106.73891
43060.0,118.07832
43088.0,117.01584
43030.0,134.64598
43061.0,138.91475
43089.0,147.12892
43031.0,128.82684
43062.0,134.50192
43090.0,96.345726
43920.0,19.52793
43951.0,111.87608
43979.0,108.563065
43932.0,124.64227
43933.0,123.8116
43934.0,98.6101
43935.0,114.21185
43936.0,132.2886
43937.0,135.46458
43938.0,135.63864
43939.0,145.44943
43940.0,152.04433
43941.0,118.79341
43942.0,129.0762
43943.0,129.1008
43944.0,135.24792
43945.0,133.18864
43946.0,142.28528
43947.0,145.97937
43948.0,113.663895
43949.0,126.46609
43950.0,129.72644
43921.0,144.97932
43952.0,139.72429
43980.0,148.01286
43963.0,136.6268
43964.0,136.96246
43965.0,136.80307
43966.0,137.10097
43967.0,144.85417
43968.0,165.81683
43969.0,125.86243
43970.0,136.95387
43971.0,133.45436
43972.0,138.28827
43973.0,141.3959
43974.0,156.4461
43975.0,161.8288
43976.0,120.89851
43977.0,134.66823
43978.0,132.82388
43922.0,148.63501
43953.0,152.42082
43981.0,165.46146
43991.0,135.17094
43992.0,134.73372
43993.0,141.54478
43994.0,146.63461
43995.0,164.28972
43996.0,168.26971
43997.0,126.7568
43998.0,138.25764
43999.0,134.65732
44000.0,140.10516
44001.0,142.83638
44002.0,157.27513
44003.0,161.96336
44004.0,121.141426
44005.0,134.86952
44006.0,133.6977
44007.0,138.64854
44008.0,141.3161
44009.0,155.81491
43923.0,172.95831
43954.0,129.48135
43982.0,138.22441
43924.0,143.71764
43955.0,141.77518
43983.0,145.60945
43925.0,154.35004
43956.0,169.32487
43984.0,174.33734
43926.0,174.28857
43957.0,132.86127
43985.0,144.01468
43927.0,123.40166
43958.0,123.74983
43986.0,125.607735
43928.0,141.0266
43959.0,146.09091
43987.0,106.297874
43929.0,106.73891
43960.0,118.07832
43988.0,117.01584
43930.0,134.64598
43961.0,138.91475
43989.0,147.12892
43931.0,128.8777
43962.0,134.50192
43990.0,96.345726
44820.0,46.43481
44851.0,112.551476
44879.0,111.802864
44832.0,126.668396
44833.0,127.83482
44834.0,98.55233
44835.0,118.095726
44836.0,127.427345
44837.0,130.3051
44838.0,134.23218
44839.0,142.50613
44840.0,149.21584
44841.0,115.710365
44842.0,125.809685
44843.0,124.67516
44844.0,131.90317
44845.0,134.50665
44846.0,142.02559
44847.0,143.70456
44848.0,111.65925
44849.0,124.18276
44850.0,127.58132
44821.0,142.91922
44852.0,139.89685
44880.0,146.4404
44863.0,136.46419
44864.0,130.78253
44865.0,133.17278
44866.0,135.40822
44867.0,142.84598
44868.0,165.48741
44869.0,125.540474
44870.0,136.63193
44871.0,133.13242
44872.0,137.96632
44873.0,141.06648
44874.0,156.11668
44875.0,161.49937
44876.0,120.57656
44877.0,134.34628
44878.0,132.50194
44822.0,148.54279
44853.0,152.32115
44881.0,165.36179
44891.0,134.849
44892.0,134.41177
44893.0,141.22284
44894.0,146.30519
44895.0,163.9603
44896.0,167.94029
44897.0,126.43488
44898.0,137.9357
44899.0,134.33537
44900.0,139.78322
44901.0,142.50696
44902.0,156.94571
44903.0,161.63394
44904.0,120.81947
44905.0,134.54758
44906.0,133.37575
44907.0,138.3266
44908.0,140.98668
44909.0,155.48549
44823.0,172.89658
44854.0,129.4271
44882.0,138.17015
44824.0,143.66338
44855.0,141.72092
44883.0,145.55519
44825.0,154.2883
44856.0,169.26314
44884.0,174.2756
44826.0,174.5459
44857.0,133.12607
44885.0,144.27948
44827.0,123.30609
44858.0,123.65427
44886.0,125.504684
44828.0,141.0266
44859.0,146.09091
44887.0,106.30536
44829.0,106.753654
44860.0,118.09307
44888.0,117.03059
44830.0,134.66287
44861.0,138.91475
44889.0,147.12892
44831.0,128.8777
44862.0,134.50192
44890.0,96.362625
810.0,15.864377
841.0,112.08665
869.0,108.967094
822.0,117.24478
823.0,117.950874
824.0,92.955574
825.0,110.64019
826.0,122.452675
827.0,124.978645
828.0,129.34184
829.0,137.81073
830.0,141.98587
831.0,108.41642
832.0,121.02717
833.0,121.790504
834.0,128.00763
835.0,129.84727
836.0,135.38191
837.0,140.94542
838.0,106.41973
839.0,120.39326
840.0,123.61562
811.0,132.0119
842.0,132.16728
870.0,139.24757
853.0,123.691505
854.0,123.578224
855.0,125.78913
856.0,128.34875
857.0,135.00822
858.0,160.86896
859.0,115.29072
860.0,127.287
861.0,125.56743
862.0,132.49466
863.0,134.32086
864.0,150.9904
865.0,157.52904
866.0,112.71471
867.0,126.15179
868.0,126.52281
812.0,140.50742
843.0,146.00352
871.0,162.08234
881.0,125.867226
882.0,127.76276
883.0,134.77036
884.0,138.33676
885.0,157.57692
886.0,162.33105
887.0,115.57739
888.0,127.98294
889.0,126.46621
890.0,133.29565
891.0,134.47295
892.0,151.58885
893.0,157.9567
894.0,114.141945
895.0,127.515076
896.0,128.55862
897.0,133.94096
898.0,132.6667
899.0,150.70215
813.0,171.41678
844.0,119.73305
872.0,131.5084
814.0,132.46721
845.0,135.44879
873.0,142.16129
815.0,148.2744
846.0,168.11353
874.0,172.73935
816.0,171.1843
847.0,123.42067
875.0,133.79898
817.0,115.803
848.0,122.17113
876.0,125.34242
818.0,142.96182
849.0,147.66293
877.0,100.31561
819.0,100.36382
850.0,113.51739
878.0,114.41193
820.0,129.79659
851.0,136.99269
879.0,148.40736
821.0,129.60942
852.0,135.61755
880.0,91.59227
1710.0,43.272675
1741.0,115.76151
1769.0,111.540825
1722.0,118.6947
1723.0,119.83634
1724.0,95.00785
1725.0,113.058304
1726.0,118.94727
1727.0,123.39161
1728.0,128.03229
1729.0,136.03116
1730.0,141.44116
1731.0,107.753395
1732.0,117.22767
1733.0,118.55287
1734.0,123.309456
1735.0,129.99353
1736.0,135.36232
1737.0,141.09319
1738.0,104.83117
1739.0,119.36413
1740.0,122.32043
1711.0,131.51222
1742.0,132.09291
1770.0,139.79016
1753.0,124.287224
1754.0,124.14947
1755.0,125.47694
1756.0,126.34523
1757.0,133.38734
1758.0,161.28203
1759.0,115.02846
1760.0,127.02472
1761.0,125.30517
1762.0,132.23239
1763.0,134.0586
1764.0,150.72813
1765.0,157.50713
1766.0,112.57401
1767.0,126.01109
1768.0,126.38213
1712.0,140.24515
1743.0,145.74126
1771.0,161.82007
1781.0,125.604965
1782.0,127.50049
1783.0,134.50809
1784.0,138.0745
1785.0,157.31465
1786.0,162.74413
1787.0,115.31513
1788.0,127.72068
1789.0,126.20394
1790.0,133.03339
1791.0,134.21068
1792.0,151.32658
1793.0,157.93478
1794.0,114.00125
1795.0,127.37439
1796.0,128.41794
1797.0,133.80028
1798.0,132.64479
1799.0,150.68024
1713.0,171.82985
1744.0,119.47079
1772.0,131.24614
1714.0,132.20494
1745.0,135.18652
1773.0,141.89902
1715.0,148.01213
1746.0,167.85126
1774.0,173.15242
1716.0,171.59737
1747.0,123.48711
1775.0,133.86542
1717.0,115.95029
1748.0,122.31843
1776.0,125.48972
1718.0,143.01373
1749.0,148.06148
1777.0,100.36752
1719.0,100.41573
1750.0,113.5693
1778.0,114.46384
1720.0,129.8485
1751.0,137.0446
1779.0,148.45927
1721.0,129.60942
1752.0,135.61755
1780.0,91.59227
2610.0,25.991749
2641.0,113.849754
2669.0,111.05839
2622.0,119.72856
2623.0,121.24523
2624.0,93.76598
2625.0,112.4981
2626.0,122.50695
2627.0,125.89074
2628.0,131.05894
2629.0,139.13731
2630.0,143.73651
2631.0,108.970314
2632.0,120.554665
2633.0,122.55201
2634.0,128.39525
2635.0,131.60017
2636.0,136.93245
2637.0,143.06258
2638.0,107.37859
2639.0,120.47692
2640.0,124.282524
2611.0,132.98578
2642.0,133.98872
2670.0,141.15858
2653.0,124.24683
2654.0,124.03376
2655.0,126.723015
2656.0,128.82802
2657.0,135.38458
2658.0,159.40753
2659.0,113.34832
2660.0,125.34455
2661.0,123.625046
2662.0,130.55225
2663.0,133.03403
2664.0,149.64014
2665.0,156.28821
2666.0,111.549446
2667.0,124.98652
2668.0,125.357544
2612.0,139.84235
2643.0,145.33846
2671.0,161.45117
2681.0,124.50747
2682.0,126.40298
2683.0,133.4106
2684.0,136.977
2685.0,156.25465
2686.0,161.85953
2687.0,113.99229
2688.0,126.39782
2689.0,124.88108
2690.0,131.71054
2691.0,133.54341
2692.0,150.83713
2693.0,157.31438
2694.0,113.47428
2695.0,126.84739
2696.0,127.89096
2697.0,133.27333
2698.0,132.11784
2699.0,150.19075
2613.0,171.76599
2644.0,119.36944
2672.0,131.24205
2614.0,131.61034
2645.0,134.59192
2673.0,141.4017
2615.0,147.94301
2646.0,167.81963
2674.0,173.21808
2616.0,170.51074
2647.0,122.36298
2675.0,132.83862
2617.0,116.40163
2648.0,122.04032
2676.0,125.55603
2618.0,143.02022
2649.0,148.12592
2677.0,101.06114
2619.0,100.35195
2650.0,113.36051
2678.0,114.35234
2620.0,129.5302
2651.0,136.9734
2679.0,148.52286
2621.0,129.14716
2652.0,135.21324
2680.0,91.64623
3510.0,16.443918
3541.0,111.592155
3569.0,109.71729
3522.0,119.3763
3523.0,118.36436
3524.0,93.33053
3525.0,113.04723
3526.0,122.85471
3527.0,126.110725
3528.0,130.27992
3529.0,138.92844
3530.0,142.96484
3531.0,108.68899
3532.0,120.343956
3533.0,122.06306
3534.0,128.9648
3535.0,130.49342
3536.0,136.8719
3537.0,141.9244
3538.0,107.23902
3539.0,120.11912
3540.0,124.08225
3511.0,131.98288
3542.0,132.88957
3570.0,140.25401
3553.0,123.65768
3554.0,124.25535
3555.0,126.4208
3556.0,128.49338
3557.0,135.3904
3558.0,159.47284
3559.0,113.34832
3560.0,125.34455
3561.0,123.625046
3562.0,130.55225
3563.0,133.03403
3564.0,149.64014
3565.0,156.35352
3566.0,111.549446
3567.0,124.98652
3568.0,125.357544
3512.0,139.84235
3543.0,145.33846
3571.0,161.45117
3581.0,124.50747
3582.0,126.40298
3583.0,133.4106
3584.0,136.977
3585.0,156.25465
3586.0,161.92484
3587.0,113.99229
3588.0,126.39782
3589.0,124.88108
3590.0,131.71054
3591.0,133.54341
3592.0,150.83713
3593.0,157.37968
3594.0,113.47428
3595.0,126.84739
3596.0,127.89096
3597.0,133.27333
3598.0,132.11784
3599.0,150.19075
3513.0,171.8313
3544.0,119.36944
3572.0,131.24205
3514.0,131.61034
3545.0,134.59192
3573.0,141.4017
3515.0,147.94301
3546.0,167.81963
3574.0,173.394
3516.0,170.68666
3547.0,122.36298
3575.0,132.83862
3517.0,116.40163
3548.0,122.04032
3576.0,125.55603
3518.0,143.02022
3549.0,148.30183
3577.0,101.06114
3519.0,100.35195
3550.0,113.36051
3578.0,114.35234
3520.0,129.5302
3551.0,136.9734
3579.0,148.52286
3521.0,129.14716
3552.0,135.22209
3580.0,91.64623
4410.0,14.744662
4441.0,112.32777
4469.0,109.651955
4422.0,118.17958
4423.0,118.674095
4424.0,93.30103
4425.0,109.99235
4426.0,122.224815
4427.0,126.110725
4428.0,130.27992
4429.0,138.44243
4430.0,143.25464
4431.0,109.17501
4432.0,120.82998
4433.0,121.86898
4434.0,127.98991
4435.0,130.49342
4436.0,136.3859
4437.0,141.53072
4438.0,107.23902
4439.0,120.11912
4440.0,123.888176
4411.0,132.4187
4442.0,132.88957
4470.0,140.25401
4453.0,123.65768
4454.0,123.544395
4455.0,126.22672
4456.0,128.68745
4457.0,135.08943
4458.0,159.47284
4459.0,113.34832
4460.0,125.34455
4461.0,123.625046
4462.0,130.55225
4463.0,133.03403
4464.0,149.64014
4465.0,156.35352
4466.0,111.549446
4467.0,124.98652
4468.0,125.357544
4412.0,139.84235
4443.0,145.33846
4471.0,161.45117
4481.0,124.50747
4482.0,126.40298
4483.0,133.4106
4484.0,136.977
4485.0,156.25465
4486.0,161.92484
4487.0,113.99229
4488.0,126.39782
4489.0,124.88108
4490.0,131.71054
4491.0,133.54341
4492.0,150.83713
4493.0,157.37968
4494.0,113.47428
4495.0,126.84739
4496.0,127.89096
4497.0,133.27333
4498.0,132.11784
4499.0,150.19075
4413.0,171.8313
4444.0,119.36944
4472.0,131.24205
4414.0,131.61034
4445.0,134.59192
4473.0,141.4017
4415.0,147.94301
4446.0,167.81963
4474.0,173.394
4416.0,170.68666
4447.0,122.36298
4475.0,132.83862
4417.0,116.40163
4448.0,122.04032
4476.0,125.55603
4418.0,143.02022
4449.0,148.30183
4477.0,101.06114
4419.0,100.35195
4450.0,113.36051
4478.0,114.35234
4420.0,129.5302
4451.0,136.9734
4479.0,148.52286
4421.0,129.14716
4452.0,135.22209
4480.0,91.64623
5310.0,45.541653
5341.0,115.22416
5369.0,114.41122
5322.0,119.91942
5323.0,119.490135
5324.0,95.78286
5325.0,114.43539
5326.0,119.50853
5327.0,122.29755
5328.0,129.24162
5329.0,135.93616
5330.0,139.00443
5331.0,107.429375
5332.0,119.779366
5333.0,120.68531
5334.0,123.01694
5335.0,131.03934
5336.0,136.53485
5337.0,140.34085
5338.0,107.21816
5339.0,119.56695
5340.0,119.50736
5311.0,132.1077
5342.0,134.27477
5370.0,139.11514
5353.0,123.980705
5354.0,120.63902
5355.0,124.86727
5356.0,127.83722
5357.0,134.5652
5358.0,159.1548
5359.0,113.56839
5360.0,125.56458
5361.0,123.845116
5362.0,130.39815
5363.0,132.87993
5364.0,149.85625
5365.0,157.11629
5366.0,111.769516
5367.0,125.20657
5368.0,125.57762
5312.0,140.07217
5343.0,145.56831
5371.0,160.87512
5381.0,124.72754
5382.0,126.62304
5383.0,133.63315
5384.0,137.19955
5385.0,156.18011
5386.0,161.23433
5387.0,114.21236
5388.0,126.61788
5389.0,125.101135
5390.0,131.55644
5391.0,133.38931
5392.0,150.68074
5393.0,157.76996
5394.0,113.69435
5395.0,127.06746
5396.0,128.11102
5397.0,133.10799
5398.0,131.9525
5399.0,150.01466
5313.0,170.5714
5344.0,119.5895
5372.0,131.4621
5314.0,131.83041
5345.0,134.812
5373.0,141.63155
5315.0,147.77974
5346.0,166.85054
5374.0,172.25414
5316.0,169.82344
5347.0,122.598976
5375.0,133.07462
5317.0,116.63762
5348.0,122.30244
5376.0,125.818146
5318.0,142.76894
5349.0,147.3667
5377.0,101.297134
5319.0,100.587944
5350.0,113.596504
5378.0,114.58833
5320.0,129.79231
5351.0,137.23552
5379.0,148.3064
5321.0,128.99132
5352.0,134.3824
5380.0,92.07676
6210.0,42.720577
6241.0,113.120636
6269.0,113.91956
6222.0,121.17685
6223.0,118.92003
6224.0,97.1128
6225.0,114.375786
6226.0,121.20806
6227.0,123.49755
6228.0,127.84979
6229.0,136.14584
6230.0,138.35307
6231.0,108.3408
6232.0,119.460396
6233.0,120.499886
6234.0,126.49311
6235.0,129.71754
6236.0,135.39578
6237.0,139.57329
6238.0,105.039894
6239.0,119.522545
6240.0,122.5068
6211.0,131.03018
6242.0,133.75665
6270.0,139.24176
6253.0,123.663414
6254.0,123.42704
6255.0,125.419395
6256.0,126.7182
6257.0,133.91335
6258.0,160.26807
6259.0,115.12764
6260.0,127.1239
6261.0,125.40433
6262.0,131.95741
6263.0,134.15726
6264.0,151.0452
6265.0,158.22955
6266.0,113.37906
6267.0,126.816124
6268.0,127.18717
6212.0,139.53404
6243.0,144.25066
6271.0,159.46912
6281.0,125.76733
6282.0,127.66289
6283.0,134.67294
6284.0,137.95744
6285.0,156.84962
6286.0,161.82812
6287.0,115.252144
6288.0,127.65769
6289.0,126.14093
6290.0,132.59624
6291.0,134.14717
6292.0,151.35022
6293.0,158.36375
6294.0,114.78443
6295.0,128.1576
6296.0,129.20114
6297.0,134.14778
6298.0,132.71036
6299.0,150.5737
6213.0,169.58727
6244.0,118.55377
6272.0,130.42639
6214.0,131.2762
6245.0,133.76021
6273.0,140.57976
6215.0,146.94359
6246.0,165.42844
6274.0,170.75632
6216.0,168.8232
6247.0,121.490585
6275.0,131.96622
6217.0,115.95103
6248.0,121.194046
6276.0,124.48439
6218.0,141.76863
6249.0,145.86891
6277.0,100.18874
6219.0,99.90135
6250.0,112.48811
6278.0,113.47994
6220.0,129.10573
6251.0,135.9018
6279.0,146.8843
6221.0,128.18222
6252.0,133.50256
6280.0,90.78893
7110.0,55.31559
7141.0,115.49014
7169.0,117.4004
7122.0,120.95352
7123.0,120.47038
7124.0,99.194916
7125.0,121.82139
7126.0,119.35764
7127.0,124.427505
7128.0,126.35343
7129.0,134.96347
7130.0,136.29187
7131.0,106.38562
7132.0,116.603905
7133.0,117.61049
7134.0,118.412766
7135.0,127.373146
7136.0,134.5583
7137.0,136.32704
7138.0,104.92575
7139.0,115.44773
7140.0,120.130684
7111.0,130.05586
7142.0,131.02423
7170.0,138.59732
7153.0,121.94913
7154.0,121.41763
7155.0,123.58316
7156.0,125.05748
7157.0,137.12624
7158.0,160.54628
7159.0,114.35628
7160.0,126.352486
7161.0,124.7824
7162.0,131.35428
7163.0,133.90411
7164.0,151.03157
7165.0,158.54575
7166.0,112.474365
7167.0,126.29938
7168.0,126.819824
7112.0,139.24562
7143.0,144.2679
7171.0,159.73221
7181.0,125.680954
7182.0,127.793884
7183.0,134.82277
7184.0,138.41295
7185.0,157.55098
7186.0,162.85933
7187.0,115.23375
7188.0,127.63927
7189.0,126.27194
7190.0,132.74606
7191.0,134.64699
7192.0,152.02162
7193.0,159.36497
7194.0,114.57347
7195.0,128.33455
7196.0,129.52751
7197.0,134.48428
7198.0,133.53018
7199.0,151.17404
7113.0,169.9353
7144.0,118.29632
7172.0,130.16893
7114.0,131.01877
7145.0,133.65219
7173.0,140.29132
7115.0,147.11327
7146.0,165.69153
7174.0,171.10435
7116.0,168.78946
7147.0,121.30715
7175.0,131.78278
7117.0,115.917
7148.0,120.97956
7176.0,124.34629
7118.0,141.19148
7149.0,145.37671
7177.0,99.2281
7119.0,98.768974
7150.0,111.355736
7178.0,112.49698
7120.0,127.79924
7151.0,134.9439
7179.0,145.94582
7121.0,127.41783
7152.0,132.82315
7180.0,89.23116
8010.0,36.263706
8041.0,114.3139
8069.0,112.42703
8022.0,121.36248
8023.0,126.3108
8024.0,97.07327
8025.0,114.61037
8026.0,119.76467
8027.0,120.43302
8028.0,125.86656
8029.0,134.80861
8030.0,139.434
8031.0,106.46862
8032.0,117.58042
8033.0,119.19224
8034.0,123.57183
8035.0,127.62596
8036.0,134.98584
8037.0,140.19675
8038.0,106.5042
8039.0,118.92017
8040.0,122.20318
8011.0,130.40141
8042.0,131.08907
8070.0,137.54628
8053.0,122.761894
8054.0,122.77032
8055.0,122.68258
8056.0,123.91223
8057.0,131.90993
8058.0,159.405
8059.0,114.66781
8060.0,125.802505
8061.0,124.003716
8062.0,130.30376
8063.0,133.3126
8064.0,150.35564
8065.0,157.95161
8066.0,112.97383
8067.0,125.9373
8068.0,126.57386
8012.0,139.07869
8043.0,143.60765
8071.0,158.95483
8081.0,125.66654
8082.0,127.550804
8083.0,134.30786
8084.0,137.47507
8085.0,156.40967
8086.0,161.71802
8087.0,115.545265
8088.0,127.08926
8089.0,125.49324
8090.0,131.69554
8091.0,134.05551
8092.0,151.43407
8093.0,158.85922
8094.0,115.07294
8095.0,127.97251
8096.0,129.28156
8097.0,133.96649
8098.0,133.67818
8099.0,151.23755
8013.0,169.32222
8044.0,118.91203
8072.0,129.92314
8014.0,131.17325
8045.0,133.20615
8073.0,139.57344
8015.0,147.22717
8046.0,165.31654
8074.0,170.72937
8016.0,169.2929
8047.0,121.57921
8075.0,132.05484
8017.0,117.05274
8048.0,121.120026
8076.0,124.48671
8018.0,142.45088
8049.0,146.26427
8077.0,100.74131
8019.0,100.47887
8050.0,112.69379
8078.0,113.606346
8020.0,128.01053
8051.0,134.78336
8079.0,146.36656
8021.0,128.16866
8052.0,133.31902
8080.0,89.76341
8910.0,52.77342
8941.0,115.44619
8969.0,121.243515
8922.0,121.42898
8923.0,121.92316
8924.0,105.380844
8925.0,114.61923
8926.0,118.916695
8927.0,120.80977
8928.0,125.088684
8929.0,133.26918
8930.0,137.41646
8931.0,104.30984
8932.0,115.55847
8933.0,116.708626
8934.0,121.16406
8935.0,126.34978
8936.0,133.91055
8937.0,135.5834
8938.0,102.56059
8939.0,117.2013
8940.0,118.824936
8911.0,129.0511
8942.0,131.00523
8970.0,137.16881
8953.0,119.75833
8954.0,120.381226
8955.0,120.93244
8956.0,124.188995
8957.0,130.35767
8958.0,159.26367
8959.0,113.63225
8960.0,125.04487
8961.0,124.064224
8962.0,130.18529
8963.0,133.19438
8964.0,150.21431
8965.0,157.81029
8966.0,112.36964
8967.0,125.56578
8968.0,127.34048
8912.0,139.09908
8943.0,143.4894
8971.0,158.8135
8981.0,124.33609
8982.0,126.979965
8983.0,133.61108
8984.0,137.29828
8985.0,156.20981
8986.0,161.51816
8987.0,114.451164
8988.0,126.27307
8989.0,125.49525
8990.0,131.51854
8991.0,133.87875
8992.0,151.29274
8993.0,158.7179
8994.0,114.46874
8995.0,127.60098
8996.0,130.04819
8997.0,134.99069
8998.0,134.40749
8999.0,151.94379
8913.0,169.1809
8944.0,117.72126
8972.0,128.43747
8914.0,130.3462
8945.0,132.53864
8973.0,138.9352
8915.0,147.10895
8946.0,165.17522
8974.0,170.58804
8916.0,169.15157
8947.0,120.35043
8975.0,130.82603
8917.0,117.04388
8948.0,120.48179
8976.0,124.36845
8918.0,142.30956
8949.0,146.12294
8977.0,99.77877
8919.0,100.17496
8950.0,111.73125
8978.0,113.2051
8920.0,128.29718
8951.0,134.66512
8979.0,146.22523
8921.0,128.02733
8952.0,133.17769
8980.0,88.80087
9810.0,54.83192
9841.0,117.37345
9869.0,120.91026
9822.0,120.90266
9823.0,127.71818
9824.0,98.888016
9825.0,121.168465
9826.0,117.56788
9827.0,121.193634
9828.0,125.04135
9829.0,134.10043
9830.0,136.50162
9831.0,104.46447
9832.0,117.53178
9833.0,115.644806
9834.0,122.18485
9835.0,125.09894
9836.0,132.6486
9837.0,136.8627
9838.0,102.9493
9839.0,116.810196
9840.0,118.7507
9811.0,129.43336
9842.0,130.60379
9870.0,135.34741
9853.0,121.98333
9854.0,121.8935
9855.0,122.542564
9856.0,123.14327
9857.0,130.05135
9858.0,159.63994
9859.0,113.73777
9860.0,125.15038
9861.0,124.169754
9862.0,130.34457
9863.0,133.35367
9864.0,150.3736
9865.0,158.18658
9866.0,112.47516
9867.0,125.67131
9868.0,127.44603
9812.0,140.10152
9843.0,144.49184
9871.0,159.36182
9881.0,125.82752
9882.0,128.47139
9883.0,134.61353
9884.0,137.84659
9885.0,156.75812
9886.0,162.00232
9887.0,114.66459
9888.0,126.48647
9889.0,125.70864
9890.0,131.78569
9891.0,134.1459
9892.0,151.55989
9893.0,159.20203
9894.0,114.1309
9895.0,127.263115
9896.0,129.71034
9897.0,134.7066
9898.0,134.1234
9899.0,151.76675
9813.0,169.39494
9844.0,118.051765
9872.0,128.76797
9814.0,130.67671
9845.0,132.86914
9873.0,139.3864
9815.0,147.56015
9846.0,165.17229
9874.0,170.8021
9816.0,169.36565
9847.0,120.68089
9875.0,131.15654
9817.0,116.11203
9848.0,119.67064
9876.0,123.31021
9818.0,141.13405
9849.0,145.16147
9877.0,98.80591
9819.0,99.20208
9850.0,110.3841
9878.0,111.857956
9820.0,127.59922
9851.0,134.01808
9879.0,145.5782
9821.0,127.25027
9852.0,132.55507
9880.0,88.38954
10710.0,55.997257
10741.0,116.747025
10769.0,118.156006
10722.0,121.02395
10723.0,123.809395
10724.0,102.70885
10725.0,120.34011
10726.0,119.18372
10727.0,123.54113
10728.0,126.140274
10729.0,130.57268
10730.0,135.00208
10731.0,105.41213
10732.0,116.44296
10733.0,116.95044
10734.0,121.63639
10735.0,126.390656
10736.0,133.31499
10737.0,139.23988
10738.0,105.24828
10739.0,118.15876
10740.0,118.728424
10711.0,130.98701
10742.0,131.86862
10770.0,138.36462
10753.0,122.52123
10754.0,122.511284
10755.0,122.96363
10756.0,124.57241
10757.0,130.76326
10758.0,159.87491
10759.0,114.00104
10760.0,125.41368
10761.0,124.433014
10762.0,130.60786
10763.0,133.61693
10764.0,150.60857
10765.0,158.42155
10766.0,112.73843
10767.0,125.93456
10768.0,127.70933
10712.0,141.07033
10743.0,145.46062
10771.0,160.2009
10781.0,125.98265
10782.0,128.62653
10783.0,134.87679
10784.0,138.10988
10785.0,156.99309
10786.0,162.23729
10787.0,115.00152
10788.0,126.8234
10789.0,126.04557
10790.0,132.12262
10791.0,134.48283
10792.0,151.8685
10793.0,159.51067
10794.0,114.46783
10795.0,127.60007
10796.0,130.04727
10797.0,135.59761
10798.0,135.0144
10799.0,152.5558
10713.0,169.5499
10744.0,118.3839
10772.0,129.3069
10714.0,131.00885
10745.0,133.20128
10773.0,139.92532
10715.0,148.09908
10746.0,165.58148
10774.0,170.95708
10716.0,169.98126
10747.0,121.33328
10775.0,132.01572
10717.0,115.94778
10748.0,119.506355
10776.0,123.14593
10718.0,141.3304
10749.0,145.1036
10777.0,98.543526
10719.0,99.0657
10750.0,110.24772
10778.0,111.72157
10720.0,127.46285
10751.0,133.8817
10779.0,145.69334
10721.0,127.466064
10752.0,132.51668
10780.0,88.353836
11610.0,60.980713
11641.0,123.36942
11669.0,121.33448
11622.0,121.09902
11623.0,126.65264
11624.0,98.38956
11625.0,115.53562
11626.0,119.5009
11627.0,123.92172
11628.0,125.41192
11629.0,130.66702
11630.0,134.31032
11631.0,104.331955
11632.0,116.60157
11633.0,117.80718
11634.0,124.25396
11635.0,123.55967
11636.0,130.98708
11637.0,135.10408
11638.0,103.918465
11639.0,117.45241
11640.0,117.73071
11611.0,137.84859
11642.0,133.09874
11670.0,139.82526
11653.0,124.32208
11654.0,122.547195
11655.0,126.58049
11656.0,124.08607
11657.0,131.14246
11658.0,159.96692
11659.0,116.555435
11660.0,127.968025
11661.0,126.28829
11662.0,132.51506
11663.0,135.43425
11664.0,152.41716
11665.0,159.25133
11666.0,116.03056
11667.0,129.41833
11668.0,129.47133
11612.0,142.39082
11643.0,146.27483
11671.0,161.32715
11681.0,128.30672
11682.0,129.23315
11683.0,135.52403
11684.0,138.82658
11685.0,157.70107
11686.0,162.39085
11687.0,117.188545
11688.0,129.01044
11689.0,127.53353
11690.0,134.09143
11691.0,136.36171
11692.0,153.73868
11693.0,160.40202
11694.0,117.39262
11695.0,130.71638
11696.0,131.44193
11697.0,137.12521
11698.0,136.47037
11699.0,154.3958
11613.0,169.74707
11644.0,120.318016
11672.0,130.91998
11614.0,133.9772
11645.0,134.07341
11673.0,140.86884
11615.0,149.80199
11646.0,165.94571
11674.0,171.89554
11616.0,173.01608
11647.0,124.80457
11675.0,135.56735
11617.0,120.779076
11648.0,122.60895
11676.0,126.11762
11618.0,142.73611
11649.0,146.77243
11677.0,100.46021
11619.0,101.92241
11650.0,113.57976
11678.0,115.460205
11620.0,130.07793
11651.0,136.23076
11679.0,148.07433
11621.0,129.21606
11652.0,134.52979
11680.0,91.29328
12510.0,45.463024
12541.0,119.46805
12569.0,115.65009
12522.0,123.6285
12523.0,125.28695
12524.0,99.14165
12525.0,116.550446
12526.0,121.446625
12527.0,125.50668
12528.0,128.93994
12529.0,137.51968
12530.0,140.87538
12531.0,107.825554
12532.0,120.54031
12533.0,120.12929
12534.0,126.50919
12535.0,130.1826
12536.0,137.48703
12537.0,140.15721
12538.0,106.29257
12539.0,120.47526
12540.0,122.882805
12511.0,136.84042
12542.0,135.70912
12570.0,141.12547
12553.0,127.30978
12554.0,126.628334
12555.0,128.77876
12556.0,128.69612
12557.0,136.90187
12558.0,163.07288
12559.0,121.45882
12560.0,132.87148
12561.0,130.08295
12562.0,135.57649
12563.0,137.86496
12564.0,155.14664
12565.0,162.32088
12566.0,120.67658
12567.0,133.5393
12568.0,132.61064
12512.0,145.38637
12543.0,148.04448
12571.0,163.38351
12581.0,131.50832
12582.0,131.56668
12583.0,137.31863
12584.0,141.0852
12585.0,160.51807
12586.0,165.21037
12587.0,121.64704
12588.0,133.469
12589.0,131.12404
12590.0,137.10716
12591.0,138.79047
12592.0,156.4662
12593.0,163.46959
12594.0,121.779045
12595.0,134.57784
12596.0,134.32166
12597.0,138.94328
12598.0,138.21364
12599.0,154.86154
12513.0,170.78821
12544.0,122.71657
12572.0,133.31853
12514.0,136.52835
12545.0,135.72543
12573.0,141.97318
12515.0,151.59021
12546.0,167.3059
12574.0,172.96744
12516.0,174.1584
12547.0,127.92836
12575.0,139.83434
12517.0,122.927635
12548.0,124.65361
12576.0,128.50934
12518.0,144.3882
12549.0,147.96355
12577.0,104.68385
12519.0,104.581985
12550.0,116.543945
12578.0,118.23779
12520.0,132.36362
12551.0,138.41628
12579.0,150.49799
12521.0,131.15868
12552.0,135.50336
12580.0,94.43187
13410.0,69.56565
13441.0,115.110886
13469.0,122.28419
13422.0,125.88736
13423.0,139.55586
13424.0,108.37526
13425.0,115.5075
13426.0,121.87256
13427.0,125.407715
13428.0,127.53944
13429.0,134.5324
13430.0,141.78137
13431.0,108.23171
13432.0,116.95681
13433.0,120.88994
13434.0,120.83783
13435.0,129.02014
13436.0,135.9992
13437.0,140.09389
13438.0,106.237434
13439.0,115.17403
13440.0,121.01883
13411.0,132.07213
13442.0,136.22557
13470.0,142.1929
13453.0,125.68342
13454.0,126.73863
13455.0,124.8734
13456.0,126.514755
13457.0,138.40355
13458.0,164.24777
13459.0,122.03827
13460.0,133.45091
13461.0,130.66238
13462.0,136.15593
13463.0,138.4444
13464.0,156.32153
13465.0,163.46446
13466.0,121.224724
13467.0,134.08743
13468.0,133.15877
13412.0,145.9658
13443.0,148.62392
13471.0,164.55841
13481.0,132.08775
13482.0,132.14612
13483.0,137.89807
13484.0,141.66464
13485.0,161.69296
13486.0,166.38527
13487.0,122.226494
13488.0,134.04843
13489.0,131.70348
13490.0,137.6866
13491.0,139.3699
13492.0,157.6411
13493.0,164.61317
13494.0,122.32719
13495.0,135.12596
13496.0,134.86978
13497.0,139.49141
13498.0,138.76176
13499.0,156.00513
13413.0,171.9631
13444.0,123.29601
13472.0,133.89796
13414.0,137.21759
13445.0,136.41467
13473.0,142.66241
13415.0,152.29831
13446.0,168.60945
13474.0,174.271
13416.0,175.46196
13447.0,128.61761
13475.0,140.52357
13417.0,123.6169
13448.0,125.342865
13476.0,129.21744
13418.0,145.10155
13449.0,148.6769
13477.0,105.373116
13419.0,105.03286
13450.0,116.99482
13478.0,118.68867
13420.0,132.4535
13451.0,138.52502
13479.0,150.61201
13421.0,131.1825
13452.0,135.5272
13480.0,94.56639
14310.0,18.361305
14341.0,114.37979
14369.0,112.629585
14322.0,124.54066
14323.0,125.121544
14324.0,99.37869
14325.0,113.75333
14326.0,126.99651
14327.0,130.28459
14328.0,133.58691
14329.0,142.44669
14330.0,144.34175
14331.0,111.5031
14332.0,123.30756
14333.0,124.53478
14334.0,128.9536
14335.0,131.36176
14336.0,141.11046
14337.0,141.92845
14338.0,108.27622
14339.0,122.57564
14340.0,125.96499
14311.0,138.04335
14342.0,137.21042
14370.0,145.54608
14353.0,128.85292
14354.0,129.16705
14355.0,129.78757
14356.0,132.55342
14357.0,140.27385
14358.0,164.48195
14359.0,124.691475
14360.0,135.90535
14361.0,132.79352
14362.0,137.72086
14363.0,140.18127
14364.0,157.33868
14365.0,163.0234
14366.0,122.86926
14367.0,135.92383
14368.0,134.56432
14312.0,147.81418
14343.0,150.94235
14371.0,165.86467
14381.0,134.58011
14382.0,134.52307
14383.0,139.52486
14384.0,143.57883
14385.0,162.88745
14386.0,166.20592
14387.0,124.495415
14388.0,136.11859
14389.0,133.45032
14390.0,138.86723
14391.0,140.72249
14392.0,158.27396
14393.0,163.78786
14394.0,123.62188
14395.0,136.48561
14396.0,135.79861
14397.0,139.67598
14398.0,140.2556
14399.0,156.21689
14313.0,172.14928
14344.0,124.758064
14372.0,135.72842
14314.0,139.32675
14345.0,138.57481
14373.0,144.28606
14315.0,152.95496
14346.0,168.39795
14374.0,173.50099
14316.0,174.51494
14347.0,128.13695
14375.0,140.41129
14317.0,122.82026
14348.0,123.49477
14376.0,127.85799
14318.0,142.05196
14349.0,146.80789
14377.0,104.15874
14319.0,104.31787
14350.0,116.9999
14378.0,118.69375
14320.0,131.40007
14351.0,138.13116
14379.0,149.5206
14321.0,129.1911
14352.0,134.7164
14380.0,94.88233
15210.0,24.17405
15241.0,115.525375
15269.0,113.58641
15222.0,126.363655
15223.0,126.71004
15224.0,99.814
15225.0,117.00655
15226.0,127.22046
15227.0,130.33337
15228.0,133.06917
15229.0,142.44669
15230.0,144.24602
15231.0,111.5031
15232.0,123.27109
15233.0,124.30286
15234.0,130.14345
15235.0,131.16766
15236.0,141.11046
15237.0,142.80028
15238.0,108.55278
15239.0,123.658936
15240.0,126.9568
15211.0,138.92674
15242.0,138.21854
15270.0,146.616
15253.0,129.44307
15254.0,129.88318
15255.0,130.31491
15256.0,132.55342
15257.0,140.85881
15258.0,164.48195
15259.0,124.691475
15260.0,135.90535
15261.0,132.79352
15262.0,137.72086
15263.0,140.18127
15264.0,157.33868
15265.0,163.0234
15266.0,122.86926
15267.0,135.92383
15268.0,134.56432
15212.0,147.81418
15243.0,150.94235
15271.0,165.86467
15281.0,134.58011
15282.0,134.52307
15283.0,139.52486
15284.0,143.57883
15285.0,162.88745
15286.0,166.20592
15287.0,124.495415
15288.0,136.11859
15289.0,133.45032
15290.0,138.86723
15291.0,140.72249
15292.0,158.27396
15293.0,163.78786
15294.0,123.62188
15295.0,136.48561
15296.0,135.79861
15297.0,139.67598
15298.0,140.2556
15299.0,156.21689
15213.0,172.14928
15244.0,124.758064
15272.0,135.72842
15214.0,139.32675
15245.0,138.57481
15273.0,144.28606
15215.0,152.95496
15246.0,168.39795
15274.0,173.50099
15216.0,174.51494
15247.0,128.13695
15275.0,140.41129
15217.0,122.82026
15248.0,123.49477
15276.0,127.85799
15218.0,142.05196
15249.0,146.80789
15277.0,104.15874
15219.0,104.31787
15250.0,116.9999
15278.0,118.69375
15220.0,131.40007
15251.0,138.13116
15279.0,149.5206
15221.0,129.1911
15252.0,134.7164
15280.0,94.88233
16110.0,61.11498
16141.0,116.27966
16169.0,120.62205
16122.0,128.62932
16123.0,130.07176
16124.0,110.04783
16125.0,124.2867
16126.0,127.818306
16127.0,128.0892
16128.0,129.75107
16129.0,138.5759
16130.0,142.42555
16131.0,111.41716
16132.0,119.01858
16133.0,122.98754
16134.0,126.01413
16135.0,130.86472
16136.0,137.79837
16137.0,139.36902
16138.0,107.31927
16139.0,119.348335
16140.0,118.98063
16111.0,141.51614
16142.0,138.60324
16170.0,144.31355
16153.0,129.14442
16154.0,128.71553
16155.0,129.28343
16156.0,128.02234
16157.0,138.59734
16158.0,164.46384
16159.0,124.67336
16160.0,135.88724
16161.0,132.7754
16162.0,137.70274
16163.0,140.16316
16164.0,157.32057
16165.0,163.0053
16166.0,122.85115
16167.0,135.90572
16168.0,134.5462
16112.0,147.79605
16143.0,150.92426
16171.0,165.84657
16181.0,134.562
16182.0,134.50496
16183.0,139.50674
16184.0,143.56071
16185.0,162.86934
16186.0,166.1878
16187.0,124.4773
16188.0,136.10048
16189.0,133.4322
16190.0,138.84912
16191.0,140.70438
16192.0,158.25584
16193.0,163.76974
16194.0,123.60377
16195.0,136.4675
16196.0,135.7805
16197.0,139.65787
16198.0,140.23749
16199.0,156.19878
16113.0,172.13116
16144.0,124.73995
16172.0,135.71031
16114.0,139.30864
16145.0,138.5567
16173.0,144.26794
16115.0,152.93684
16146.0,168.37984
16174.0,173.48288
16116.0,174.49683
16147.0,128.11884
16175.0,140.39317
16117.0,122.80215
16148.0,123.476654
16176.0,127.83986
16118.0,142.03384
16149.0,146.78978
16177.0,104.140625
16119.0,104.29976
16150.0,116.98179
16178.0,118.67564
16120.0,131.38197
16151.0,138.11307
16179.0,149.50249
16121.0,129.17299
16152.0,134.69829
16180.0,94.86422
17010.0,28.099846
17041.0,115.26408
17069.0,114.283844
17022.0,124.704735
17023.0,125.90764
17024.0,100.94587
17025.0,118.02236
17026.0,127.38384
17027.0,130.2834
17028.0,133.1041
17029.0,142.23315
17030.0,144.6172
17031.0,111.00891
17032.0,123.81576
17033.0,124.08766
17034.0,129.44345
17035.0,131.67389
17036.0,140.77913
17037.0,142.31227
17038.0,108.899956
17039.0,123.34295
17040.0,126.97916
17011.0,138.93689
17042.0,137.97249
17070.0,146.5113
17053.0,129.53256
17054.0,129.49419
17055.0,130.79474
17056.0,132.34825
17057.0,140.1798
17058.0,163.29651
17059.0,122.323
17060.0,133.77815
17061.0,130.66632
17062.0,135.11234
17063.0,138.03517
17064.0,155.83885
17065.0,161.82951
17066.0,120.500755
17067.0,133.58281
17068.0,131.99478
17012.0,145.1886
17043.0,149.15521
17071.0,163.70464
17081.0,132.31592
17082.0,132.56009
17083.0,137.04918
17084.0,141.5656
17085.0,161.52893
17086.0,165.06616
17087.0,122.17263
17088.0,134.03708
17089.0,131.3688
17090.0,136.3044
17091.0,138.62207
17092.0,156.81981
17093.0,162.63965
17094.0,121.29162
17095.0,134.18282
17096.0,133.2673
17097.0,137.16508
17098.0,138.08073
17099.0,154.90997
17013.0,170.99692
17044.0,123.30093
17072.0,133.10312
17014.0,138.26233
17045.0,136.90353
17073.0,141.4567
17015.0,151.20496
17046.0,166.84084
17074.0,171.86882
17016.0,174.51097
17047.0,127.622795
17075.0,139.00679
17017.0,121.67165
17048.0,122.12132
17076.0,127.553474
17018.0,141.88959
17049.0,146.47298
17077.0,102.188095
17019.0,103.48984
17050.0,115.277405
17078.0,116.39819
17020.0,130.98729
17051.0,137.87053
17079.0,149.26799
17021.0,129.14038
17052.0,134.21179
17080.0,92.84889
17910.0,35.871063
17941.0,117.24683
17969.0,114.44127
17922.0,125.96249
17923.0,126.44104
17924.0,100.99299
17925.0,117.133224
17926.0,126.9807
17927.0,128.57614
17928.0,132.7383
17929.0,140.16968
17930.0,144.97542
17931.0,111.484146
17932.0,123.21639
17933.0,122.79121
17934.0,129.44345
17935.0,131.44592
17936.0,140.87437
17937.0,142.14326
17938.0,108.53422
17939.0,123.34295
17940.0,127.05014
17911.0,136.96683
17942.0,138.70949
17970.0,145.60194
17953.0,130.21857
17954.0,129.92673
17955.0,131.29503
17956.0,132.33899
17957.0,139.65756
17958.0,163.29651
17959.0,122.323
17960.0,133.77815
17961.0,130.66632
17962.0,135.11234
17963.0,138.03517
17964.0,155.83885
17965.0,161.82951
17966.0,120.500755
17967.0,133.58281
17968.0,131.99478
17912.0,145.1886
17943.0,149.15521
17971.0,163.70464
17981.0,132.31592
17982.0,132.56009
17983.0,137.04918
17984.0,141.5656
17985.0,161.52893
17986.0,165.06616
17987.0,122.17263
17988.0,134.03708
17989.0,131.3688
17990.0,136.3044
17991.0,138.62207
17992.0,156.81981
17993.0,162.63965
17994.0,121.227165
17995.0,134.18282
17996.0,133.2673
17997.0,137.16508
17998.0,138.08073
17999.0,154.90997
17913.0,170.99692
17944.0,123.30093
17972.0,133.10312
17914.0,138.26233
17945.0,136.90353
17973.0,141.4567
17915.0,151.20496
17946.0,166.84084
17974.0,171.86882
17916.0,174.51097
17947.0,127.622795
17975.0,139.00679
17917.0,121.67165
17948.0,122.12132
17976.0,127.553474
17918.0,141.88959
17949.0,146.47298
17977.0,102.188095
17919.0,103.48984
17950.0,115.277405
17978.0,116.39819
17920.0,130.98729
17951.0,137.87053
17979.0,149.26799
17921.0,129.14038
17952.0,134.21179
17980.0,92.84889
18810.0,29.84341
18841.0,116.391624
18869.0,114.99726
18822.0,126.63858
18823.0,127.14641
18824.0,100.61953
18825.0,116.846085
18826.0,125.917816
18827.0,130.33046
18828.0,133.04427
18829.0,142.26242
18830.0,144.29124
18831.0,111.982765
18832.0,123.546555
18833.0,123.99871
18834.0,130.6306
18835.0,131.29492
18836.0,140.06017
18837.0,143.16017
18838.0,107.87123
18839.0,123.69484
18840.0,126.12484
18811.0,138.86781
18842.0,137.55501
18870.0,146.18675
18853.0,130.4256
18854.0,130.26411
18855.0,131.25229
18856.0,132.56697
18857.0,140.99226
18858.0,163.29651
18859.0,122.323
18860.0,133.77815
18861.0,130.66632
18862.0,135.11234
18863.0,138.03517
18864.0,155.83885
18865.0,161.82951
18866.0,120.500755
18867.0,133.58281
18868.0,131.99478
18812.0,145.1886
18843.0,149.15521
18871.0,163.70464
18881.0,132.31592
18882.0,132.56009
18883.0,137.04918
18884.0,141.5656
18885.0,161.52893
18886.0,165.06616
18887.0,122.17263
18888.0,134.03708
18889.0,131.3688
18890.0,136.3044
18891.0,138.62207
18892.0,156.81981
18893.0,162.63965
18894.0,121.227165
18895.0,134.18282
18896.0,133.2673
18897.0,137.16508
18898.0,138.08073
18899.0,154.90997
18813.0,170.99692
18844.0,123.30093
18872.0,133.10312
18814.0,138.26233
18845.0,136.90353
18873.0,141.4567
18815.0,151.20496
18846.0,166.84084
18874.0,171.86882
18816.0,174.51097
18847.0,127.622795
18875.0,139.00679
18817.0,121.67165
18848.0,122.12132
18876.0,127.553474
18818.0,141.88959
18849.0,146.47298
18877.0,102.188095
18819.0,103.48984
18850.0,115.277405
18878.0,116.39819
18820.0,130.98729
18851.0,137.87053
18879.0,149.26799
18821.0,129.14038
18852.0,134.21179
18880.0,92.84889
19710.0,60.93773
19741.0,114.35536
19769.0,120.36796
19722.0,127.22856
19723.0,130.98636
19724.0,109.24483
19725.0,123.76934
19726.0,123.40113
19727.0,127.18257
19728.0,130.61623
19729.0,139.05992
19730.0,141.07315
19731.0,110.725105
19732.0,122.973175
19733.0,122.53574
19734.0,126.42301
19735.0,130.7035
19736.0,137.92398
19737.0,141.10703
19738.0,106.88477
19739.0,122.840096
19740.0,123.38562
19711.0,139.72665
19742.0,137.65718
19770.0,144.44786
19753.0,128.6669
19754.0,128.02437
19755.0,130.7999
19756.0,132.56339
19757.0,139.97084
19758.0,163.5734
19759.0,122.599884
19760.0,134.05504
19761.0,130.9432
19762.0,135.38922
19763.0,138.31206
19764.0,156.11574
19765.0,162.1064
19766.0,120.77764
19767.0,133.8597
19768.0,132.27167
19712.0,145.46548
19743.0,149.4321
19771.0,163.98152
19781.0,132.5928
19782.0,132.83698
19783.0,137.32607
19784.0,141.84248
19785.0,161.80582
19786.0,165.34305
19787.0,122.44952
19788.0,134.31396
19789.0,131.64569
19790.0,136.58128
19791.0,138.89896
19792.0,157.0967
19793.0,162.91653
19794.0,121.50405
19795.0,134.4597
19796.0,133.54419
19797.0,137.44197
19798.0,138.35762
19799.0,155.18686
19713.0,171.2738
19744.0,123.57778
19772.0,133.38
19714.0,138.53922
19745.0,137.18042
19773.0,141.73358
19715.0,151.48184
19746.0,167.11772
19774.0,172.1457
19716.0,174.78786
19747.0,127.89969
19775.0,139.28368
19717.0,121.94854
19748.0,122.39822
19776.0,127.83031
19718.0,142.16647
19749.0,146.74986
19777.0,102.46498
19719.0,103.76672
19750.0,115.55429
19778.0,116.67508
19720.0,131.26418
19751.0,138.14742
19779.0,149.54488
19721.0,129.41727
19752.0,134.48868
19780.0,93.12578
20610.0,22.319183
20641.0,114.36564
20669.0,111.754456
20622.0,124.161285
20623.0,126.04754
20624.0,99.086914
20625.0,117.83201
20626.0,127.496956
20627.0,131.75595
20628.0,133.50984
20629.0,143.71225
20630.0,146.50235
20631.0,114.53253
20632.0,125.96535
20633.0,126.36905
20634.0,131.70778
20635.0,132.10474
20636.0,143.34767
20637.0,143.99083
20638.0,111.36704
20639.0,125.878075
20640.0,128.13232
20611.0,140.67514
20642.0,139.04082
20670.0,146.6587
20653.0,131.39316
20654.0,129.95985
20655.0,132.37936
20656.0,133.25972
20657.0,142.28609
20658.0,163.58743
20659.0,122.40631
20660.0,133.8615
20661.0,130.80237
20662.0,135.56163
20663.0,138.05238
20664.0,156.54732
20665.0,162.61795
20666.0,121.600746
20667.0,134.78423
20668.0,131.90613
20612.0,146.67258
20643.0,149.98941
20671.0,163.93083
20681.0,133.21883
20682.0,132.81427
20683.0,137.30139
20684.0,141.61482
20685.0,162.26942
20686.0,166.08249
20687.0,123.20061
20688.0,135.0651
20689.0,132.17142
20690.0,137.42026
20691.0,139.30585
20692.0,158.19484
20693.0,164.09465
20694.0,122.99367
20695.0,136.13548
20696.0,133.92993
20697.0,137.36295
20698.0,138.212
20699.0,155.73251
20613.0,171.37381
20644.0,124.61306
20672.0,133.65947
20614.0,139.57448
20645.0,138.21568
20673.0,142.18486
20615.0,152.03915
20646.0,168.403
20674.0,173.04654
20616.0,175.66331
20647.0,128.53108
20675.0,139.15926
20617.0,121.804214
20648.0,122.58782
20676.0,126.65818
20618.0,144.52348
20649.0,147.41222
20677.0,102.777115
20619.0,104.64854
20650.0,116.19657
20678.0,116.56154
20620.0,132.97702
20651.0,138.73265
20679.0,149.95088
20621.0,130.81703
20652.0,134.9719
20680.0,93.0227
21510.0,52.903465
21541.0,123.30495
21569.0,114.63853
21522.0,125.48243
21523.0,127.421486
21524.0,109.29244
21525.0,119.10075
21526.0,125.48979
21527.0,127.009254
21528.0,133.20215
21529.0,141.61954
21530.0,144.9994
21531.0,112.75827
21532.0,123.979836
21533.0,124.00609
21534.0,128.15108
21535.0,131.99129
21536.0,138.94673
21537.0,143.66719
21538.0,109.699005
21539.0,123.81171
21540.0,126.3084
21511.0,138.92416
21542.0,139.69122
21570.0,144.17169
21553.0,130.7009
21554.0,128.98189
21555.0,128.33119
21556.0,129.81432
21557.0,141.4041
21558.0,163.58743
21559.0,122.40631
21560.0,133.8615
21561.0,130.80237
21562.0,135.56163
21563.0,138.05238
21564.0,156.54732
21565.0,162.61795
21566.0,121.600746
21567.0,134.78423
21568.0,131.90613
21512.0,146.67258
21543.0,149.98941
21571.0,163.93083
21581.0,133.21883
21582.0,132.81427
21583.0,137.30139
21584.0,141.61482
21585.0,162.26942
21586.0,166.08249
21587.0,123.20061
21588.0,135.0651
21589.0,132.17142
21590.0,137.42026
21591.0,139.30585
21592.0,158.19484
21593.0,164.09465
21594.0,122.99367
21595.0,136.13548
21596.0,133.92993
21597.0,137.36295
21598.0,138.212
21599.0,155.73251
21513.0,171.37381
21544.0,124.61306
21572.0,133.65947
21514.0,139.57448
21545.0,138.21568
21573.0,142.18486
21515.0,152.03915
21546.0,168.403
21574.0,173.04654
21516.0,175.66331
21547.0,128.53108
21575.0,139.15926
21517.0,121.804214
21548.0,122.58782
21576.0,126.65818
21518.0,144.52348
21549.0,147.41222
21577.0,102.777115
21519.0,104.64854
21550.0,116.19657
21578.0,116.56154
21520.0,132.97702
21551.0,138.73265
21579.0,149.95088
21521.0,130.78085
21552.0,134.9719
21580.0,93.0227
22410.0,57.158478
22441.0,113.229645
22469.0,116.51619
22422.0,125.365395
22423.0,135.90625
22424.0,106.44603
22425.0,127.75946
22426.0,126.697075
22427.0,128.16154
22428.0,132.51672
22429.0,141.60645
22430.0,146.58766
22431.0,112.90372
22432.0,125.12723
22433.0,124.26534
22434.0,123.684395
22435.0,131.35635
22436.0,139.10925
22437.0,141.04776
22438.0,109.009605
22439.0,124.042564
22440.0,123.728424
22411.0,141.34445
22442.0,139.29047
22470.0,146.55835
22453.0,132.04245
22454.0,127.74856
22455.0,128.25128
22456.0,129.63635
22457.0,137.49973
22458.0,164.17137
22459.0,122.93233
22460.0,134.3875
22461.0,131.24179
22462.0,136.00105
22463.0,138.4918
22464.0,156.98674
22465.0,163.20189
22466.0,122.12675
22467.0,135.31023
22468.0,132.34555
22412.0,147.112
22443.0,150.42883
22471.0,164.37025
22481.0,133.6712
22482.0,133.2537
22483.0,137.74081
22484.0,142.05424
22485.0,162.70885
22486.0,166.66643
22487.0,123.72662
22488.0,135.5911
22489.0,132.61084
22490.0,137.85968
22491.0,139.74527
22492.0,158.63426
22493.0,164.67859
22494.0,123.519684
22495.0,136.66148
22496.0,134.36935
22497.0,137.80237
22498.0,138.65143
22499.0,155.77998
22413.0,171.95775
22444.0,125.05249
22472.0,134.09889
22414.0,140.0139
22445.0,138.6551
22473.0,142.62428
22415.0,152.47858
22446.0,168.84242
22474.0,173.63048
22416.0,176.1621
22447.0,128.9705
22475.0,139.59868
22417.0,122.24365
22448.0,123.02726
22476.0,127.0976
22418.0,144.99211
22449.0,147.9402
22477.0,103.21655
22419.0,105.38996
22450.0,116.937996
22478.0,117.30296
22420.0,133.50452
22451.0,139.3007
22479.0,150.37613
22421.0,131.16556
22452.0,135.41595
22480.0,93.40741
23310.0,32.937664
23341.0,117.27673
23369.0,116.57227
23322.0,129.22227
23323.0,128.60904
23324.0,103.54816
23325.0,121.84132
23326.0,129.35829
23327.0,131.91232
23328.0,137.00418
23329.0,147.19876
23330.0,149.30852
23331.0,115.06232
23332.0,128.62672
23333.0,128.46922
23334.0,134.59349
23335.0,135.78659
23336.0,146.95619
23337.0,147.82312
23338.0,111.49572
23339.0,126.733154
23340.0,128.6246
23311.0,142.98102
23342.0,143.25983
23370.0,151.0422
23353.0,133.99327
23354.0,134.03293
23355.0,134.4607
23356.0,136.39973
23357.0,145.77896
23358.0,167.58807
23359.0,125.07687
23360.0,137.41336
23361.0,134.4335
23362.0,139.09796
23363.0,142.20045
23364.0,160.90627
23365.0,165.15918
23366.0,122.404076
23367.0,135.77452
23368.0,133.38457
23312.0,149.69403
23343.0,153.56189
23371.0,168.82664
23381.0,136.00243
23382.0,135.4062
23383.0,140.42879
23384.0,145.29323
23385.0,167.57947
23386.0,169.96399
23387.0,125.752045
23388.0,138.49782
23389.0,135.41714
23390.0,140.95659
23391.0,143.45392
23392.0,162.55379
23393.0,166.63588
23394.0,123.797
23395.0,137.1258
23396.0,135.40836
23397.0,139.5123
23398.0,140.93051
23399.0,159.83237
23313.0,175.54916
23344.0,127.429016
23372.0,136.64651
23314.0,144.4496
23345.0,142.64877
23373.0,146.78596
23315.0,155.83968
23346.0,173.52686
23374.0,177.75836
23316.0,178.24446
23347.0,130.61917
23375.0,141.24734
23317.0,122.43707
23348.0,123.07807
23376.0,127.214745
23318.0,145.95625
23349.0,149.08652
23377.0,103.59156
23319.0,105.027855
23350.0,116.92714
23378.0,117.29212
23320.0,132.5762
23351.0,139.04723
23379.0,150.51947
23321.0,131.43867
23352.0,136.37651
23380.0,93.44297
24210.0,17.886215
24241.0,115.956085
24269.0,113.111595
24222.0,127.42805
24223.0,127.26591
24224.0,99.84938
24225.0,116.860634
24226.0,130.03311
24227.0,134.25879
24228.0,136.60022
24229.0,148.0586
24230.0,150.75954
24231.0,115.74128
24232.0,127.7721
24233.0,127.40697
24234.0,133.85841
24235.0,135.07028
24236.0,146.95918
24237.0,147.40222
24238.0,111.278046
24239.0,125.44008
24240.0,128.76309
24211.0,143.15126
24242.0,141.82346
24270.0,150.32327
24253.0,132.88013
24254.0,132.81552
24255.0,133.97057
24256.0,136.72855
24257.0,147.00314
24258.0,167.68146
24259.0,125.151115
24260.0,137.48761
24261.0,134.50775
24262.0,139.17221
24263.0,142.29384
24264.0,160.99965
24265.0,165.25256
24266.0,122.47832
24267.0,135.84877
24268.0,133.45882
24212.0,149.69928
24243.0,153.58627
24271.0,168.85103
24281.0,136.00768
24282.0,135.41145
24283.0,140.50304
24284.0,145.38661
24285.0,167.67285
24286.0,170.05737
24287.0,125.82629
24288.0,138.57207
24289.0,135.4914
24290.0,141.03084
24291.0,143.5473
24292.0,162.64717
24293.0,166.72926
24294.0,123.87124
24295.0,137.20004
24296.0,135.4826
24297.0,139.33252
24298.0,140.76987
24299.0,159.67172
24213.0,175.57355
24244.0,127.434265
24272.0,136.65176
24214.0,144.45485
24245.0,142.65402
24273.0,146.79121
24215.0,155.86406
24246.0,173.55124
24274.0,177.78275
24216.0,178.26884
24247.0,130.62442
24275.0,141.2526
24217.0,122.442314
24248.0,123.08331
24276.0,127.23913
24218.0,145.98064
24249.0,149.1109
24277.0,103.5968
24219.0,105.0331
24250.0,116.93238
24278.0,117.29736
24220.0,132.58145
24251.0,139.07161
24279.0,150.54385
24221.0,131.44392
24252.0,136.38176
24280.0,93.44821
25110.0,64.23719
25141.0,115.02873
25169.0,121.29537
25122.0,129.3364
25123.0,136.60522
25124.0,112.06739
25125.0,126.34813
25126.0,125.50222
25127.0,130.28502
25128.0,134.97765
25129.0,142.13036
25130.0,145.80511
25131.0,113.106415
25132.0,127.81797
25133.0,127.23341
25134.0,129.88684
25135.0,133.83426
25136.0,141.80069
25137.0,143.13701
25138.0,110.45948
25139.0,124.49507
25140.0,121.67543
25111.0,144.00105
25142.0,141.29282
25170.0,147.66473
25153.0,133.53906
25154.0,131.56865
25155.0,127.0152
25156.0,130.5868
25157.0,141.29626
25158.0,168.3029
25159.0,125.77257
25160.0,138.10905
25161.0,135.1292
25162.0,139.79366
25163.0,142.91528
25164.0,161.6211
25165.0,165.87401
25166.0,123.09977
25167.0,136.47021
25168.0,134.08026
25112.0,150.32072
25143.0,154.20772
25171.0,169.47247
25181.0,136.62912
25182.0,136.0329
25183.0,141.12448
25184.0,146.00806
25185.0,168.2943
25186.0,170.67882
25187.0,126.44774
25188.0,139.19351
25189.0,136.11284
25190.0,141.65228
25191.0,144.16875
25192.0,163.26862
25193.0,167.35071
25194.0,124.49269
25195.0,137.82149
25196.0,136.10405
25197.0,139.95396
25198.0,141.39131
25199.0,160.29317
25113.0,176.19499
25144.0,128.05574
25172.0,137.27321
25114.0,145.0763
25145.0,143.27547
25173.0,147.41266
25115.0,156.4855
25146.0,174.17268
25174.0,178.40419
25116.0,178.89029
25147.0,131.24586
25175.0,141.87404
25117.0,122.763145
25148.0,123.404144
25176.0,127.55996
25118.0,146.30147
25149.0,149.43173
25177.0,103.91763
25119.0,105.35393
25150.0,117.25321
25178.0,117.618195
25120.0,132.90228
25151.0,139.39244
25179.0,150.86469
25121.0,131.76476
25152.0,136.70259
25180.0,93.76904
26010.0,52.55641
26041.0,116.64977
26069.0,116.60412
26022.0,128.53836
26023.0,130.11945
26024.0,108.589645
26025.0,122.27044
26026.0,127.01766
26027.0,130.67969
26028.0,135.82176
26029.0,141.15813
26030.0,145.56561
26031.0,114.2716
26032.0,127.25522
26033.0,124.991516
26034.0,130.34789
26035.0,135.60384
26036.0,143.96652
26037.0,146.24683
26038.0,108.20604
26039.0,123.231094
26040.0,125.75682
26011.0,140.53018
26042.0,142.36299
26070.0,149.01024
26053.0,133.82243
26054.0,131.51285
26055.0,131.69092
26056.0,132.20905
26057.0,142.42673
26058.0,166.3995
26059.0,122.2568
26060.0,134.9909
26061.0,133.30724
26062.0,137.48082
26063.0,140.0851
26064.0,158.34816
26065.0,164.51976
26066.0,119.02641
26067.0,132.93039
26068.0,132.26782
26012.0,146.97902
26043.0,151.97606
26071.0,166.70078
26081.0,132.65678
26082.0,132.86171
26083.0,138.34134
26084.0,143.4955
26085.0,164.86694
26086.0,168.30325
26087.0,122.12827
26088.0,135.2717
26089.0,133.48721
26090.0,138.53578
26091.0,140.76364
26092.0,159.41853
26093.0,165.44699
26094.0,119.84222
26095.0,133.70451
26096.0,133.71446
26097.0,137.08305
26098.0,138.46005
26099.0,156.85378
26013.0,173.98903
26044.0,124.58652
26072.0,134.65265
26014.0,141.29115
26045.0,139.88132
26073.0,144.47224
26015.0,153.6597
26046.0,170.56152
26074.0,175.64433
26016.0,175.65125
26047.0,126.445076
26075.0,137.92195
26017.0,119.06411
26048.0,119.942276
26076.0,123.19658
26018.0,142.91615
26049.0,147.18321
26077.0,100.889496
26019.0,103.336006
26050.0,115.13681
26078.0,114.34519
26020.0,131.81914
26051.0,137.08936
26079.0,147.76747
26021.0,129.0769
26052.0,134.24008
26080.0,91.49939
26910.0,29.261919
26941.0,114.65983
26969.0,113.00183
26922.0,124.54104
26923.0,128.91064
26924.0,98.98358
26925.0,116.048164
26926.0,132.6365
26927.0,135.65703
26928.0,137.19876
26929.0,146.9974
26930.0,151.52736
26931.0,117.47647
26932.0,129.30173
26933.0,130.11215
26934.0,135.49019
26935.0,135.26266
26936.0,145.90785
26937.0,147.60454
26938.0,112.75263
26939.0,126.02823
26940.0,131.47676
26911.0,142.60632
26942.0,143.18802
26970.0,150.53253
26953.0,136.83806
26954.0,134.94301
26955.0,137.15758
26956.0,138.35626
26957.0,146.7898
26958.0,166.82162
26959.0,122.781235
26960.0,135.51535
26961.0,133.83168
26962.0,138.00526
26963.0,140.60954
26964.0,158.8726
26965.0,164.94188
26966.0,119.55085
26967.0,133.88818
26968.0,133.22562
26912.0,147.50346
26943.0,152.5005
26971.0,167.22522
26981.0,133.18123
26982.0,133.38615
26983.0,138.86578
26984.0,144.01994
26985.0,165.39139
26986.0,168.72537
26987.0,122.65271
26988.0,135.79614
26989.0,134.01166
26990.0,139.06023
26991.0,141.28809
26992.0,159.94298
26993.0,165.86911
26994.0,120.36665
26995.0,134.66231
26996.0,134.67226
26997.0,138.27708
26998.0,139.65408
26999.0,158.0478
26913.0,174.77034
26944.0,125.11096
26972.0,135.1771
26914.0,141.8156
26945.0,140.40576
26973.0,144.99669
26915.0,154.00563
26946.0,170.90746
26974.0,176.24713
26916.0,176.72954
26947.0,127.26651
26975.0,138.74338
26917.0,120.155685
26948.0,121.033844
26976.0,124.28814
26918.0,143.06984
26949.0,147.62753
26977.0,101.69222
26919.0,104.138756
26950.0,115.290504
26978.0,114.14174
26920.0,132.0143
26951.0,137.28452
26979.0,147.6055
26921.0,129.26132
26952.0,134.56
26980.0,92.33285
27810.0,45.505207
27841.0,117.592834
27869.0,113.36874
27822.0,128.40886
27823.0,129.03574
27824.0,99.78594
27825.0,119.0667
27826.0,129.43855
27827.0,132.20433
27828.0,137.07289
27829.0,145.4288
27830.0,149.46838
27831.0,115.041115
27832.0,127.099
27833.0,125.301254
27834.0,131.94551
27835.0,136.08102
27836.0,145.04619
27837.0,145.66241
27838.0,109.855286
27839.0,126.00403
27840.0,131.19601
27811.0,141.28157
27842.0,143.18802
27870.0,148.93805
27853.0,134.62228
27854.0,133.56824
27855.0,134.00847
27856.0,136.26453
27857.0,143.70905
27858.0,166.82162
27859.0,122.781235
27860.0,135.51535
27861.0,133.83168
27862.0,138.00526
27863.0,140.60954
27864.0,158.8726
27865.0,164.94188
27866.0,119.55085
27867.0,133.88818
27868.0,133.22562
27812.0,147.50346
27843.0,152.5005
27871.0,167.22522
27881.0,133.18123
27882.0,133.38615
27883.0,138.86578
27884.0,144.01994
27885.0,165.39139
27886.0,168.72537
27887.0,122.65271
27888.0,135.79614
27889.0,134.01166
27890.0,139.06023
27891.0,141.28809
27892.0,159.94298
27893.0,165.86911
27894.0,120.36665
27895.0,134.66231
27896.0,134.67226
27897.0,138.27708
27898.0,139.65408
27899.0,158.0478
27813.0,174.77034
27844.0,125.11096
27872.0,135.1771
27814.0,141.84573
27845.0,140.40576
27873.0,144.99669
27815.0,154.00563
27846.0,170.90746
27874.0,176.24713
27816.0,176.72954
27847.0,127.26651
27875.0,138.74338
27817.0,120.155685
27848.0,121.033844
27876.0,124.28814
27818.0,143.06984
27849.0,147.62753
27877.0,101.69222
27819.0,104.138756
27850.0,115.290504
27878.0,114.14174
27820.0,132.0143
27851.0,137.28452
27879.0,147.6055
27821.0,129.3705
27852.0,134.66917
27880.0,92.44202
28710.0,31.463634
28741.0,115.627754
28769.0,112.411354
28722.0,125.38991
28723.0,127.51091
28724.0,99.03596
28725.0,116.09491
28726.0,131.95132
28727.0,136.02959
28728.0,137.65268
28729.0,147.10141
28730.0,151.71791
28731.0,118.24137
28732.0,129.8316
28733.0,129.13243
28734.0,134.64658
28735.0,136.46393
28736.0,145.84404
28737.0,147.23097
28738.0,112.63114
28739.0,126.97327
28740.0,130.914
28711.0,142.98715
28742.0,143.38776
28770.0,151.00223
28753.0,137.22926
28754.0,136.48378
28755.0,137.74
28756.0,138.40955
28757.0,147.16412
28758.0,166.84683
28759.0,122.80645
28760.0,135.54056
28761.0,133.85689
28762.0,138.48161
28763.0,141.08589
28764.0,159.34895
28765.0,164.96709
28766.0,119.576065
28767.0,133.91339
28768.0,133.25082
28712.0,148.1364
28743.0,153.13347
28771.0,167.85818
28781.0,133.22726
28782.0,133.43219
28783.0,139.49873
28784.0,144.6529
28785.0,166.02434
28786.0,168.90718
28787.0,122.834526
28788.0,135.97795
28789.0,134.19347
28790.0,139.69318
28791.0,141.92104
28792.0,160.57593
28793.0,166.05092
28794.0,120.54847
28795.0,134.84412
28796.0,134.85406
28797.0,138.91003
28798.0,140.28703
28799.0,158.68076
28713.0,174.95213
28744.0,125.29278
28772.0,135.3589
28714.0,141.87094
28745.0,140.43097
28773.0,145.47304
28715.0,154.48198
28746.0,171.3838
28774.0,176.27234
28716.0,176.75475
28747.0,127.291725
28775.0,138.76859
28717.0,120.28925
28748.0,121.510216
28776.0,124.76451
28718.0,143.54619
28749.0,147.65274
28777.0,101.436966
28719.0,103.85827
28750.0,115.01002
28778.0,113.86125
28720.0,132.07948
28751.0,137.63019
28779.0,147.95117
28721.0,129.82164
28752.0,134.66917
28780.0,92.161545
29610.0,50.431526
29641.0,121.55946
29669.0,112.93023
29622.0,126.17527
29623.0,129.6744
29624.0,106.95426
29625.0,121.82643
29626.0,128.42334
29627.0,129.62451
29628.0,137.26714
29629.0,145.3143
29630.0,149.74336
29631.0,116.80739
29632.0,125.60895
29633.0,126.734924
29634.0,129.7535
29635.0,136.89502
29636.0,145.25465
29637.0,146.05014
29638.0,109.2516
29639.0,125.209366
29640.0,125.72717
29611.0,140.43654
29642.0,142.38124
29670.0,146.68604
29653.0,136.03302
29654.0,133.58897
29655.0,132.08844
29656.0,133.99892
29657.0,143.32874
29658.0,166.81654
29659.0,122.61976
29660.0,135.35388
29661.0,133.67021
29662.0,138.29494
29663.0,140.51813
29664.0,158.91116
29665.0,164.5293
29666.0,118.98187
29667.0,133.31921
29668.0,132.65665
29612.0,147.93327
29643.0,152.95676
29671.0,167.81145
29681.0,133.02412
29682.0,133.22905
29683.0,139.31206
29684.0,144.49263
29685.0,165.89316
29686.0,168.776
29687.0,122.647835
29688.0,135.79128
29689.0,134.00679
29690.0,139.5065
29691.0,141.35327
29692.0,160.03725
29693.0,165.51224
29694.0,119.95426
29695.0,134.24994
29696.0,134.25989
29697.0,138.31586
29698.0,139.71927
29699.0,158.14207
29613.0,174.80449
29644.0,124.91399
29672.0,134.98013
29614.0,141.49217
29645.0,140.0522
29673.0,145.09427
29615.0,154.0161
29646.0,170.947
29674.0,175.83554
29616.0,176.32494
29647.0,126.91299
29675.0,138.38982
29617.0,119.884735
29648.0,121.1057
29676.0,124.27987
29618.0,143.36143
29649.0,147.22235
29677.0,101.03245
29619.0,103.45375
29650.0,114.6055
29678.0,113.45673
29620.0,131.67497
29651.0,137.01569
29679.0,147.76642
29621.0,129.35754
29652.0,133.95944
29680.0,91.75703
30510.0,18.369009
30541.0,113.85356
30569.0,110.28195
30522.0,123.937126
30523.0,126.098854
30524.0,96.52858
30525.0,115.038315
30526.0,132.04912
30527.0,135.4333
30528.0,137.02106
30529.0,146.69666
30530.0,150.64278
30531.0,117.15625
30532.0,128.57886
30533.0,130.35638
30534.0,135.87971
30535.0,136.25784
30536.0,145.81294
30537.0,146.94182
30538.0,112.40717
30539.0,127.05062
30540.0,131.25636
30511.0,143.2534
30542.0,142.08563
30570.0,149.18887
30553.0,135.39809
30554.0,135.08458
30555.0,136.09322
30556.0,137.52307
30557.0,146.69879
30558.0,166.48856
30559.0,122.496956
30560.0,135.23111
30561.0,133.54744
30562.0,138.0616
30563.0,140.28479
30564.0,158.47261
30565.0,163.84557
30566.0,118.50337
30567.0,132.8407
30568.0,132.17813
30512.0,147.95967
30543.0,152.98315
30571.0,167.63264
30581.0,133.05054
30582.0,133.25546
30583.0,139.33847
30584.0,144.51904
30585.0,165.71436
30586.0,168.5972
30587.0,122.67425
30588.0,135.81769
30589.0,134.0332
30590.0,139.22072
30591.0,141.06749
30592.0,159.54625
30593.0,164.77606
30594.0,119.4233
30595.0,133.71898
30596.0,133.72893
30597.0,138.09155
30598.0,139.49496
30599.0,157.71255
30513.0,174.62682
30544.0,125.05147
30572.0,135.11763
30514.0,141.45424
30545.0,139.87758
30573.0,144.67302
30515.0,153.7304
30546.0,170.45607
30574.0,175.3446
30516.0,175.83403
30547.0,126.76704
30575.0,138.24387
30517.0,119.43362
30548.0,120.81439
30576.0,123.98858
30518.0,142.91933
30549.0,146.78024
30577.0,100.5813
30519.0,103.10948
30550.0,114.26123
30578.0,113.112465
30520.0,131.38927
30551.0,136.72998
30579.0,147.35837
30521.0,128.9495
30552.0,133.4895
30580.0,91.511955
31410.0,50.5841
31441.0,116.60323
31469.0,112.1612
31422.0,122.70235
31423.0,126.51443
31424.0,97.59034
31425.0,121.3072
31426.0,128.86502
31427.0,130.66849
31428.0,134.52142
31429.0,140.98624
31430.0,150.64296
31431.0,113.69133
31432.0,126.146324
31433.0,125.9737
31434.0,129.96748
31435.0,134.53603
31436.0,144.055
31437.0,147.66264
31438.0,110.62896
31439.0,125.02632
31440.0,126.43232
31411.0,140.31377
31442.0,142.54933
31470.0,148.70839
31453.0,134.35814
31454.0,133.27037
31455.0,134.33151
31456.0,135.94803
31457.0,142.75482
31458.0,166.48856
31459.0,122.496956
31460.0,135.23111
31461.0,133.54744
31462.0,138.0616
31463.0,140.28479
31464.0,158.47261
31465.0,163.84557
31466.0,118.50337
31467.0,132.8407
31468.0,132.17813
31412.0,147.95967
31443.0,152.98315
31471.0,167.63264
31481.0,133.05054
31482.0,133.25546
31483.0,139.33847
31484.0,144.51904
31485.0,165.71436
31486.0,168.5972
31487.0,122.67425
31488.0,135.81769
31489.0,134.0332
31490.0,139.22072
31491.0,141.06749
31492.0,159.54625
31493.0,164.77606
31494.0,119.4233
31495.0,133.71898
31496.0,133.72893
31497.0,138.09155
31498.0,139.49496
31499.0,157.71255
31413.0,174.62682
31444.0,125.05147
31472.0,135.11763
31414.0,141.45424
31445.0,139.87758
31473.0,144.67302
31415.0,153.7304
31446.0,170.45607
31474.0,175.3446
31416.0,175.83403
31447.0,126.76704
31475.0,138.24387
31417.0,119.43362
31448.0,120.81439
31476.0,123.98858
31418.0,142.91933
31449.0,146.78024
31477.0,100.5813
31419.0,103.10948
31450.0,114.26123
31478.0,113.112465
31420.0,131.38927
31451.0,136.72998
31479.0,147.35837
31421.0,128.9495
31452.0,133.4895
31480.0,91.511955
32310.0,55.76105
32341.0,115.02448
32369.0,116.803925
32322.0,129.61148
32323.0,129.85945
32324.0,103.034775
32325.0,121.230034
32326.0,129.07898
32327.0,131.11234
32328.0,136.02893
32329.0,142.49011
32330.0,149.18892
32331.0,115.74155
32332.0,126.04722
32333.0,125.63067
32334.0,131.04414
32335.0,134.3638
32336.0,145.81949
32337.0,146.8458
32338.0,109.532486
32339.0,124.15572
32340.0,126.16057
32311.0,140.7651
32342.0,141.91177
32370.0,149.4792
32353.0,133.6193
32354.0,132.07806
32355.0,133.00934
32356.0,134.46187
32357.0,143.43645
32358.0,166.35503
32359.0,122.36343
32360.0,135.09758
32361.0,133.41391
32362.0,138.11781
32363.0,140.94003
32364.0,158.33908
32365.0,163.71204
32366.0,118.36983
32367.0,132.70717
32368.0,132.0446
32312.0,147.75267
32343.0,152.63254
32371.0,167.23589
32381.0,132.96715
32382.0,133.17207
32383.0,139.39468
32384.0,145.17429
32385.0,165.58083
32386.0,168.46367
32387.0,122.5407
32388.0,135.68416
32389.0,133.89967
32390.0,139.27693
32391.0,141.72273
32392.0,159.41272
32393.0,164.64253
32394.0,119.28976
32395.0,133.58545
32396.0,133.5954
32397.0,138.14775
32398.0,140.1502
32399.0,157.57903
32313.0,174.23009
32344.0,124.705536
32372.0,134.77171
32314.0,141.10832
32345.0,139.53166
32373.0,144.51685
32315.0,153.4306
32346.0,170.11017
32374.0,174.9987
32316.0,175.25253
32347.0,126.2813
32375.0,137.66237
32317.0,118.763985
32348.0,120.334496
32376.0,123.86827
32318.0,142.43472
32349.0,146.29564
32377.0,100.19244
32319.0,102.72062
32350.0,113.7766
32378.0,112.62784
32320.0,131.0944
32351.0,136.79475
32379.0,146.87376
32321.0,128.66411
32352.0,132.9569
32380.0,91.175385
33210.0,22.099354
33241.0,114.67915
33269.0,111.50338
33222.0,127.91238
33223.0,128.92482
33224.0,99.22274
33225.0,115.41418
33226.0,133.06487
33227.0,136.94765
33228.0,138.22647
33229.0,148.92435
33230.0,152.83894
33231.0,118.97097
33232.0,130.43863
33233.0,131.10986
33234.0,137.18593
33235.0,136.86377
33236.0,147.04268
33237.0,149.158
33238.0,114.69287
33239.0,128.0366
33240.0,132.14226
33211.0,144.78589
33242.0,142.7281
33270.0,151.0873
33253.0,136.89021
33254.0,137.42809
33255.0,138.42635
33256.0,139.56915
33257.0,147.90662
33258.0,166.33267
33259.0,123.76476
33260.0,135.53221
33261.0,133.84854
33262.0,139.05376
33263.0,141.47304
33264.0,158.2204
33265.0,164.07593
33266.0,120.01158
33267.0,133.06259
33268.0,132.40002
33212.0,148.143
33243.0,152.46642
33271.0,166.94333
33281.0,133.40178
33282.0,133.6067
33283.0,140.33446
33284.0,145.71112
33285.0,165.46597
33286.0,168.86343
33287.0,123.942024
33288.0,136.11879
33289.0,134.3343
33290.0,140.21288
33291.0,142.25574
33292.0,159.29404
33293.0,164.97589
33294.0,120.49471
33295.0,133.50409
33296.0,133.51404
33297.0,138.41876
33298.0,140.01828
33299.0,156.46985
33213.0,174.4521
33244.0,126.85176
33272.0,135.95125
33214.0,142.51018
33245.0,140.93352
33273.0,145.12949
33215.0,153.66534
33246.0,169.8319
33274.0,175.23505
33216.0,175.58134
33247.0,128.6991
33275.0,139.11348
33217.0,120.91458
33248.0,121.965866
33276.0,125.28638
33218.0,142.85115
33249.0,147.49666
33277.0,103.19089
33219.0,105.20388
33250.0,116.14276
33278.0,115.23918
33220.0,132.87741
33251.0,138.35434
33279.0,148.21164
33221.0,129.75282
33252.0,135.30414
33280.0,94.649864
34110.0,61.3365
34141.0,109.94451
34169.0,113.80833
34122.0,126.020035
34123.0,135.84758
34124.0,103.10769
34125.0,123.31287
34126.0,129.58987
34127.0,131.40128
34128.0,136.40437
34129.0,144.06964
34130.0,144.5701
34131.0,115.20779
34132.0,122.13421
34133.0,125.76899
34134.0,126.26754
34135.0,132.99963
34136.0,141.07095
34137.0,142.01657
34138.0,111.33514
34139.0,124.34907
34140.0,126.38205
34111.0,142.6859
34142.0,141.88533
34170.0,147.7396
34153.0,136.0156
34154.0,132.28525
34155.0,133.92426
34156.0,135.52544
34157.0,142.3729
34158.0,166.41794
34159.0,123.850044
34160.0,135.61649
34161.0,133.93282
34162.0,139.13803
34163.0,141.55731
34164.0,158.30467
34165.0,164.05066
34166.0,119.986305
34167.0,133.03732
34168.0,132.37476
34112.0,148.23322
34143.0,152.55663
34171.0,167.03354
34181.0,133.49199
34182.0,133.69691
34183.0,140.42467
34184.0,145.80133
34185.0,165.55124
34186.0,168.9487
34187.0,124.027306
34188.0,136.20306
34189.0,134.41858
34190.0,140.29715
34191.0,142.34001
34192.0,159.37831
34193.0,164.95062
34194.0,120.46944
34195.0,133.47882
34196.0,133.48877
34197.0,138.3935
34198.0,139.99301
34199.0,156.44458
34113.0,174.54231
34144.0,126.941986
34172.0,136.04146
34114.0,142.60039
34145.0,141.02373
34173.0,145.2197
34115.0,153.75555
34146.0,169.9221
34174.0,175.32526
34116.0,175.67155
34147.0,128.7893
34175.0,139.20369
34117.0,121.00481
34148.0,122.05609
34176.0,125.3766
34118.0,142.94136
34149.0,147.58687
34177.0,103.28111
34119.0,105.294106
34150.0,116.23299
34178.0,115.32941
34120.0,132.96762
34151.0,138.44455
34179.0,148.30185
34121.0,129.84303
34152.0,135.39435
34180.0,94.649864
35010.0,32.17533
35041.0,116.300964
35069.0,112.86041
35022.0,127.47257
35023.0,127.93217
35024.0,101.4512
35025.0,117.61863
35026.0,132.8612
35027.0,135.40733
35028.0,139.86409
35029.0,150.093
35030.0,154.60664
35031.0,119.611244
35032.0,130.899
35033.0,131.97299
35034.0,134.04982
35035.0,138.61407
35036.0,147.5396
35037.0,149.83282
35038.0,112.902306
35039.0,127.73462
35040.0,131.74142
35011.0,145.63211
35042.0,144.86044
35070.0,152.65503
35053.0,139.17659
35054.0,139.01744
35055.0,140.54112
35056.0,140.60475
35057.0,149.3339
35058.0,165.99307
35059.0,126.27243
35060.0,137.59196
35061.0,134.95888
35062.0,139.66444
35063.0,142.99777
35064.0,158.11266
35065.0,163.81458
35066.0,121.702095
35067.0,134.72057
35068.0,133.42363
35012.0,149.68625
35043.0,154.24196
35071.0,166.58405
35081.0,136.12923
35082.0,135.50003
35083.0,142.44673
35084.0,147.98158
35085.0,165.67276
35086.0,168.50537
35087.0,126.951965
35088.0,138.68086
35089.0,135.94696
35090.0,141.32588
35091.0,144.28279
35092.0,159.1863
35093.0,164.19376
35094.0,122.18521
35095.0,135.16206
35096.0,134.53764
35097.0,139.44237
35098.0,142.09549
35099.0,156.76076
35013.0,173.1048
35044.0,129.49619
35072.0,138.60318
35014.0,143.61871
35045.0,142.1929
35073.0,146.18839
35015.0,154.48424
35046.0,169.2156
35074.0,174.12943
35016.0,174.11151
35047.0,131.08652
35075.0,141.5084
35017.0,122.69098
35048.0,122.977425
35076.0,125.36523
35018.0,141.51552
35049.0,145.17299
35077.0,103.97819
35019.0,105.99118
35050.0,116.937584
35078.0,116.034004
35020.0,133.99324
35051.0,138.96373
35079.0,147.02734
35021.0,130.22595
35052.0,134.7892
35080.0,95.21447
35910.0,21.685762
35941.0,114.73198
35969.0,112.256035
35922.0,126.83973
35923.0,127.63383
35924.0,99.60229
35925.0,115.58822
35926.0,135.89767
35927.0,138.18497
35928.0,139.29953
35929.0,149.26888
35930.0,153.967
35931.0,120.28898
35932.0,130.73393
35933.0,131.70183
35934.0,136.79414
35935.0,137.78723
35936.0,146.15794
35937.0,149.08609
35938.0,116.24607
35939.0,129.365
35940.0,133.41743
35911.0,145.66414
35942.0,143.77237
35970.0,152.00568
35953.0,140.09196
35954.0,137.92732
35955.0,140.11446
35956.0,140.44757
35957.0,148.5187
35958.0,165.32756
35959.0,126.27243
35960.0,137.59196
35961.0,134.95888
35962.0,139.66444
35963.0,142.99777
35964.0,156.71329
35965.0,162.14497
35966.0,121.702095
35967.0,134.72057
35968.0,133.42363
35912.0,149.68625
35943.0,154.24196
35971.0,166.1311
35981.0,136.12923
35982.0,135.50003
35983.0,142.44673
35984.0,147.98158
35985.0,164.55974
35986.0,167.83986
35987.0,126.951965
35988.0,138.68086
35989.0,135.94696
35990.0,141.32588
35991.0,144.28279
35992.0,157.78693
35993.0,162.52415
35994.0,122.18521
35995.0,135.16206
35996.0,134.53764
35997.0,139.44237
35998.0,142.09549
35999.0,155.36139
35913.0,172.68808
35944.0,129.49619
35972.0,138.60318
35914.0,143.61871
35945.0,142.1929
35973.0,146.18839
35915.0,154.50606
35946.0,168.78452
35974.0,173.73453
35916.0,173.71661
35947.0,130.87326
35975.0,141.53023
35917.0,122.7128
35948.0,122.999245
35976.0,125.38705
35918.0,141.0626
35949.0,144.75627
35977.0,103.97819
35919.0,105.99118
35950.0,116.937584
35978.0,116.034004
35920.0,133.99324
35951.0,138.96373
35979.0,146.5744
35921.0,129.77301
35952.0,134.37248
35980.0,95.21447
36810.0,16.99896
36841.0,114.81916
36869.0,110.887245
36822.0,126.331764
36823.0,126.73745
36824.0,98.35419
36825.0,115.040474
36826.0,134.4993
36827.0,138.40512
36828.0,139.28192
36829.0,148.91287
36830.0,153.87129
36831.0,120.51913
36832.0,130.0298
36833.0,131.85927
36834.0,137.53157
36835.0,137.76962
36836.0,145.8278
36837.0,148.24478
36838.0,114.80519
36839.0,128.38104
36840.0,132.51393
36811.0,145.7523
36842.0,143.96646
36870.0,151.81158
36853.0,138.1566
36854.0,137.18214
36855.0,139.38527
36856.0,140.18353
36857.0,148.3577
36858.0,165.32756
36859.0,126.27515
36860.0,137.59467
36861.0,134.96158
36862.0,139.66714
36863.0,142.99777
36864.0,156.71329
36865.0,162.14497
36866.0,121.70481
36867.0,134.72327
36868.0,133.42633
36812.0,149.68896
36843.0,154.24196
36871.0,166.1311
36881.0,136.13193
36882.0,135.50273
36883.0,142.44943
36884.0,147.98158
36885.0,164.55974
36886.0,167.83986
36887.0,126.95468
36888.0,138.68356
36889.0,135.94966
36890.0,141.32858
36891.0,144.28279
36892.0,157.78693
36893.0,162.52415
36894.0,122.18793
36895.0,135.16476
36896.0,134.54034
36897.0,139.44507
36898.0,142.09549
36899.0,155.36139
36813.0,172.68808
36844.0,129.49889
36872.0,138.60588
36814.0,143.35568
36845.0,142.1956
36873.0,146.1911
36815.0,154.50606
36846.0,168.78452
36874.0,173.73453
36816.0,173.71661
36847.0,131.10818
36875.0,141.76515
36817.0,122.787125
36848.0,123.07357
36876.0,125.38705
36818.0,141.0626
36849.0,144.75627
36877.0,104.21313
36819.0,106.22612
36850.0,117.17252
36878.0,116.10833
36820.0,134.06755
36851.0,138.96373
36879.0,146.5744
36821.0,129.77301
36852.0,134.37248
36880.0,95.44941
37710.0,26.799042
37741.0,114.698654
37769.0,111.96922
37722.0,127.21608
37723.0,128.24272
37724.0,100.788666
37725.0,115.93355
37726.0,135.62076
37727.0,138.69888
37728.0,139.61206
37729.0,149.00826
37730.0,153.78252
37731.0,121.041176
37732.0,130.68187
37733.0,131.99098
37734.0,135.5412
37735.0,138.74771
37736.0,146.26485
37737.0,149.08609
37738.0,115.39297
37739.0,128.71404
37740.0,131.63934
37711.0,147.28539
37742.0,143.96646
37770.0,152.29868
37753.0,139.80247
37754.0,138.78352
37755.0,140.39656
37756.0,140.74458
37757.0,148.8453
37758.0,165.32756
37759.0,126.27515
37760.0,137.59467
37761.0,134.96158
37762.0,139.66714
37763.0,142.99777
37764.0,156.71329
37765.0,162.14497
37766.0,121.70481
37767.0,134.72327
37768.0,133.42633
37712.0,149.68896
37743.0,154.24196
37771.0,166.1311
37781.0,136.13193
37782.0,135.50273
37783.0,142.44943
37784.0,147.98158
37785.0,164.55974
37786.0,167.83986
37787.0,126.95468
37788.0,138.68356
37789.0,135.94966
37790.0,141.32858
37791.0,144.28279
37792.0,157.78693
37793.0,162.52415
37794.0,122.18793
37795.0,135.16476
37796.0,134.54034
37797.0,139.44507
37798.0,142.09549
37799.0,155.36139
37713.0,172.68808
37744.0,129.49889
37772.0,138.60588
37714.0,143.35568
37745.0,142.1956
37773.0,146.1911
37715.0,154.50606
37746.0,168.78452
37774.0,173.73453
37716.0,173.71661
37747.0,131.10818
37775.0,141.76515
37717.0,122.787125
37748.0,123.07357
37776.0,125.38705
37718.0,141.0626
37749.0,144.75627
37777.0,104.21313
37719.0,106.22612
37750.0,117.17252
37778.0,116.10833
37720.0,134.06755
37751.0,138.96373
37779.0,146.5744
37721.0,129.77301
37752.0,134.37248
37780.0,95.44941
38610.0,39.71617
38641.0,116.5529
38669.0,113.45402
38622.0,127.37452
38623.0,126.21605
38624.0,101.778595
38625.0,116.55755
38626.0,132.18463
38627.0,134.48969
38628.0,139.01534
38629.0,149.00826
38630.0,151.24768
38631.0,120.52287
38632.0,128.80507
38633.0,131.21808
38634.0,133.3672
38635.0,138.71942
38636.0,144.05325
38637.0,148.55203
38638.0,115.267204
38639.0,128.10736
38640.0,130.0584
38611.0,144.48048
38642.0,145.15689
38670.0,152.4495
38653.0,139.75563
38654.0,137.99417
38655.0,139.14789
38656.0,138.00705
38657.0,146.96526
38658.0,165.32756
38659.0,126.27515
38660.0,137.59467
38661.0,134.96158
38662.0,139.66714
38663.0,142.99777
38664.0,156.71329
38665.0,162.14497
38666.0,121.70481
38667.0,134.72327
38668.0,133.42633
38612.0,149.68896
38643.0,154.24196
38671.0,166.1311
38681.0,136.13193
38682.0,135.50273
38683.0,142.44943
38684.0,147.98158
38685.0,164.55974
38686.0,167.83986
38687.0,126.95468
38688.0,138.68356
38689.0,135.94966
38690.0,141.32858
38691.0,144.28279
38692.0,157.78693
38693.0,162.52415
38694.0,122.18793
38695.0,135.16476
38696.0,134.54034
38697.0,139.44507
38698.0,142.09549
38699.0,155.36139
38613.0,172.68808
38644.0,129.49889
38672.0,138.60588
38614.0,143.35568
38645.0,142.1956
38673.0,146.1911
38615.0,154.50606
38646.0,168.78452
38674.0,173.73453
38616.0,173.71661
38647.0,131.10818
38675.0,141.76515
38617.0,122.787125
38648.0,123.07357
38676.0,125.38705
38618.0,141.0626
38649.0,144.75627
38677.0,104.21313
38619.0,106.22612
38650.0,117.17252
38678.0,116.10833
38620.0,134.2484
38651.0,139.14458
38679.0,146.75525
38621.0,129.77301
38652.0,134.37248
38680.0,95.44941
39510.0,19.973383
39541.0,113.66984
39569.0,109.61638
39522.0,125.23519
39523.0,125.79624
39524.0,98.54893
39525.0,116.73487
39526.0,135.76953
39527.0,138.08852
39528.0,139.03793
39529.0,148.56093
39530.0,153.16335
39531.0,120.230125
39532.0,129.94931
39533.0,132.38152
39534.0,137.80107
39535.0,137.86398
39536.0,145.5107
39537.0,147.53687
39538.0,115.10398
39539.0,128.03136
39540.0,131.77425
39511.0,145.82997
39542.0,143.1658
39570.0,151.53757
39553.0,138.73033
39554.0,137.79918
39555.0,139.41219
39556.0,140.30765
39557.0,148.23132
39558.0,165.41348
39559.0,126.36108
39560.0,137.68059
39561.0,135.0475
39562.0,139.75307
39563.0,143.0837
39564.0,156.79921
39565.0,162.14497
39566.0,121.70481
39567.0,134.72327
39568.0,133.42633
39512.0,149.77489
39543.0,154.32788
39571.0,166.21703
39581.0,136.21785
39582.0,135.58865
39583.0,142.53535
39584.0,148.0675
39585.0,164.64566
39586.0,167.92578
39587.0,127.04061
39588.0,138.76949
39589.0,136.03558
39590.0,141.4145
39591.0,144.36871
39592.0,157.47278
39593.0,162.12408
39594.0,121.78786
39595.0,134.7647
39596.0,134.14027
39597.0,139.045
39598.0,141.69542
39599.0,154.96132
39513.0,172.774
39544.0,129.58481
39572.0,138.6918
39514.0,143.4416
39545.0,142.28152
39573.0,146.27702
39515.0,154.59198
39546.0,168.87044
39574.0,173.82045
39516.0,173.80254
39547.0,131.1941
39575.0,141.85107
39517.0,122.873055
39548.0,123.1595
39576.0,125.47298
39518.0,141.14853
39549.0,144.8422
39577.0,104.29906
39519.0,106.25809
39550.0,117.20449
39578.0,116.1403
39520.0,134.28036
39551.0,139.17654
39579.0,146.78722
39521.0,129.80498
39552.0,134.40445
39580.0,95.48138
40410.0,56.417088
40441.0,115.63039
40469.0,114.18953
40422.0,127.5898
40423.0,128.45212
40424.0,102.13936
40425.0,122.38486
40426.0,131.27718
40427.0,128.61047
40428.0,136.93143
40429.0,143.40437
40430.0,147.14053
40431.0,116.35806
40432.0,126.50676
40433.0,123.38068
40434.0,131.12233
40435.0,135.26599
40436.0,140.70312
40437.0,144.65382
40438.0,111.67383
40439.0,124.87259
40440.0,127.936615
40411.0,142.97437
40442.0,143.19472
40470.0,147.59196
40453.0,138.09198
40454.0,133.14133
40455.0,134.68967
40456.0,136.28311
40457.0,144.23497
40458.0,166.16911
40459.0,127.02299
40460.0,138.3425
40461.0,135.70941
40462.0,140.41498
40463.0,143.75528
40464.0,157.48508
40465.0,162.83084
40466.0,122.36672
40467.0,135.48325
40468.0,134.18631
40412.0,150.43678
40443.0,154.98978
40471.0,166.96297
40481.0,136.87976
40482.0,136.25056
40483.0,143.19727
40484.0,148.73909
40485.0,165.40129
40486.0,168.68141
40487.0,127.70261
40488.0,139.4314
40489.0,136.6975
40490.0,142.07642
40491.0,145.0403
40492.0,158.15865
40493.0,162.80995
40494.0,122.44978
40495.0,135.52467
40496.0,134.90025
40497.0,139.9064
40498.0,142.5665
40499.0,155.28372
40413.0,173.37033
40444.0,130.24672
40472.0,139.35371
40414.0,144.10352
40445.0,142.94344
40473.0,146.93893
40415.0,155.36005
40446.0,169.72255
40474.0,174.67256
40416.0,174.50502
40447.0,131.99107
40475.0,142.64804
40417.0,123.6522
40448.0,123.58437
40476.0,125.89784
40418.0,141.48468
40449.0,145.32797
40477.0,105.05025
40419.0,107.00928
40450.0,117.95568
40478.0,116.89149
40420.0,135.03156
40451.0,139.92773
40479.0,147.273
40421.0,130.14113
40452.0,134.89023
40480.0,96.56817
41310.0,44.500736
41341.0,115.91776
41369.0,112.27948
41322.0,124.89573
41323.0,126.325806
41324.0,105.25355
41325.0,116.97967
41326.0,132.14427
41327.0,134.37518
41328.0,137.90047
41329.0,145.39732
41330.0,150.55057
41331.0,119.317345
41332.0,129.05618
41333.0,128.80159
41334.0,134.26921
41335.0,137.48296
41336.0,143.42282
41337.0,146.92885
41338.0,114.22411
41339.0,125.727646
41340.0,128.1862
41311.0,144.68163
41342.0,144.16768
41370.0,148.90546
41353.0,138.23784
41354.0,136.946
41355.0,135.50737
41356.0,135.10358
41357.0,142.79237
41358.0,165.69618
41359.0,127.1706
41360.0,138.49011
41361.0,135.85703
41362.0,140.84329
41363.0,143.5211
41364.0,157.25237
41365.0,162.03082
41366.0,122.609924
41367.0,135.72644
41368.0,134.4295
41312.0,150.61726
41343.0,154.69287
41371.0,166.4146
41381.0,137.10344
41382.0,136.47424
41383.0,143.36153
41384.0,148.42598
41385.0,164.90031
41386.0,168.14906
41387.0,127.85022
41388.0,139.57901
41389.0,136.84511
41390.0,142.44531
41391.0,144.7467
41392.0,157.86652
41393.0,161.95052
41394.0,122.63798
41395.0,135.71286
41396.0,135.08844
41397.0,140.09459
41398.0,142.33232
41399.0,155.4598
41313.0,172.28055
41344.0,130.44089
41372.0,139.54788
41314.0,144.29768
41345.0,143.1376
41373.0,147.1331
41315.0,155.09999
41346.0,169.28409
41374.0,173.18288
41316.0,172.76257
41347.0,132.6279
41375.0,143.04979
41317.0,123.81012
41348.0,123.74229
41376.0,125.28346
41318.0,141.25832
41349.0,144.22147
41377.0,105.46238
41319.0,106.84062
41350.0,117.78701
41378.0,116.72282
41320.0,134.8336
41351.0,138.95752
41379.0,146.22627
41321.0,128.7214
41352.0,132.44518
41380.0,95.847664
42210.0,16.462934
42241.0,112.3558
42269.0,109.27993
42222.0,122.685974
42223.0,123.97769
42224.0,97.9317
42225.0,114.24616
42226.0,131.95955
42227.0,135.44502
42228.0,136.13081
42229.0,145.22359
42230.0,151.44604
42231.0,119.1931
42232.0,128.50708
42233.0,129.16415
42234.0,133.96797
42235.0,133.8404
42236.0,142.76134
42237.0,145.48563
42238.0,113.51185
42239.0,126.63887
42240.0,130.00868
42211.0,144.30505
42242.0,141.02348
42270.0,148.35231
42253.0,136.52013
42254.0,134.83244
42255.0,136.25139
42256.0,137.22037
42257.0,144.80496
42258.0,165.16977
42259.0,125.42833
42260.0,136.88368
42261.0,134.2506
42262.0,139.23686
42263.0,142.4295
42264.0,156.16077
42265.0,161.50441
42266.0,121.00351
42267.0,135.01443
42268.0,133.7175
42212.0,149.71753
42243.0,153.74437
42271.0,165.46603
42281.0,135.24158
42282.0,134.61238
42283.0,141.49966
42284.0,147.21487
42285.0,163.68921
42286.0,167.62265
42287.0,125.99615
42288.0,137.86082
42289.0,135.12692
42290.0,140.72713
42291.0,143.54335
42292.0,156.66316
42293.0,161.31235
42294.0,120.91979
42295.0,134.8891
42296.0,134.26468
42297.0,139.32648
42298.0,142.07904
42299.0,155.14774
42213.0,171.89722
42244.0,129.54118
42272.0,138.64818
42214.0,143.39798
42245.0,142.2379
42273.0,146.23338
42215.0,154.03745
42246.0,168.22154
42274.0,172.81952
42216.0,172.39922
42247.0,131.62204
42275.0,142.04393
42217.0,123.31121
42248.0,123.2434
42276.0,124.727936
42218.0,140.58543
42249.0,144.24777
42277.0,104.86005
42219.0,106.23827
42250.0,117.18468
42278.0,116.12048
42220.0,135.00253
42251.0,139.05586
42279.0,146.32462
42221.0,128.2772
42252.0,132.47148
42280.0,95.283905
43110.0,38.229218
43141.0,115.374565
43169.0,112.36804
43122.0,124.8546
43123.0,127.06049
43124.0,99.93418
43125.0,117.57098
43126.0,130.556
43127.0,132.08311
43128.0,137.02548
43129.0,145.37227
43130.0,151.55136
43131.0,115.30813
43132.0,128.25314
43133.0,126.79591
43134.0,132.01604
43135.0,134.79129
43136.0,143.07768
43137.0,144.95615
43138.0,115.33772
43139.0,127.049324
43140.0,128.97786
43111.0,144.45753
43142.0,142.51604
43170.0,149.10786
43153.0,137.35727
43154.0,136.17989
43155.0,134.05006
43156.0,136.0168
43157.0,143.08763
43158.0,165.16977
43159.0,125.42833
43160.0,136.88368
43161.0,134.2506
43162.0,139.23686
43163.0,142.4295
43164.0,156.16077
43165.0,161.50441
43166.0,121.00351
43167.0,135.01443
43168.0,133.7175
43112.0,149.71753
43143.0,153.74437
43171.0,165.46603
43181.0,135.24158
43182.0,134.61238
43183.0,141.49966
43184.0,147.21487
43185.0,163.68921
43186.0,167.62265
43187.0,125.99615
43188.0,137.86082
43189.0,135.12692
43190.0,140.72713
43191.0,143.54335
43192.0,156.66316
43193.0,161.31235
43194.0,120.91979
43195.0,134.8891
43196.0,134.26468
43197.0,139.32648
43198.0,142.07904
43199.0,155.14774
43113.0,171.89722
43144.0,129.54118
43172.0,138.64818
43114.0,143.39798
43145.0,142.2379
43173.0,146.23338
43115.0,154.03745
43146.0,168.22154
43174.0,172.81952
43116.0,172.39922
43147.0,131.62204
43175.0,142.04393
43117.0,123.31121
43148.0,123.2434
43176.0,124.727936
43118.0,140.58543
43149.0,144.24777
43177.0,104.86005
43119.0,106.23827
43150.0,117.18468
43178.0,116.12048
43120.0,135.00253
43151.0,139.05586
43179.0,146.32462
43121.0,128.2772
43152.0,132.47148
43180.0,95.283905
44010.0,19.86606
44041.0,113.64679
44069.0,109.28751
44022.0,123.604294
44023.0,123.82522
44024.0,100.07862
44025.0,115.24098
44026.0,131.95955
44027.0,136.33865
44028.0,136.26686
44029.0,145.59993
44030.0,151.30997
44031.0,118.71178
44032.0,128.24591
44033.0,128.93228
44034.0,134.63182
44035.0,134.17053
44036.0,142.80754
44037.0,145.48563
44038.0,113.90021
44039.0,126.88829
44040.0,131.52003
44011.0,144.30505
44042.0,140.58766
44070.0,148.15822
44053.0,136.71419
44054.0,134.99345
44055.0,136.73848
44056.0,138.31412
44057.0,145.51239
44058.0,165.16977
44059.0,125.42833
44060.0,136.88368
44061.0,134.2506
44062.0,139.23686
44063.0,142.4295
44064.0,156.16077
44065.0,161.50441
44066.0,121.00351
44067.0,135.01443
44068.0,133.7175
44012.0,149.71753
44043.0,153.74437
44071.0,165.46603
44081.0,135.24158
44082.0,134.61238
44083.0,141.49966
44084.0,147.21487
44085.0,163.68921
44086.0,167.62265
44087.0,125.99615
44088.0,137.86082
44089.0,135.12692
44090.0,140.72713
44091.0,143.54335
44092.0,156.66316
44093.0,161.31235
44094.0,120.91979
44095.0,134.8891
44096.0,134.26468
44097.0,139.32648
44098.0,142.07904
44099.0,154.98059
44013.0,171.89722
44044.0,129.54118
44072.0,138.64818
44014.0,143.39798
44045.0,142.2379
44073.0,146.23338
44015.0,154.00076
44046.0,168.11182
44074.0,172.7098
44016.0,172.833
44047.0,131.58536
44075.0,142.00725
44017.0,123.24566
44048.0,123.17785
44076.0,124.6624
44018.0,140.58543
44049.0,144.24777
44077.0,104.86005
44019.0,106.23827
44050.0,117.18468
44078.0,116.12048
44020.0,135.00253
44051.0,139.05586
44079.0,146.32462
44021.0,128.32806
44052.0,132.47148
44080.0,95.283905
44910.0,51.98008
44941.0,115.0014
44969.0,113.669655
44922.0,124.306305
44923.0,127.01323
44924.0,97.34743
44925.0,121.04421
44926.0,127.87732
44927.0,130.64655
44928.0,134.0124
44929.0,141.49182
44930.0,147.25938
44931.0,114.978714
44932.0,125.16284
44933.0,128.42226
44934.0,128.36354
44935.0,132.74875
44936.0,140.63754
44937.0,144.62349
44938.0,112.71941
44939.0,124.494965
44940.0,125.58635
44911.0,142.00359
44942.0,141.09874
44970.0,149.11469
44953.0,135.86252
44954.0,132.09633
44955.0,132.96739
44956.0,136.44986
44957.0,140.91725
44958.0,164.84035
44959.0,125.10638
44960.0,136.56174
44961.0,133.92865
44962.0,138.91492
44963.0,142.10008
44964.0,155.83134
44965.0,161.17499
44966.0,120.68156
44967.0,134.69249
44968.0,133.39555
44912.0,149.62534
44943.0,153.64467
44971.0,165.36636
44981.0,134.91963
44982.0,134.29044
44983.0,141.17772
44984.0,146.88545
44985.0,163.35979
44986.0,167.29323
44987.0,125.674194
44988.0,137.53888
44989.0,134.80498
44990.0,140.40518
44991.0,143.21393
44992.0,156.33374
44993.0,160.98293
44994.0,120.59784
44995.0,134.56715
44996.0,133.94273
44997.0,139.00453
44998.0,141.74962
44999.0,154.65117
44913.0,171.83548
44944.0,129.48692
44972.0,138.59392
44914.0,143.34372
44945.0,142.18364
44973.0,146.17912
44915.0,153.93903
44946.0,168.05008
44974.0,172.64806
44916.0,173.09032
44947.0,131.85016
44975.0,142.27205
44917.0,123.15009
44948.0,123.08228
44976.0,124.55935
44918.0,140.58543
44949.0,144.24777
44977.0,104.86753
44919.0,106.238014
44950.0,117.18442
44978.0,116.120224
44920.0,135.01942
44951.0,139.05586
44979.0,146.32462
44921.0,128.32806
44952.0,132.47148
44980.0,95.300804
